p_O_demethylation,p_aldehyde_oxidation,p_aromatic_hydroxylation,p_decarboxylation,p_deglycosylation,p_desulfation,p_ester_hydrolysis,p_methylation,p_reduction,p_ring_cleavage,p_side_chain_cleavage,p_none,compound_id
0.0,0.0,0.547232178722703,0.0,0.0,0.5448951423349553,0.0,0.6340098899567757,0.0,0.7947167666395549,0.0,0.4730165867864474,H01
0.0,0.0,0.547232178722703,0.0,0.0,0.5448951423349553,0.0,0.6340098899567757,0.0,0.7947167666395549,0.0,0.4730165867864474,H01
0.0,0.0,0.547232178722703,0.0,0.0,0.5448951423349553,0.0,0.6340098899567757,0.0,0.7947167666395549,0.0,0.4730165867864474,H01
0.6494261331966023,0.2124405038349902,0.37503726150943817,0.02440969336471296,0.022845994572278414,0.49687327219310373,0.0,0.0,0.002128148400272292,0.14336454208154667,0.14873938990405652,0.33880884580547205,H02
0.6494261331966023,0.2124405038349902,0.37503726150943817,0.02440969336471296,0.022845994572278414,0.49687327219310373,0.0,0.0,0.002128148400272292,0.14336454208154667,0.14873938990405652,0.33880884580547205,H02
0.6494261331966023,0.2124405038349902,0.37503726150943817,0.02440969336471296,0.022845994572278414,0.49687327219310373,0.0,0.0,0.002128148400272292,0.14336454208154667,0.14873938990405652,0.33880884580547205,H02
0.901203636980927,0.0,0.5212169031169916,0.07384459782645467,0.0,0.0,0.0,0.0,0.0,0.0,0.6998906227164582,0.32628238284624644,H03
0.901203636980927,0.0,0.5212169031169916,0.07384459782645467,0.0,0.0,0.0,0.0,0.0,0.0,0.6998906227164582,0.32628238284624644,H03
0.901203636980927,0.0,0.5212169031169916,0.07384459782645467,0.0,0.0,0.0,0.0,0.0,0.0,0.6998906227164582,0.32628238284624644,H03
0.84617801712871,0.9756101816365319,0.599027328823188,0.0,0.0,0.0,0.0,0.0,0.0,0.0010054347826086957,0.0,0.17107501031929595,H04
0.84617801712871,0.9756101816365319,0.599027328823188,0.0,0.0,0.0,0.0,0.0,0.0,0.0010054347826086957,0.0,0.17107501031929595,H04
0.84617801712871,0.9756101816365319,0.599027328823188,0.0,0.0,0.0,0.0,0.0,0.0,0.0010054347826086957,0.0,0.17107501031929595,H04
0.0,0.0,0.7387293126938106,0.0,0.0,0.0,0.9693255027805262,0.8509879411457072,0.46441000585188447,0.7462299669636328,0.8211276620329709,0.059568498988427775,H05
0.0,0.0,0.7387293126938106,0.0,0.0,0.0,0.9693255027805262,0.8509879411457072,0.46441000585188447,0.7462299669636328,0.8211276620329709,0.059568498988427775,H05
0.0,0.0,0.7387293126938106,0.0,0.0,0.0,0.9693255027805262,0.8509879411457072,0.46441000585188447,0.7462299669636328,0.8211276620329709,0.059568498988427775,H05
0.0,0.1632392552176672,0.13914810989244877,0.017106801578473517,0.12328076076465148,0.010634843359519268,0.0,0.0,0.09273546474735328,0.04488617100801276,0.23066510921278213,0.6230360700514845,H06
0.0,0.1632392552176672,0.13914810989244877,0.017106801578473517,0.12328076076465148,0.010634843359519268,0.0,0.0,0.09273546474735328,0.04488617100801276,0.23066510921278213,0.6230360700514845,H06
0.0,0.1632392552176672,0.13914810989244877,0.017106801578473517,0.12328076076465148,0.010634843359519268,0.0,0.0,0.09273546474735328,0.04488617100801276,0.23066510921278213,0.6230360700514845,H06
0.0,0.0,0.547232178722703,0.0,0.0,0.5448951423349553,0.0,0.6340098899567757,0.0,0.7947167666395549,0.0,0.4730165867864474,H01
0.0,0.0,0.547232178722703,0.0,0.0,0.5448951423349553,0.0,0.6340098899567757,0.0,0.7947167666395549,0.0,0.4730165867864474,H01
0.0,0.0,0.547232178722703,0.0,0.0,0.5448951423349553,0.0,0.6340098899567757,0.0,0.7947167666395549,0.0,0.4730165867864474,H01
0.6494261331966023,0.2124405038349902,0.37503726150943817,0.02440969336471296,0.022845994572278414,0.49687327219310373,0.0,0.0,0.002128148400272292,0.14336454208154667,0.14873938990405652,0.33880884580547205,H02
0.6494261331966023,0.2124405038349902,0.37503726150943817,0.02440969336471296,0.022845994572278414,0.49687327219310373,0.0,0.0,0.002128148400272292,0.14336454208154667,0.14873938990405652,0.33880884580547205,H02
0.6494261331966023,0.2124405038349902,0.37503726150943817,0.02440969336471296,0.022845994572278414,0.49687327219310373,0.0,0.0,0.002128148400272292,0.14336454208154667,0.14873938990405652,0.33880884580547205,H02
0.901203636980927,0.0,0.5212169031169916,0.07384459782645467,0.0,0.0,0.0,0.0,0.0,0.0,0.6998906227164582,0.32628238284624644,H03
0.901203636980927,0.0,0.5212169031169916,0.07384459782645467,0.0,0.0,0.0,0.0,0.0,0.0,0.6998906227164582,0.32628238284624644,H03
0.901203636980927,0.0,0.5212169031169916,0.07384459782645467,0.0,0.0,0.0,0.0,0.0,0.0,0.6998906227164582,0.32628238284624644,H03
0.84617801712871,0.9756101816365319,0.599027328823188,0.0,0.0,0.0,0.0,0.0,0.0,0.0010054347826086957,0.0,0.17107501031929595,H04
0.84617801712871,0.9756101816365319,0.599027328823188,0.0,0.0,0.0,0.0,0.0,0.0,0.0010054347826086957,0.0,0.17107501031929595,H04
0.84617801712871,0.9756101816365319,0.599027328823188,0.0,0.0,0.0,0.0,0.0,0.0,0.0010054347826086957,0.0,0.17107501031929595,H04
0.0,0.0,0.7387293126938106,0.0,0.0,0.0,0.9693255027805262,0.8509879411457072,0.46441000585188447,0.7462299669636328,0.8211276620329709,0.059568498988427775,H05
0.0,0.0,0.7387293126938106,0.0,0.0,0.0,0.9693255027805262,0.8509879411457072,0.46441000585188447,0.7462299669636328,0.8211276620329709,0.059568498988427775,H05
0.0,0.0,0.7387293126938106,0.0,0.0,0.0,0.9693255027805262,0.8509879411457072,0.46441000585188447,0.7462299669636328,0.8211276620329709,0.059568498988427775,H05
0.0,0.1632392552176672,0.13914810989244877,0.017106801578473517,0.12328076076465148,0.010634843359519268,0.0,0.0,0.09273546474735328,0.04488617100801276,0.23066510921278213,0.6230360700514845,H06
0.0,0.1632392552176672,0.13914810989244877,0.017106801578473517,0.12328076076465148,0.010634843359519268,0.0,0.0,0.09273546474735328,0.04488617100801276,0.23066510921278213,0.6230360700514845,H06
0.0,0.1632392552176672,0.13914810989244877,0.017106801578473517,0.12328076076465148,0.010634843359519268,0.0,0.0,0.09273546474735328,0.04488617100801276,0.23066510921278213,0.6230360700514845,H06
0.0,0.0,0.547232178722703,0.0,0.0,0.5448951423349553,0.0,0.6340098899567757,0.0,0.7947167666395549,0.0,0.4730165867864474,H01
0.0,0.0,0.547232178722703,0.0,0.0,0.5448951423349553,0.0,0.6340098899567757,0.0,0.7947167666395549,0.0,0.4730165867864474,H01
0.0,0.0,0.547232178722703,0.0,0.0,0.5448951423349553,0.0,0.6340098899567757,0.0,0.7947167666395549,0.0,0.4730165867864474,H01
0.6494261331966023,0.2124405038349902,0.37503726150943817,0.02440969336471296,0.022845994572278414,0.49687327219310373,0.0,0.0,0.002128148400272292,0.14336454208154667,0.14873938990405652,0.33880884580547205,H02
0.6494261331966023,0.2124405038349902,0.37503726150943817,0.02440969336471296,0.022845994572278414,0.49687327219310373,0.0,0.0,0.002128148400272292,0.14336454208154667,0.14873938990405652,0.33880884580547205,H02
0.6494261331966023,0.2124405038349902,0.37503726150943817,0.02440969336471296,0.022845994572278414,0.49687327219310373,0.0,0.0,0.002128148400272292,0.14336454208154667,0.14873938990405652,0.33880884580547205,H02
0.901203636980927,0.0,0.5212169031169916,0.07384459782645467,0.0,0.0,0.0,0.0,0.0,0.0,0.6998906227164582,0.32628238284624644,H03
0.901203636980927,0.0,0.5212169031169916,0.07384459782645467,0.0,0.0,0.0,0.0,0.0,0.0,0.6998906227164582,0.32628238284624644,H03
0.901203636980927,0.0,0.5212169031169916,0.07384459782645467,0.0,0.0,0.0,0.0,0.0,0.0,0.6998906227164582,0.32628238284624644,H03
0.84617801712871,0.9756101816365319,0.599027328823188,0.0,0.0,0.0,0.0,0.0,0.0,0.0010054347826086957,0.0,0.17107501031929595,H04
0.84617801712871,0.9756101816365319,0.599027328823188,0.0,0.0,0.0,0.0,0.0,0.0,0.0010054347826086957,0.0,0.17107501031929595,H04
0.84617801712871,0.9756101816365319,0.599027328823188,0.0,0.0,0.0,0.0,0.0,0.0,0.0010054347826086957,0.0,0.17107501031929595,H04
0.0,0.0,0.7387293126938106,0.0,0.0,0.0,0.9693255027805262,0.8509879411457072,0.46441000585188447,0.7462299669636328,0.8211276620329709,0.059568498988427775,H05
0.0,0.0,0.7387293126938106,0.0,0.0,0.0,0.9693255027805262,0.8509879411457072,0.46441000585188447,0.7462299669636328,0.8211276620329709,0.059568498988427775,H05
0.0,0.0,0.7387293126938106,0.0,0.0,0.0,0.9693255027805262,0.8509879411457072,0.46441000585188447,0.7462299669636328,0.8211276620329709,0.059568498988427775,H05
0.0,0.1632392552176672,0.13914810989244877,0.017106801578473517,0.12328076076465148,0.010634843359519268,0.0,0.0,0.09273546474735328,0.04488617100801276,0.23066510921278213,0.6230360700514845,H06
0.0,0.1632392552176672,0.13914810989244877,0.017106801578473517,0.12328076076465148,0.010634843359519268,0.0,0.0,0.09273546474735328,0.04488617100801276,0.23066510921278213,0.6230360700514845,H06
0.0,0.1632392552176672,0.13914810989244877,0.017106801578473517,0.12328076076465148,0.010634843359519268,0.0,0.0,0.09273546474735328,0.04488617100801276,0.23066510921278213,0.6230360700514845,H06
0.0,0.0,0.547232178722703,0.0,0.0,0.5448951423349553,0.0,0.6340098899567757,0.0,0.7947167666395549,0.0,0.4730165867864474,H01
0.0,0.0,0.547232178722703,0.0,0.0,0.5448951423349553,0.0,0.6340098899567757,0.0,0.7947167666395549,0.0,0.4730165867864474,H01
0.0,0.0,0.547232178722703,0.0,0.0,0.5448951423349553,0.0,0.6340098899567757,0.0,0.7947167666395549,0.0,0.4730165867864474,H01
0.6494261331966023,0.2124405038349902,0.37503726150943817,0.02440969336471296,0.022845994572278414,0.49687327219310373,0.0,0.0,0.002128148400272292,0.14336454208154667,0.14873938990405652,0.33880884580547205,H02
0.6494261331966023,0.2124405038349902,0.37503726150943817,0.02440969336471296,0.022845994572278414,0.49687327219310373,0.0,0.0,0.002128148400272292,0.14336454208154667,0.14873938990405652,0.33880884580547205,H02
0.6494261331966023,0.2124405038349902,0.37503726150943817,0.02440969336471296,0.022845994572278414,0.49687327219310373,0.0,0.0,0.002128148400272292,0.14336454208154667,0.14873938990405652,0.33880884580547205,H02
0.901203636980927,0.0,0.5212169031169916,0.07384459782645467,0.0,0.0,0.0,0.0,0.0,0.0,0.6998906227164582,0.32628238284624644,H03
0.901203636980927,0.0,0.5212169031169916,0.07384459782645467,0.0,0.0,0.0,0.0,0.0,0.0,0.6998906227164582,0.32628238284624644,H03
0.901203636980927,0.0,0.5212169031169916,0.07384459782645467,0.0,0.0,0.0,0.0,0.0,0.0,0.6998906227164582,0.32628238284624644,H03
0.84617801712871,0.9756101816365319,0.599027328823188,0.0,0.0,0.0,0.0,0.0,0.0,0.0010054347826086957,0.0,0.17107501031929595,H04
0.84617801712871,0.9756101816365319,0.599027328823188,0.0,0.0,0.0,0.0,0.0,0.0,0.0010054347826086957,0.0,0.17107501031929595,H04
0.84617801712871,0.9756101816365319,0.599027328823188,0.0,0.0,0.0,0.0,0.0,0.0,0.0010054347826086957,0.0,0.17107501031929595,H04
0.0,0.0,0.7387293126938106,0.0,0.0,0.0,0.9693255027805262,0.8509879411457072,0.46441000585188447,0.7462299669636328,0.8211276620329709,0.059568498988427775,H05
0.0,0.0,0.7387293126938106,0.0,0.0,0.0,0.9693255027805262,0.8509879411457072,0.46441000585188447,0.7462299669636328,0.8211276620329709,0.059568498988427775,H05
0.0,0.0,0.7387293126938106,0.0,0.0,0.0,0.9693255027805262,0.8509879411457072,0.46441000585188447,0.7462299669636328,0.8211276620329709,0.059568498988427775,H05
0.0,0.1632392552176672,0.13914810989244877,0.017106801578473517,0.12328076076465148,0.010634843359519268,0.0,0.0,0.09273546474735328,0.04488617100801276,0.23066510921278213,0.6230360700514845,H06
0.0,0.1632392552176672,0.13914810989244877,0.017106801578473517,0.12328076076465148,0.010634843359519268,0.0,0.0,0.09273546474735328,0.04488617100801276,0.23066510921278213,0.6230360700514845,H06
0.0,0.1632392552176672,0.13914810989244877,0.017106801578473517,0.12328076076465148,0.010634843359519268,0.0,0.0,0.09273546474735328,0.04488617100801276,0.23066510921278213,0.6230360700514845,H06
0.0,0.0,0.547232178722703,0.0,0.0,0.5448951423349553,0.0,0.6340098899567757,0.0,0.7947167666395549,0.0,0.4730165867864474,H01
0.0,0.0,0.547232178722703,0.0,0.0,0.5448951423349553,0.0,0.6340098899567757,0.0,0.7947167666395549,0.0,0.4730165867864474,H01
0.0,0.0,0.547232178722703,0.0,0.0,0.5448951423349553,0.0,0.6340098899567757,0.0,0.7947167666395549,0.0,0.4730165867864474,H01
0.6494261331966023,0.2124405038349902,0.37503726150943817,0.02440969336471296,0.022845994572278414,0.49687327219310373,0.0,0.0,0.002128148400272292,0.14336454208154667,0.14873938990405652,0.33880884580547205,H02
0.6494261331966023,0.2124405038349902,0.37503726150943817,0.02440969336471296,0.022845994572278414,0.49687327219310373,0.0,0.0,0.002128148400272292,0.14336454208154667,0.14873938990405652,0.33880884580547205,H02
0.6494261331966023,0.2124405038349902,0.37503726150943817,0.02440969336471296,0.022845994572278414,0.49687327219310373,0.0,0.0,0.002128148400272292,0.14336454208154667,0.14873938990405652,0.33880884580547205,H02
0.901203636980927,0.0,0.5212169031169916,0.07384459782645467,0.0,0.0,0.0,0.0,0.0,0.0,0.6998906227164582,0.32628238284624644,H03
0.901203636980927,0.0,0.5212169031169916,0.07384459782645467,0.0,0.0,0.0,0.0,0.0,0.0,0.6998906227164582,0.32628238284624644,H03
0.901203636980927,0.0,0.5212169031169916,0.07384459782645467,0.0,0.0,0.0,0.0,0.0,0.0,0.6998906227164582,0.32628238284624644,H03
0.84617801712871,0.9756101816365319,0.599027328823188,0.0,0.0,0.0,0.0,0.0,0.0,0.0010054347826086957,0.0,0.17107501031929595,H04
0.84617801712871,0.9756101816365319,0.599027328823188,0.0,0.0,0.0,0.0,0.0,0.0,0.0010054347826086957,0.0,0.17107501031929595,H04
0.84617801712871,0.9756101816365319,0.599027328823188,0.0,0.0,0.0,0.0,0.0,0.0,0.0010054347826086957,0.0,0.17107501031929595,H04
0.0,0.0,0.7387293126938106,0.0,0.0,0.0,0.9693255027805262,0.8509879411457072,0.46441000585188447,0.7462299669636328,0.8211276620329709,0.059568498988427775,H05
0.0,0.0,0.7387293126938106,0.0,0.0,0.0,0.9693255027805262,0.8509879411457072,0.46441000585188447,0.7462299669636328,0.8211276620329709,0.059568498988427775,H05
0.0,0.0,0.7387293126938106,0.0,0.0,0.0,0.9693255027805262,0.8509879411457072,0.46441000585188447,0.7462299669636328,0.8211276620329709,0.059568498988427775,H05
0.0,0.1632392552176672,0.13914810989244877,0.017106801578473517,0.12328076076465148,0.010634843359519268,0.0,0.0,0.09273546474735328,0.04488617100801276,0.23066510921278213,0.6230360700514845,H06
0.0,0.1632392552176672,0.13914810989244877,0.017106801578473517,0.12328076076465148,0.010634843359519268,0.0,0.0,0.09273546474735328,0.04488617100801276,0.23066510921278213,0.6230360700514845,H06
0.0,0.1632392552176672,0.13914810989244877,0.017106801578473517,0.12328076076465148,0.010634843359519268,0.0,0.0,0.09273546474735328,0.04488617100801276,0.23066510921278213,0.6230360700514845,H06
0.0,0.0,0.547232178722703,0.0,0.0,0.5448951423349553,0.0,0.6340098899567757,0.0,0.7947167666395549,0.0,0.4730165867864474,H01
0.0,0.0,0.547232178722703,0.0,0.0,0.5448951423349553,0.0,0.6340098899567757,0.0,0.7947167666395549,0.0,0.4730165867864474,H01
0.0,0.0,0.547232178722703,0.0,0.0,0.5448951423349553,0.0,0.6340098899567757,0.0,0.7947167666395549,0.0,0.4730165867864474,H01
0.6494261331966023,0.2124405038349902,0.37503726150943817,0.02440969336471296,0.022845994572278414,0.49687327219310373,0.0,0.0,0.002128148400272292,0.14336454208154667,0.14873938990405652,0.33880884580547205,H02
0.6494261331966023,0.2124405038349902,0.37503726150943817,0.02440969336471296,0.022845994572278414,0.49687327219310373,0.0,0.0,0.002128148400272292,0.14336454208154667,0.14873938990405652,0.33880884580547205,H02
0.6494261331966023,0.2124405038349902,0.37503726150943817,0.02440969336471296,0.022845994572278414,0.49687327219310373,0.0,0.0,0.002128148400272292,0.14336454208154667,0.14873938990405652,0.33880884580547205,H02
0.901203636980927,0.0,0.5212169031169916,0.07384459782645467,0.0,0.0,0.0,0.0,0.0,0.0,0.6998906227164582,0.32628238284624644,H03
0.901203636980927,0.0,0.5212169031169916,0.07384459782645467,0.0,0.0,0.0,0.0,0.0,0.0,0.6998906227164582,0.32628238284624644,H03
0.901203636980927,0.0,0.5212169031169916,0.07384459782645467,0.0,0.0,0.0,0.0,0.0,0.0,0.6998906227164582,0.32628238284624644,H03
0.84617801712871,0.9756101816365319,0.599027328823188,0.0,0.0,0.0,0.0,0.0,0.0,0.0010054347826086957,0.0,0.17107501031929595,H04
0.84617801712871,0.9756101816365319,0.599027328823188,0.0,0.0,0.0,0.0,0.0,0.0,0.0010054347826086957,0.0,0.17107501031929595,H04
0.84617801712871,0.9756101816365319,0.599027328823188,0.0,0.0,0.0,0.0,0.0,0.0,0.0010054347826086957,0.0,0.17107501031929595,H04
0.0,0.0,0.7387293126938106,0.0,0.0,0.0,0.9693255027805262,0.8509879411457072,0.46441000585188447,0.7462299669636328,0.8211276620329709,0.059568498988427775,H05
0.0,0.0,0.7387293126938106,0.0,0.0,0.0,0.9693255027805262,0.8509879411457072,0.46441000585188447,0.7462299669636328,0.8211276620329709,0.059568498988427775,H05
0.0,0.0,0.7387293126938106,0.0,0.0,0.0,0.9693255027805262,0.8509879411457072,0.46441000585188447,0.7462299669636328,0.8211276620329709,0.059568498988427775,H05
0.0,0.1632392552176672,0.13914810989244877,0.017106801578473517,0.12328076076465148,0.010634843359519268,0.0,0.0,0.09273546474735328,0.04488617100801276,0.23066510921278213,0.6230360700514845,H06
0.0,0.1632392552176672,0.13914810989244877,0.017106801578473517,0.12328076076465148,0.010634843359519268,0.0,0.0,0.09273546474735328,0.04488617100801276,0.23066510921278213,0.6230360700514845,H06
0.0,0.1632392552176672,0.13914810989244877,0.017106801578473517,0.12328076076465148,0.010634843359519268,0.0,0.0,0.09273546474735328,0.04488617100801276,0.23066510921278213,0.6230360700514845,H06
0.0,0.0,0.547232178722703,0.0,0.0,0.5448951423349553,0.0,0.6340098899567757,0.0,0.7947167666395549,0.0,0.4730165867864474,H01
0.0,0.0,0.547232178722703,0.0,0.0,0.5448951423349553,0.0,0.6340098899567757,0.0,0.7947167666395549,0.0,0.4730165867864474,H01
0.0,0.0,0.547232178722703,0.0,0.0,0.5448951423349553,0.0,0.6340098899567757,0.0,0.7947167666395549,0.0,0.4730165867864474,H01
0.6494261331966023,0.2124405038349902,0.37503726150943817,0.02440969336471296,0.022845994572278414,0.49687327219310373,0.0,0.0,0.002128148400272292,0.14336454208154667,0.14873938990405652,0.33880884580547205,H02
0.6494261331966023,0.2124405038349902,0.37503726150943817,0.02440969336471296,0.022845994572278414,0.49687327219310373,0.0,0.0,0.002128148400272292,0.14336454208154667,0.14873938990405652,0.33880884580547205,H02
0.6494261331966023,0.2124405038349902,0.37503726150943817,0.02440969336471296,0.022845994572278414,0.49687327219310373,0.0,0.0,0.002128148400272292,0.14336454208154667,0.14873938990405652,0.33880884580547205,H02
0.901203636980927,0.0,0.5212169031169916,0.07384459782645467,0.0,0.0,0.0,0.0,0.0,0.0,0.6998906227164582,0.32628238284624644,H03
0.901203636980927,0.0,0.5212169031169916,0.07384459782645467,0.0,0.0,0.0,0.0,0.0,0.0,0.6998906227164582,0.32628238284624644,H03
0.901203636980927,0.0,0.5212169031169916,0.07384459782645467,0.0,0.0,0.0,0.0,0.0,0.0,0.6998906227164582,0.32628238284624644,H03
0.84617801712871,0.9756101816365319,0.599027328823188,0.0,0.0,0.0,0.0,0.0,0.0,0.0010054347826086957,0.0,0.17107501031929595,H04
0.84617801712871,0.9756101816365319,0.599027328823188,0.0,0.0,0.0,0.0,0.0,0.0,0.0010054347826086957,0.0,0.17107501031929595,H04
0.84617801712871,0.9756101816365319,0.599027328823188,0.0,0.0,0.0,0.0,0.0,0.0,0.0010054347826086957,0.0,0.17107501031929595,H04
0.0,0.0,0.7387293126938106,0.0,0.0,0.0,0.9693255027805262,0.8509879411457072,0.46441000585188447,0.7462299669636328,0.8211276620329709,0.059568498988427775,H05
0.0,0.0,0.7387293126938106,0.0,0.0,0.0,0.9693255027805262,0.8509879411457072,0.46441000585188447,0.7462299669636328,0.8211276620329709,0.059568498988427775,H05
0.0,0.0,0.7387293126938106,0.0,0.0,0.0,0.9693255027805262,0.8509879411457072,0.46441000585188447,0.7462299669636328,0.8211276620329709,0.059568498988427775,H05
0.0,0.1632392552176672,0.13914810989244877,0.017106801578473517,0.12328076076465148,0.010634843359519268,0.0,0.0,0.09273546474735328,0.04488617100801276,0.23066510921278213,0.6230360700514845,H06
0.0,0.1632392552176672,0.13914810989244877,0.017106801578473517,0.12328076076465148,0.010634843359519268,0.0,0.0,0.09273546474735328,0.04488617100801276,0.23066510921278213,0.6230360700514845,H06
0.0,0.1632392552176672,0.13914810989244877,0.017106801578473517,0.12328076076465148,0.010634843359519268,0.0,0.0,0.09273546474735328,0.04488617100801276,0.23066510921278213,0.6230360700514845,H06
0.0,0.0,0.547232178722703,0.0,0.0,0.5448951423349553,0.0,0.6340098899567757,0.0,0.7947167666395549,0.0,0.4730165867864474,H01
0.0,0.0,0.547232178722703,0.0,0.0,0.5448951423349553,0.0,0.6340098899567757,0.0,0.7947167666395549,0.0,0.4730165867864474,H01
0.0,0.0,0.547232178722703,0.0,0.0,0.5448951423349553,0.0,0.6340098899567757,0.0,0.7947167666395549,0.0,0.4730165867864474,H01
0.6494261331966023,0.2124405038349902,0.37503726150943817,0.02440969336471296,0.022845994572278414,0.49687327219310373,0.0,0.0,0.002128148400272292,0.14336454208154667,0.14873938990405652,0.33880884580547205,H02
0.6494261331966023,0.2124405038349902,0.37503726150943817,0.02440969336471296,0.022845994572278414,0.49687327219310373,0.0,0.0,0.002128148400272292,0.14336454208154667,0.14873938990405652,0.33880884580547205,H02
0.6494261331966023,0.2124405038349902,0.37503726150943817,0.02440969336471296,0.022845994572278414,0.49687327219310373,0.0,0.0,0.002128148400272292,0.14336454208154667,0.14873938990405652,0.33880884580547205,H02
0.901203636980927,0.0,0.5212169031169916,0.07384459782645467,0.0,0.0,0.0,0.0,0.0,0.0,0.6998906227164582,0.32628238284624644,H03
0.901203636980927,0.0,0.5212169031169916,0.07384459782645467,0.0,0.0,0.0,0.0,0.0,0.0,0.6998906227164582,0.32628238284624644,H03
0.901203636980927,0.0,0.5212169031169916,0.07384459782645467,0.0,0.0,0.0,0.0,0.0,0.0,0.6998906227164582,0.32628238284624644,H03
0.84617801712871,0.9756101816365319,0.599027328823188,0.0,0.0,0.0,0.0,0.0,0.0,0.0010054347826086957,0.0,0.17107501031929595,H04
0.84617801712871,0.9756101816365319,0.599027328823188,0.0,0.0,0.0,0.0,0.0,0.0,0.0010054347826086957,0.0,0.17107501031929595,H04
0.84617801712871,0.9756101816365319,0.599027328823188,0.0,0.0,0.0,0.0,0.0,0.0,0.0010054347826086957,0.0,0.17107501031929595,H04
0.0,0.0,0.7387293126938106,0.0,0.0,0.0,0.9693255027805262,0.8509879411457072,0.46441000585188447,0.7462299669636328,0.8211276620329709,0.059568498988427775,H05
0.0,0.0,0.7387293126938106,0.0,0.0,0.0,0.9693255027805262,0.8509879411457072,0.46441000585188447,0.7462299669636328,0.8211276620329709,0.059568498988427775,H05
0.0,0.0,0.7387293126938106,0.0,0.0,0.0,0.9693255027805262,0.8509879411457072,0.46441000585188447,0.7462299669636328,0.8211276620329709,0.059568498988427775,H05
0.0,0.1632392552176672,0.13914810989244877,0.017106801578473517,0.12328076076465148,0.010634843359519268,0.0,0.0,0.09273546474735328,0.04488617100801276,0.23066510921278213,0.6230360700514845,H06
0.0,0.1632392552176672,0.13914810989244877,0.017106801578473517,0.12328076076465148,0.010634843359519268,0.0,0.0,0.09273546474735328,0.04488617100801276,0.23066510921278213,0.6230360700514845,H06
0.0,0.1632392552176672,0.13914810989244877,0.017106801578473517,0.12328076076465148,0.010634843359519268,0.0,0.0,0.09273546474735328,0.04488617100801276,0.23066510921278213,0.6230360700514845,H06
0.0,0.0,0.019286293801750377,0.0,0.004621877722916061,0.5561219335600439,0.0,0.0,0.0,0.005122043616375016,0.0,0.6834978460153321,H01
0.0,0.0,0.019286293801750377,0.0,0.004621877722916061,0.5561219335600439,0.0,0.0,0.0,0.005122043616375016,0.0,0.6834978460153321,H01
0.0,0.0,0.019286293801750377,0.0,0.004621877722916061,0.5561219335600439,0.0,0.0,0.0,0.005122043616375016,0.0,0.6834978460153321,H01
0.016969132689783648,0.015048560345239145,0.007241806200020762,0.0021715219976218784,0.022439178545319453,0.5124120679193217,0.0,0.0,0.0,0.004309377879366243,0.007453739281353939,0.741126554974214,H02
0.016969132689783648,0.015048560345239145,0.007241806200020762,0.0021715219976218784,0.022439178545319453,0.5124120679193217,0.0,0.0,0.0,0.004309377879366243,0.007453739281353939,0.741126554974214,H02
0.016969132689783648,0.015048560345239145,0.007241806200020762,0.0021715219976218784,0.022439178545319453,0.5124120679193217,0.0,0.0,0.0,0.004309377879366243,0.007453739281353939,0.741126554974214,H02
0.05582114478002735,0.0,0.017227315219009984,0.009523038820316448,0.0,0.0,0.0,0.0,0.0,0.0,0.02777151804879018,0.9842351625255807,H03
0.05582114478002735,0.0,0.017227315219009984,0.009523038820316448,0.0,0.0,0.0,0.0,0.0,0.0,0.02777151804879018,0.9842351625255807,H03
0.05582114478002735,0.0,0.017227315219009984,0.009523038820316448,0.0,0.0,0.0,0.0,0.0,0.0,0.02777151804879018,0.9842351625255807,H03
0.024502280959032917,0.0889533372205223,0.00909727145144727,0.0,0.0,0.0,0.0,0.0,0.0,0.0,0.0,0.9924509549175685,H04
0.024502280959032917,0.0889533372205223,0.00909727145144727,0.0,0.0,0.0,0.0,0.0,0.0,0.0,0.0,0.9924509549175685,H04
0.024502280959032917,0.0889533372205223,0.00909727145144727,0.0,0.0,0.0,0.0,0.0,0.0,0.0,0.0,0.9924509549175685,H04
0.0,0.0,0.003326656216993799,0.0,0.0,0.0,0.9695420851321337,0.0,0.004188260970765207,0.0016666666666666655,0.014781842199541508,0.3927107888654614,H05
0.0,0.0,0.003326656216993799,0.0,0.0,0.0,0.9695420851321337,0.0,0.004188260970765207,0.0016666666666666655,0.014781842199541508,0.3927107888654614,H05
0.0,0.0,0.003326656216993799,0.0,0.0,0.0,0.9695420851321337,0.0,0.004188260970765207,0.0016666666666666655,0.014781842199541508,0.3927107888654614,H05
0.0,0.02131979463757194,0.0034088821780661883,0.0,0.09935574604508296,0.013695633251928862,0.0,0.0,0.0,0.0011821086261980835,0.015498041935409084,0.91458397119994,H06
0.0,0.02131979463757194,0.0034088821780661883,0.0,0.09935574604508296,0.013695633251928862,0.0,0.0,0.0,0.0011821086261980835,0.015498041935409084,0.91458397119994,H06
0.0,0.02131979463757194,0.0034088821780661883,0.0,0.09935574604508296,0.013695633251928862,0.0,0.0,0.0,0.0011821086261980835,0.015498041935409084,0.91458397119994,H06
0.0,0.0,0.019286293801750377,0.0,0.004621877722916061,0.5561219335600439,0.0,0.0,0.0,0.005122043616375016,0.0,0.6834978460153321,H01
0.0,0.0,0.019286293801750377,0.0,0.004621877722916061,0.5561219335600439,0.0,0.0,0.0,0.005122043616375016,0.0,0.6834978460153321,H01
0.0,0.0,0.019286293801750377,0.0,0.004621877722916061,0.5561219335600439,0.0,0.0,0.0,0.005122043616375016,0.0,0.6834978460153321,H01
0.016969132689783648,0.015048560345239145,0.007241806200020762,0.0021715219976218784,0.022439178545319453,0.5124120679193217,0.0,0.0,0.0,0.004309377879366243,0.007453739281353939,0.741126554974214,H02
0.016969132689783648,0.015048560345239145,0.007241806200020762,0.0021715219976218784,0.022439178545319453,0.5124120679193217,0.0,0.0,0.0,0.004309377879366243,0.007453739281353939,0.741126554974214,H02
0.016969132689783648,0.015048560345239145,0.007241806200020762,0.0021715219976218784,0.022439178545319453,0.5124120679193217,0.0,0.0,0.0,0.004309377879366243,0.007453739281353939,0.741126554974214,H02
0.05582114478002735,0.0,0.017227315219009984,0.009523038820316448,0.0,0.0,0.0,0.0,0.0,0.0,0.02777151804879018,0.9842351625255807,H03
0.05582114478002735,0.0,0.017227315219009984,0.009523038820316448,0.0,0.0,0.0,0.0,0.0,0.0,0.02777151804879018,0.9842351625255807,H03
0.05582114478002735,0.0,0.017227315219009984,0.009523038820316448,0.0,0.0,0.0,0.0,0.0,0.0,0.02777151804879018,0.9842351625255807,H03
0.024502280959032917,0.0889533372205223,0.00909727145144727,0.0,0.0,0.0,0.0,0.0,0.0,0.0,0.0,0.9924509549175685,H04
0.024502280959032917,0.0889533372205223,0.00909727145144727,0.0,0.0,0.0,0.0,0.0,0.0,0.0,0.0,0.9924509549175685,H04
0.024502280959032917,0.0889533372205223,0.00909727145144727,0.0,0.0,0.0,0.0,0.0,0.0,0.0,0.0,0.9924509549175685,H04
0.0,0.0,0.003326656216993799,0.0,0.0,0.0,0.9695420851321337,0.0,0.004188260970765207,0.0016666666666666655,0.014781842199541508,0.3927107888654614,H05
0.0,0.0,0.003326656216993799,0.0,0.0,0.0,0.9695420851321337,0.0,0.004188260970765207,0.0016666666666666655,0.014781842199541508,0.3927107888654614,H05
0.0,0.0,0.003326656216993799,0.0,0.0,0.0,0.9695420851321337,0.0,0.004188260970765207,0.0016666666666666655,0.014781842199541508,0.3927107888654614,H05
0.0,0.02131979463757194,0.0034088821780661883,0.0,0.09935574604508296,0.013695633251928862,0.0,0.0,0.0,0.0011821086261980835,0.015498041935409084,0.91458397119994,H06
0.0,0.02131979463757194,0.0034088821780661883,0.0,0.09935574604508296,0.013695633251928862,0.0,0.0,0.0,0.0011821086261980835,0.015498041935409084,0.91458397119994,H06
0.0,0.02131979463757194,0.0034088821780661883,0.0,0.09935574604508296,0.013695633251928862,0.0,0.0,0.0,0.0011821086261980835,0.015498041935409084,0.91458397119994,H06
0.0,0.0,0.019286293801750377,0.0,0.004621877722916061,0.5561219335600439,0.0,0.0,0.0,0.005122043616375016,0.0,0.6834978460153321,H01
0.0,0.0,0.019286293801750377,0.0,0.004621877722916061,0.5561219335600439,0.0,0.0,0.0,0.005122043616375016,0.0,0.6834978460153321,H01
0.0,0.0,0.019286293801750377,0.0,0.004621877722916061,0.5561219335600439,0.0,0.0,0.0,0.005122043616375016,0.0,0.6834978460153321,H01
0.016969132689783648,0.015048560345239145,0.007241806200020762,0.0021715219976218784,0.022439178545319453,0.5124120679193217,0.0,0.0,0.0,0.004309377879366243,0.007453739281353939,0.741126554974214,H02
0.016969132689783648,0.015048560345239145,0.007241806200020762,0.0021715219976218784,0.022439178545319453,0.5124120679193217,0.0,0.0,0.0,0.004309377879366243,0.007453739281353939,0.741126554974214,H02
0.016969132689783648,0.015048560345239145,0.007241806200020762,0.0021715219976218784,0.022439178545319453,0.5124120679193217,0.0,0.0,0.0,0.004309377879366243,0.007453739281353939,0.741126554974214,H02
0.05582114478002735,0.0,0.017227315219009984,0.009523038820316448,0.0,0.0,0.0,0.0,0.0,0.0,0.02777151804879018,0.9842351625255807,H03
0.05582114478002735,0.0,0.017227315219009984,0.009523038820316448,0.0,0.0,0.0,0.0,0.0,0.0,0.02777151804879018,0.9842351625255807,H03
0.05582114478002735,0.0,0.017227315219009984,0.009523038820316448,0.0,0.0,0.0,0.0,0.0,0.0,0.02777151804879018,0.9842351625255807,H03
0.024502280959032917,0.0889533372205223,0.00909727145144727,0.0,0.0,0.0,0.0,0.0,0.0,0.0,0.0,0.9924509549175685,H04
0.024502280959032917,0.0889533372205223,0.00909727145144727,0.0,0.0,0.0,0.0,0.0,0.0,0.0,0.0,0.9924509549175685,H04
0.024502280959032917,0.0889533372205223,0.00909727145144727,0.0,0.0,0.0,0.0,0.0,0.0,0.0,0.0,0.9924509549175685,H04
0.0,0.0,0.003326656216993799,0.0,0.0,0.0,0.9695420851321337,0.0,0.004188260970765207,0.0016666666666666655,0.014781842199541508,0.3927107888654614,H05
0.0,0.0,0.003326656216993799,0.0,0.0,0.0,0.9695420851321337,0.0,0.004188260970765207,0.0016666666666666655,0.014781842199541508,0.3927107888654614,H05
0.0,0.0,0.003326656216993799,0.0,0.0,0.0,0.9695420851321337,0.0,0.004188260970765207,0.0016666666666666655,0.014781842199541508,0.3927107888654614,H05
0.0,0.02131979463757194,0.0034088821780661883,0.0,0.09935574604508296,0.013695633251928862,0.0,0.0,0.0,0.0011821086261980835,0.015498041935409084,0.91458397119994,H06
0.0,0.02131979463757194,0.0034088821780661883,0.0,0.09935574604508296,0.013695633251928862,0.0,0.0,0.0,0.0011821086261980835,0.015498041935409084,0.91458397119994,H06
0.0,0.02131979463757194,0.0034088821780661883,0.0,0.09935574604508296,0.013695633251928862,0.0,0.0,0.0,0.0011821086261980835,0.015498041935409084,0.91458397119994,H06
0.0,0.0,0.547232178722703,0.0,0.0,0.5448951423349553,0.0,0.6340098899567757,0.0,0.7947167666395549,0.0,0.4730165867864474,H01
0.0,0.0,0.547232178722703,0.0,0.0,0.5448951423349553,0.0,0.6340098899567757,0.0,0.7947167666395549,0.0,0.4730165867864474,H01
0.0,0.0,0.547232178722703,0.0,0.0,0.5448951423349553,0.0,0.6340098899567757,0.0,0.7947167666395549,0.0,0.4730165867864474,H01
0.6494261331966023,0.2124405038349902,0.37503726150943817,0.02440969336471296,0.022845994572278414,0.49687327219310373,0.0,0.0,0.002128148400272292,0.14336454208154667,0.14873938990405652,0.33880884580547205,H02
0.6494261331966023,0.2124405038349902,0.37503726150943817,0.02440969336471296,0.022845994572278414,0.49687327219310373,0.0,0.0,0.002128148400272292,0.14336454208154667,0.14873938990405652,0.33880884580547205,H02
0.6494261331966023,0.2124405038349902,0.37503726150943817,0.02440969336471296,0.022845994572278414,0.49687327219310373,0.0,0.0,0.002128148400272292,0.14336454208154667,0.14873938990405652,0.33880884580547205,H02
0.901203636980927,0.0,0.5212169031169916,0.07384459782645467,0.0,0.0,0.0,0.0,0.0,0.0,0.6998906227164582,0.32628238284624644,H03
0.901203636980927,0.0,0.5212169031169916,0.07384459782645467,0.0,0.0,0.0,0.0,0.0,0.0,0.6998906227164582,0.32628238284624644,H03
0.901203636980927,0.0,0.5212169031169916,0.07384459782645467,0.0,0.0,0.0,0.0,0.0,0.0,0.6998906227164582,0.32628238284624644,H03
0.84617801712871,0.9756101816365319,0.599027328823188,0.0,0.0,0.0,0.0,0.0,0.0,0.0010054347826086957,0.0,0.17107501031929595,H04
0.84617801712871,0.9756101816365319,0.599027328823188,0.0,0.0,0.0,0.0,0.0,0.0,0.0010054347826086957,0.0,0.17107501031929595,H04
0.84617801712871,0.9756101816365319,0.599027328823188,0.0,0.0,0.0,0.0,0.0,0.0,0.0010054347826086957,0.0,0.17107501031929595,H04
0.0,0.0,0.7387293126938106,0.0,0.0,0.0,0.9693255027805262,0.8509879411457072,0.46441000585188447,0.7462299669636328,0.8211276620329709,0.059568498988427775,H05
0.0,0.0,0.7387293126938106,0.0,0.0,0.0,0.9693255027805262,0.8509879411457072,0.46441000585188447,0.7462299669636328,0.8211276620329709,0.059568498988427775,H05
0.0,0.0,0.7387293126938106,0.0,0.0,0.0,0.9693255027805262,0.8509879411457072,0.46441000585188447,0.7462299669636328,0.8211276620329709,0.059568498988427775,H05
0.0,0.1632392552176672,0.13914810989244877,0.017106801578473517,0.12328076076465148,0.010634843359519268,0.0,0.0,0.09273546474735328,0.04488617100801276,0.23066510921278213,0.6230360700514845,H06
0.0,0.1632392552176672,0.13914810989244877,0.017106801578473517,0.12328076076465148,0.010634843359519268,0.0,0.0,0.09273546474735328,0.04488617100801276,0.23066510921278213,0.6230360700514845,H06
0.0,0.1632392552176672,0.13914810989244877,0.017106801578473517,0.12328076076465148,0.010634843359519268,0.0,0.0,0.09273546474735328,0.04488617100801276,0.23066510921278213,0.6230360700514845,H06
0.0,0.0,0.547232178722703,0.0,0.0,0.5448951423349553,0.0,0.6340098899567757,0.0,0.7947167666395549,0.0,0.4730165867864474,H01
0.0,0.0,0.547232178722703,0.0,0.0,0.5448951423349553,0.0,0.6340098899567757,0.0,0.7947167666395549,0.0,0.4730165867864474,H01
0.0,0.0,0.547232178722703,0.0,0.0,0.5448951423349553,0.0,0.6340098899567757,0.0,0.7947167666395549,0.0,0.4730165867864474,H01
0.6494261331966023,0.2124405038349902,0.37503726150943817,0.02440969336471296,0.022845994572278414,0.49687327219310373,0.0,0.0,0.002128148400272292,0.14336454208154667,0.14873938990405652,0.33880884580547205,H02
0.6494261331966023,0.2124405038349902,0.37503726150943817,0.02440969336471296,0.022845994572278414,0.49687327219310373,0.0,0.0,0.002128148400272292,0.14336454208154667,0.14873938990405652,0.33880884580547205,H02
0.6494261331966023,0.2124405038349902,0.37503726150943817,0.02440969336471296,0.022845994572278414,0.49687327219310373,0.0,0.0,0.002128148400272292,0.14336454208154667,0.14873938990405652,0.33880884580547205,H02
0.901203636980927,0.0,0.5212169031169916,0.07384459782645467,0.0,0.0,0.0,0.0,0.0,0.0,0.6998906227164582,0.32628238284624644,H03
0.901203636980927,0.0,0.5212169031169916,0.07384459782645467,0.0,0.0,0.0,0.0,0.0,0.0,0.6998906227164582,0.32628238284624644,H03
0.901203636980927,0.0,0.5212169031169916,0.07384459782645467,0.0,0.0,0.0,0.0,0.0,0.0,0.6998906227164582,0.32628238284624644,H03
0.84617801712871,0.9756101816365319,0.599027328823188,0.0,0.0,0.0,0.0,0.0,0.0,0.0010054347826086957,0.0,0.17107501031929595,H04
0.84617801712871,0.9756101816365319,0.599027328823188,0.0,0.0,0.0,0.0,0.0,0.0,0.0010054347826086957,0.0,0.17107501031929595,H04
0.84617801712871,0.9756101816365319,0.599027328823188,0.0,0.0,0.0,0.0,0.0,0.0,0.0010054347826086957,0.0,0.17107501031929595,H04
0.0,0.0,0.7387293126938106,0.0,0.0,0.0,0.9693255027805262,0.8509879411457072,0.46441000585188447,0.7462299669636328,0.8211276620329709,0.059568498988427775,H05
0.0,0.0,0.7387293126938106,0.0,0.0,0.0,0.9693255027805262,0.8509879411457072,0.46441000585188447,0.7462299669636328,0.8211276620329709,0.059568498988427775,H05
0.0,0.0,0.7387293126938106,0.0,0.0,0.0,0.9693255027805262,0.8509879411457072,0.46441000585188447,0.7462299669636328,0.8211276620329709,0.059568498988427775,H05
0.0,0.1632392552176672,0.13914810989244877,0.017106801578473517,0.12328076076465148,0.010634843359519268,0.0,0.0,0.09273546474735328,0.04488617100801276,0.23066510921278213,0.6230360700514845,H06
0.0,0.1632392552176672,0.13914810989244877,0.017106801578473517,0.12328076076465148,0.010634843359519268,0.0,0.0,0.09273546474735328,0.04488617100801276,0.23066510921278213,0.6230360700514845,H06
0.0,0.1632392552176672,0.13914810989244877,0.017106801578473517,0.12328076076465148,0.010634843359519268,0.0,0.0,0.09273546474735328,0.04488617100801276,0.23066510921278213,0.6230360700514845,H06
0.0,0.0014747399702823181,0.5980461729700733,0.0,0.002292332268370607,0.17294504224213106,0.0013851429900023254,0.010764366805855432,0.0,0.10143803759830158,0.0,0.5756812169137249,H01
0.0,0.0014747399702823181,0.5980461729700733,0.0,0.002292332268370607,0.17294504224213106,0.0013851429900023254,0.010764366805855432,0.0,0.10143803759830158,0.0,0.5756812169137249,H01
0.0,0.0014747399702823181,0.5980461729700733,0.0,0.002292332268370607,0.17294504224213106,0.0013851429900023254,0.010764366805855432,0.0,0.10143803759830158,0.0,0.5756812169137249,H01
0.6651144203179166,0.2130772501957414,0.32295756123212643,0.034217663117573766,0.009230406041064067,0.13698522909015481,0.0,0.0,0.004492534189377777,0.029134811094964283,0.1245982927079655,0.38754721821973215,H02
0.6651144203179166,0.2130772501957414,0.32295756123212643,0.034217663117573766,0.009230406041064067,0.13698522909015481,0.0,0.0,0.004492534189377777,0.029134811094964283,0.1245982927079655,0.38754721821973215,H02
0.6651144203179166,0.2130772501957414,0.32295756123212643,0.034217663117573766,0.009230406041064067,0.13698522909015481,0.0,0.0,0.004492534189377777,0.029134811094964283,0.1245982927079655,0.38754721821973215,H02
0.9363817713518011,0.0,0.6169177402330888,0.06533399241498476,0.0,0.0,0.005982069777397649,0.0,0.0044046666339150045,0.0,0.633650444788583,0.1331429232597647,H03
0.9363817713518011,0.0,0.6169177402330888,0.06533399241498476,0.0,0.0,0.005982069777397649,0.0,0.0044046666339150045,0.0,0.633650444788583,0.1331429232597647,H03
0.9363817713518011,0.0,0.6169177402330888,0.06533399241498476,0.0,0.0,0.005982069777397649,0.0,0.0044046666339150045,0.0,0.633650444788583,0.1331429232597647,H03
0.9048679061774654,0.8675940689476509,0.4800353566089837,0.009314572510250781,0.0,0.0,0.0,0.0,0.0,0.0010054347826086957,0.0,0.11169205818563709,H04
0.9048679061774654,0.8675940689476509,0.4800353566089837,0.009314572510250781,0.0,0.0,0.0,0.0,0.0,0.0010054347826086957,0.0,0.11169205818563709,H04
0.9048679061774654,0.8675940689476509,0.4800353566089837,0.009314572510250781,0.0,0.0,0.0,0.0,0.0,0.0010054347826086957,0.0,0.11169205818563709,H04
0.0,0.0,0.42225385592892445,0.004400027038245788,0.0,0.0,0.96892435742361,0.0044674932535082165,0.015260520395531352,0.033807014851250906,0.52971535335015,0.186557395740285,H05
0.0,0.0,0.42225385592892445,0.004400027038245788,0.0,0.0,0.96892435742361,0.0044674932535082165,0.015260520395531352,0.033807014851250906,0.52971535335015,0.186557395740285,H05
0.0,0.0,0.42225385592892445,0.004400027038245788,0.0,0.0,0.96892435742361,0.0044674932535082165,0.015260520395531352,0.033807014851250906,0.52971535335015,0.186557395740285,H05
0.0,0.18821741510505918,0.11742071026757062,0.008202418697438797,0.04209735071222331,0.01102845255148338,0.0013851429900023254,0.0,0.010201506912671736,0.005064365474652469,0.23617414796308867,0.49136202891742115,H06
0.0,0.18821741510505918,0.11742071026757062,0.008202418697438797,0.04209735071222331,0.01102845255148338,0.0013851429900023254,0.0,0.010201506912671736,0.005064365474652469,0.23617414796308867,0.49136202891742115,H06
0.0,0.18821741510505918,0.11742071026757062,0.008202418697438797,0.04209735071222331,0.01102845255148338,0.0013851429900023254,0.0,0.010201506912671736,0.005064365474652469,0.23617414796308867,0.49136202891742115,H06
0.0,0.004133520926195051,0.5593843007070863,0.00701909771700318,0.002292332268370607,0.2023971039414745,0.0,0.011649368511222242,0.0,0.02914476088381002,0.0,0.6066985997571148,H01
0.0,0.004133520926195051,0.5593843007070863,0.00701909771700318,0.002292332268370607,0.2023971039414745,0.0,0.011649368511222242,0.0,0.02914476088381002,0.0,0.6066985997571148,H01
0.0,0.004133520926195051,0.5593843007070863,0.00701909771700318,0.002292332268370607,0.2023971039414745,0.0,0.011649368511222242,0.0,0.02914476088381002,0.0,0.6066985997571148,H01
0.0632994533740265,0.19331221189431663,0.3794197916991084,0.02650558859962921,0.007152619162763952,0.1373265474288568,0.0,0.0,0.009676264185024892,0.01631045287414924,0.11528604807241852,0.47408397516985284,H02
0.0632994533740265,0.19331221189431663,0.3794197916991084,0.02650558859962921,0.007152619162763952,0.1373265474288568,0.0,0.0,0.009676264185024892,0.01631045287414924,0.11528604807241852,0.47408397516985284,H02
0.0632994533740265,0.19331221189431663,0.3794197916991084,0.02650558859962921,0.007152619162763952,0.1373265474288568,0.0,0.0,0.009676264185024892,0.01631045287414924,0.11528604807241852,0.47408397516985284,H02
0.1619322725384472,0.006289309004098758,0.5987542888075056,0.060821219674280495,0.0,0.0,0.004629531848400498,0.0,0.25015413701670947,0.0,0.30221839879623413,0.45452679815137365,H03
0.1619322725384472,0.006289309004098758,0.5987542888075056,0.060821219674280495,0.0,0.0,0.004629531848400498,0.0,0.25015413701670947,0.0,0.30221839879623413,0.45452679815137365,H03
0.1619322725384472,0.006289309004098758,0.5987542888075056,0.060821219674280495,0.0,0.0,0.004629531848400498,0.0,0.25015413701670947,0.0,0.30221839879623413,0.45452679815137365,H03
0.09265781988374995,0.8323186547377374,0.5356164842906344,0.004143190964821727,0.0,0.0,0.0,0.0,0.0,0.0,0.0,0.38821897499198327,H04
0.09265781988374995,0.8323186547377374,0.5356164842906344,0.004143190964821727,0.0,0.0,0.0,0.0,0.0,0.0,0.0,0.38821897499198327,H04
0.09265781988374995,0.8323186547377374,0.5356164842906344,0.004143190964821727,0.0,0.0,0.0,0.0,0.0,0.0,0.0,0.38821897499198327,H04
0.0,0.0,0.8664922786359714,0.0042276661901196584,0.0,0.0,0.9739115635858713,0.010659287564725896,0.6183155749200039,0.008439357068185858,0.8219885837594822,0.04431320529312829,H05
0.0,0.0,0.8664922786359714,0.0042276661901196584,0.0,0.0,0.9739115635858713,0.010659287564725896,0.6183155749200039,0.008439357068185858,0.8219885837594822,0.04431320529312829,H05
0.0,0.0,0.8664922786359714,0.0042276661901196584,0.0,0.0,0.9739115635858713,0.010659287564725896,0.6183155749200039,0.008439357068185858,0.8219885837594822,0.04431320529312829,H05
0.0,0.16725202185878085,0.1427559787244126,0.019412731297861176,0.0467702028648913,0.010987575997389048,0.0,0.0,0.011299689578108478,0.0,0.23441655305786802,0.48882536910621743,H06
0.0,0.16725202185878085,0.1427559787244126,0.019412731297861176,0.0467702028648913,0.010987575997389048,0.0,0.0,0.011299689578108478,0.0,0.23441655305786802,0.48882536910621743,H06
0.0,0.16725202185878085,0.1427559787244126,0.019412731297861176,0.0467702028648913,0.010987575997389048,0.0,0.0,0.011299689578108478,0.0,0.23441655305786802,0.48882536910621743,H06
0.0,0.0,0.5250226954138486,0.0,0.0013398692810457514,0.5528198934458532,0.0,0.5307820447801045,0.0,0.6722244391154435,0.0,0.48557983657884435,H01
0.0,0.0,0.5250226954138486,0.0,0.0013398692810457514,0.5528198934458532,0.0,0.5307820447801045,0.0,0.6722244391154435,0.0,0.48557983657884435,H01
0.0,0.0,0.5250226954138486,0.0,0.0013398692810457514,0.5528198934458532,0.0,0.5307820447801045,0.0,0.6722244391154435,0.0,0.48557983657884435,H01
0.5631924953846639,0.2247833627539101,0.35523646010349375,0.008821750413474506,0.018399301799252563,0.4978709281440869,0.0,0.0,0.0,0.051695103036012234,0.1267686666052833,0.49216463147370965,H02
0.5631924953846639,0.2247833627539101,0.35523646010349375,0.008821750413474506,0.018399301799252563,0.4978709281440869,0.0,0.0,0.0,0.051695103036012234,0.1267686666052833,0.49216463147370965,H02
0.5631924953846639,0.2247833627539101,0.35523646010349375,0.008821750413474506,0.018399301799252563,0.4978709281440869,0.0,0.0,0.0,0.051695103036012234,0.1267686666052833,0.49216463147370965,H02
0.7634395215903743,0.0,0.4113691404053925,0.04581437875880526,0.0,0.0,0.0,0.0,0.028777626671465276,0.0,0.665574423012772,0.46768364435818094,H03
0.7634395215903743,0.0,0.4113691404053925,0.04581437875880526,0.0,0.0,0.0,0.0,0.028777626671465276,0.0,0.665574423012772,0.46768364435818094,H03
0.7634395215903743,0.0,0.4113691404053925,0.04581437875880526,0.0,0.0,0.0,0.0,0.028777626671465276,0.0,0.665574423012772,0.46768364435818094,H03
0.7434688797790965,0.976741150458048,0.45560788982380207,0.0,0.0,0.0,0.0,0.0,0.0,0.0,0.0,0.24097335256495783,H04
0.7434688797790965,0.976741150458048,0.45560788982380207,0.0,0.0,0.0,0.0,0.0,0.0,0.0,0.0,0.24097335256495783,H04
0.7434688797790965,0.976741150458048,0.45560788982380207,0.0,0.0,0.0,0.0,0.0,0.0,0.0,0.0,0.24097335256495783,H04
0.0,0.0,0.49912830592076446,0.0,0.0,0.0,0.962212767869315,0.853496990878391,0.4987057564983629,0.5584625732989531,0.7682336025760824,0.08814385329062953,H05
0.0,0.0,0.49912830592076446,0.0,0.0,0.0,0.962212767869315,0.853496990878391,0.4987057564983629,0.5584625732989531,0.7682336025760824,0.08814385329062953,H05
0.0,0.0,0.49912830592076446,0.0,0.0,0.0,0.962212767869315,0.853496990878391,0.4987057564983629,0.5584625732989531,0.7682336025760824,0.08814385329062953,H05
0.0,0.1740729125005439,0.15372675984820078,0.010839657722065082,0.08700310454155981,0.01274402821631526,0.0,0.0,0.0,0.016158090654626825,0.1350420487684093,0.8260239011820119,H06
0.0,0.1740729125005439,0.15372675984820078,0.010839657722065082,0.08700310454155981,0.01274402821631526,0.0,0.0,0.0,0.016158090654626825,0.1350420487684093,0.8260239011820119,H06
0.0,0.1740729125005439,0.15372675984820078,0.010839657722065082,0.08700310454155981,0.01274402821631526,0.0,0.0,0.0,0.016158090654626825,0.1350420487684093,0.8260239011820119,H06
0.0,0.0,0.5250226954138486,0.0,0.0013398692810457514,0.5528198934458532,0.0,0.5307820447801045,0.0,0.6722244391154435,0.0,0.48557983657884435,H01
0.0,0.0,0.5250226954138486,0.0,0.0013398692810457514,0.5528198934458532,0.0,0.5307820447801045,0.0,0.6722244391154435,0.0,0.48557983657884435,H01
0.0,0.0,0.5250226954138486,0.0,0.0013398692810457514,0.5528198934458532,0.0,0.5307820447801045,0.0,0.6722244391154435,0.0,0.48557983657884435,H01
0.5631924953846639,0.2247833627539101,0.35523646010349375,0.008821750413474506,0.018399301799252563,0.4978709281440869,0.0,0.0,0.0,0.051695103036012234,0.1267686666052833,0.49216463147370965,H02
0.5631924953846639,0.2247833627539101,0.35523646010349375,0.008821750413474506,0.018399301799252563,0.4978709281440869,0.0,0.0,0.0,0.051695103036012234,0.1267686666052833,0.49216463147370965,H02
0.5631924953846639,0.2247833627539101,0.35523646010349375,0.008821750413474506,0.018399301799252563,0.4978709281440869,0.0,0.0,0.0,0.051695103036012234,0.1267686666052833,0.49216463147370965,H02
0.7634395215903743,0.0,0.4113691404053925,0.04581437875880526,0.0,0.0,0.0,0.0,0.028777626671465276,0.0,0.665574423012772,0.46768364435818094,H03
0.7634395215903743,0.0,0.4113691404053925,0.04581437875880526,0.0,0.0,0.0,0.0,0.028777626671465276,0.0,0.665574423012772,0.46768364435818094,H03
0.7634395215903743,0.0,0.4113691404053925,0.04581437875880526,0.0,0.0,0.0,0.0,0.028777626671465276,0.0,0.665574423012772,0.46768364435818094,H03
0.7434688797790965,0.976741150458048,0.45560788982380207,0.0,0.0,0.0,0.0,0.0,0.0,0.0,0.0,0.24097335256495783,H04
0.7434688797790965,0.976741150458048,0.45560788982380207,0.0,0.0,0.0,0.0,0.0,0.0,0.0,0.0,0.24097335256495783,H04
0.7434688797790965,0.976741150458048,0.45560788982380207,0.0,0.0,0.0,0.0,0.0,0.0,0.0,0.0,0.24097335256495783,H04
0.0,0.0,0.49912830592076446,0.0,0.0,0.0,0.962212767869315,0.853496990878391,0.4987057564983629,0.5584625732989531,0.7682336025760824,0.08814385329062953,H05
0.0,0.0,0.49912830592076446,0.0,0.0,0.0,0.962212767869315,0.853496990878391,0.4987057564983629,0.5584625732989531,0.7682336025760824,0.08814385329062953,H05
0.0,0.0,0.49912830592076446,0.0,0.0,0.0,0.962212767869315,0.853496990878391,0.4987057564983629,0.5584625732989531,0.7682336025760824,0.08814385329062953,H05
0.0,0.1740729125005439,0.15372675984820078,0.010839657722065082,0.08700310454155981,0.01274402821631526,0.0,0.0,0.0,0.016158090654626825,0.1350420487684093,0.8260239011820119,H06
0.0,0.1740729125005439,0.15372675984820078,0.010839657722065082,0.08700310454155981,0.01274402821631526,0.0,0.0,0.0,0.016158090654626825,0.1350420487684093,0.8260239011820119,H06
0.0,0.1740729125005439,0.15372675984820078,0.010839657722065082,0.08700310454155981,0.01274402821631526,0.0,0.0,0.0,0.016158090654626825,0.1350420487684093,0.8260239011820119,H06
0.0,0.0,0.5250226954138486,0.0,0.0013398692810457514,0.5528198934458532,0.0,0.5307820447801045,0.0,0.6722244391154435,0.0,0.48557983657884435,H01
0.0,0.0,0.5250226954138486,0.0,0.0013398692810457514,0.5528198934458532,0.0,0.5307820447801045,0.0,0.6722244391154435,0.0,0.48557983657884435,H01
0.0,0.0,0.5250226954138486,0.0,0.0013398692810457514,0.5528198934458532,0.0,0.5307820447801045,0.0,0.6722244391154435,0.0,0.48557983657884435,H01
0.5631924953846639,0.2247833627539101,0.35523646010349375,0.008821750413474506,0.018399301799252563,0.4978709281440869,0.0,0.0,0.0,0.051695103036012234,0.1267686666052833,0.49216463147370965,H02
0.5631924953846639,0.2247833627539101,0.35523646010349375,0.008821750413474506,0.018399301799252563,0.4978709281440869,0.0,0.0,0.0,0.051695103036012234,0.1267686666052833,0.49216463147370965,H02
0.5631924953846639,0.2247833627539101,0.35523646010349375,0.008821750413474506,0.018399301799252563,0.4978709281440869,0.0,0.0,0.0,0.051695103036012234,0.1267686666052833,0.49216463147370965,H02
0.7634395215903743,0.0,0.4113691404053925,0.04581437875880526,0.0,0.0,0.0,0.0,0.028777626671465276,0.0,0.665574423012772,0.46768364435818094,H03
0.7634395215903743,0.0,0.4113691404053925,0.04581437875880526,0.0,0.0,0.0,0.0,0.028777626671465276,0.0,0.665574423012772,0.46768364435818094,H03
0.7634395215903743,0.0,0.4113691404053925,0.04581437875880526,0.0,0.0,0.0,0.0,0.028777626671465276,0.0,0.665574423012772,0.46768364435818094,H03
0.7434688797790965,0.976741150458048,0.45560788982380207,0.0,0.0,0.0,0.0,0.0,0.0,0.0,0.0,0.24097335256495783,H04
0.7434688797790965,0.976741150458048,0.45560788982380207,0.0,0.0,0.0,0.0,0.0,0.0,0.0,0.0,0.24097335256495783,H04
0.7434688797790965,0.976741150458048,0.45560788982380207,0.0,0.0,0.0,0.0,0.0,0.0,0.0,0.0,0.24097335256495783,H04
0.0,0.0,0.49912830592076446,0.0,0.0,0.0,0.962212767869315,0.853496990878391,0.4987057564983629,0.5584625732989531,0.7682336025760824,0.08814385329062953,H05
0.0,0.0,0.49912830592076446,0.0,0.0,0.0,0.962212767869315,0.853496990878391,0.4987057564983629,0.5584625732989531,0.7682336025760824,0.08814385329062953,H05
0.0,0.0,0.49912830592076446,0.0,0.0,0.0,0.962212767869315,0.853496990878391,0.4987057564983629,0.5584625732989531,0.7682336025760824,0.08814385329062953,H05
0.0,0.1740729125005439,0.15372675984820078,0.010839657722065082,0.08700310454155981,0.01274402821631526,0.0,0.0,0.0,0.016158090654626825,0.1350420487684093,0.8260239011820119,H06
0.0,0.1740729125005439,0.15372675984820078,0.010839657722065082,0.08700310454155981,0.01274402821631526,0.0,0.0,0.0,0.016158090654626825,0.1350420487684093,0.8260239011820119,H06
0.0,0.1740729125005439,0.15372675984820078,0.010839657722065082,0.08700310454155981,0.01274402821631526,0.0,0.0,0.0,0.016158090654626825,0.1350420487684093,0.8260239011820119,H06
0.0,0.0,0.5250226954138486,0.0,0.0013398692810457514,0.5528198934458532,0.0,0.5307820447801045,0.0,0.6722244391154435,0.0,0.48557983657884435,H01
0.0,0.0,0.5250226954138486,0.0,0.0013398692810457514,0.5528198934458532,0.0,0.5307820447801045,0.0,0.6722244391154435,0.0,0.48557983657884435,H01
0.0,0.0,0.5250226954138486,0.0,0.0013398692810457514,0.5528198934458532,0.0,0.5307820447801045,0.0,0.6722244391154435,0.0,0.48557983657884435,H01
0.5631924953846639,0.2247833627539101,0.35523646010349375,0.008821750413474506,0.018399301799252563,0.4978709281440869,0.0,0.0,0.0,0.051695103036012234,0.1267686666052833,0.49216463147370965,H02
0.5631924953846639,0.2247833627539101,0.35523646010349375,0.008821750413474506,0.018399301799252563,0.4978709281440869,0.0,0.0,0.0,0.051695103036012234,0.1267686666052833,0.49216463147370965,H02
0.5631924953846639,0.2247833627539101,0.35523646010349375,0.008821750413474506,0.018399301799252563,0.4978709281440869,0.0,0.0,0.0,0.051695103036012234,0.1267686666052833,0.49216463147370965,H02
0.7634395215903743,0.0,0.4113691404053925,0.04581437875880526,0.0,0.0,0.0,0.0,0.028777626671465276,0.0,0.665574423012772,0.46768364435818094,H03
0.7634395215903743,0.0,0.4113691404053925,0.04581437875880526,0.0,0.0,0.0,0.0,0.028777626671465276,0.0,0.665574423012772,0.46768364435818094,H03
0.7634395215903743,0.0,0.4113691404053925,0.04581437875880526,0.0,0.0,0.0,0.0,0.028777626671465276,0.0,0.665574423012772,0.46768364435818094,H03
0.7434688797790965,0.976741150458048,0.45560788982380207,0.0,0.0,0.0,0.0,0.0,0.0,0.0,0.0,0.24097335256495783,H04
0.7434688797790965,0.976741150458048,0.45560788982380207,0.0,0.0,0.0,0.0,0.0,0.0,0.0,0.0,0.24097335256495783,H04
0.7434688797790965,0.976741150458048,0.45560788982380207,0.0,0.0,0.0,0.0,0.0,0.0,0.0,0.0,0.24097335256495783,H04
0.0,0.0,0.49912830592076446,0.0,0.0,0.0,0.962212767869315,0.853496990878391,0.4987057564983629,0.5584625732989531,0.7682336025760824,0.08814385329062953,H05
0.0,0.0,0.49912830592076446,0.0,0.0,0.0,0.962212767869315,0.853496990878391,0.4987057564983629,0.5584625732989531,0.7682336025760824,0.08814385329062953,H05
0.0,0.0,0.49912830592076446,0.0,0.0,0.0,0.962212767869315,0.853496990878391,0.4987057564983629,0.5584625732989531,0.7682336025760824,0.08814385329062953,H05
0.0,0.1740729125005439,0.15372675984820078,0.010839657722065082,0.08700310454155981,0.01274402821631526,0.0,0.0,0.0,0.016158090654626825,0.1350420487684093,0.8260239011820119,H06
0.0,0.1740729125005439,0.15372675984820078,0.010839657722065082,0.08700310454155981,0.01274402821631526,0.0,0.0,0.0,0.016158090654626825,0.1350420487684093,0.8260239011820119,H06
0.0,0.1740729125005439,0.15372675984820078,0.010839657722065082,0.08700310454155981,0.01274402821631526,0.0,0.0,0.0,0.016158090654626825,0.1350420487684093,0.8260239011820119,H06
0.0,0.0,0.5250226954138486,0.0,0.0013398692810457514,0.5528198934458532,0.0,0.5307820447801045,0.0,0.6722244391154435,0.0,0.48557983657884435,H01
0.0,0.0,0.5250226954138486,0.0,0.0013398692810457514,0.5528198934458532,0.0,0.5307820447801045,0.0,0.6722244391154435,0.0,0.48557983657884435,H01
0.0,0.0,0.5250226954138486,0.0,0.0013398692810457514,0.5528198934458532,0.0,0.5307820447801045,0.0,0.6722244391154435,0.0,0.48557983657884435,H01
0.5631924953846639,0.2247833627539101,0.35523646010349375,0.008821750413474506,0.018399301799252563,0.4978709281440869,0.0,0.0,0.0,0.051695103036012234,0.1267686666052833,0.49216463147370965,H02
0.5631924953846639,0.2247833627539101,0.35523646010349375,0.008821750413474506,0.018399301799252563,0.4978709281440869,0.0,0.0,0.0,0.051695103036012234,0.1267686666052833,0.49216463147370965,H02
0.5631924953846639,0.2247833627539101,0.35523646010349375,0.008821750413474506,0.018399301799252563,0.4978709281440869,0.0,0.0,0.0,0.051695103036012234,0.1267686666052833,0.49216463147370965,H02
0.7634395215903743,0.0,0.4113691404053925,0.04581437875880526,0.0,0.0,0.0,0.0,0.028777626671465276,0.0,0.665574423012772,0.46768364435818094,H03
0.7634395215903743,0.0,0.4113691404053925,0.04581437875880526,0.0,0.0,0.0,0.0,0.028777626671465276,0.0,0.665574423012772,0.46768364435818094,H03
0.7634395215903743,0.0,0.4113691404053925,0.04581437875880526,0.0,0.0,0.0,0.0,0.028777626671465276,0.0,0.665574423012772,0.46768364435818094,H03
0.7434688797790965,0.976741150458048,0.45560788982380207,0.0,0.0,0.0,0.0,0.0,0.0,0.0,0.0,0.24097335256495783,H04
0.7434688797790965,0.976741150458048,0.45560788982380207,0.0,0.0,0.0,0.0,0.0,0.0,0.0,0.0,0.24097335256495783,H04
0.7434688797790965,0.976741150458048,0.45560788982380207,0.0,0.0,0.0,0.0,0.0,0.0,0.0,0.0,0.24097335256495783,H04
0.0,0.0,0.49912830592076446,0.0,0.0,0.0,0.962212767869315,0.853496990878391,0.4987057564983629,0.5584625732989531,0.7682336025760824,0.08814385329062953,H05
0.0,0.0,0.49912830592076446,0.0,0.0,0.0,0.962212767869315,0.853496990878391,0.4987057564983629,0.5584625732989531,0.7682336025760824,0.08814385329062953,H05
0.0,0.0,0.49912830592076446,0.0,0.0,0.0,0.962212767869315,0.853496990878391,0.4987057564983629,0.5584625732989531,0.7682336025760824,0.08814385329062953,H05
0.0,0.1740729125005439,0.15372675984820078,0.010839657722065082,0.08700310454155981,0.01274402821631526,0.0,0.0,0.0,0.016158090654626825,0.1350420487684093,0.8260239011820119,H06
0.0,0.1740729125005439,0.15372675984820078,0.010839657722065082,0.08700310454155981,0.01274402821631526,0.0,0.0,0.0,0.016158090654626825,0.1350420487684093,0.8260239011820119,H06
0.0,0.1740729125005439,0.15372675984820078,0.010839657722065082,0.08700310454155981,0.01274402821631526,0.0,0.0,0.0,0.016158090654626825,0.1350420487684093,0.8260239011820119,H06
0.0,0.0,0.5250226954138486,0.0,0.0013398692810457514,0.5528198934458532,0.0,0.5307820447801045,0.0,0.6722244391154435,0.0,0.48557983657884435,H01
0.0,0.0,0.5250226954138486,0.0,0.0013398692810457514,0.5528198934458532,0.0,0.5307820447801045,0.0,0.6722244391154435,0.0,0.48557983657884435,H01
0.0,0.0,0.5250226954138486,0.0,0.0013398692810457514,0.5528198934458532,0.0,0.5307820447801045,0.0,0.6722244391154435,0.0,0.48557983657884435,H01
0.5631924953846639,0.2247833627539101,0.35523646010349375,0.008821750413474506,0.018399301799252563,0.4978709281440869,0.0,0.0,0.0,0.051695103036012234,0.1267686666052833,0.49216463147370965,H02
0.5631924953846639,0.2247833627539101,0.35523646010349375,0.008821750413474506,0.018399301799252563,0.4978709281440869,0.0,0.0,0.0,0.051695103036012234,0.1267686666052833,0.49216463147370965,H02
0.5631924953846639,0.2247833627539101,0.35523646010349375,0.008821750413474506,0.018399301799252563,0.4978709281440869,0.0,0.0,0.0,0.051695103036012234,0.1267686666052833,0.49216463147370965,H02
0.7634395215903743,0.0,0.4113691404053925,0.04581437875880526,0.0,0.0,0.0,0.0,0.028777626671465276,0.0,0.665574423012772,0.46768364435818094,H03
0.7634395215903743,0.0,0.4113691404053925,0.04581437875880526,0.0,0.0,0.0,0.0,0.028777626671465276,0.0,0.665574423012772,0.46768364435818094,H03
0.7634395215903743,0.0,0.4113691404053925,0.04581437875880526,0.0,0.0,0.0,0.0,0.028777626671465276,0.0,0.665574423012772,0.46768364435818094,H03
0.7434688797790965,0.976741150458048,0.45560788982380207,0.0,0.0,0.0,0.0,0.0,0.0,0.0,0.0,0.24097335256495783,H04
0.7434688797790965,0.976741150458048,0.45560788982380207,0.0,0.0,0.0,0.0,0.0,0.0,0.0,0.0,0.24097335256495783,H04
0.7434688797790965,0.976741150458048,0.45560788982380207,0.0,0.0,0.0,0.0,0.0,0.0,0.0,0.0,0.24097335256495783,H04
0.0,0.0,0.49912830592076446,0.0,0.0,0.0,0.962212767869315,0.853496990878391,0.4987057564983629,0.5584625732989531,0.7682336025760824,0.08814385329062953,H05
0.0,0.0,0.49912830592076446,0.0,0.0,0.0,0.962212767869315,0.853496990878391,0.4987057564983629,0.5584625732989531,0.7682336025760824,0.08814385329062953,H05
0.0,0.0,0.49912830592076446,0.0,0.0,0.0,0.962212767869315,0.853496990878391,0.4987057564983629,0.5584625732989531,0.7682336025760824,0.08814385329062953,H05
0.0,0.1740729125005439,0.15372675984820078,0.010839657722065082,0.08700310454155981,0.01274402821631526,0.0,0.0,0.0,0.016158090654626825,0.1350420487684093,0.8260239011820119,H06
0.0,0.1740729125005439,0.15372675984820078,0.010839657722065082,0.08700310454155981,0.01274402821631526,0.0,0.0,0.0,0.016158090654626825,0.1350420487684093,0.8260239011820119,H06
0.0,0.1740729125005439,0.15372675984820078,0.010839657722065082,0.08700310454155981,0.01274402821631526,0.0,0.0,0.0,0.016158090654626825,0.1350420487684093,0.8260239011820119,H06
0.0,0.0,0.01714662735397906,0.0,0.0,0.5236760686349242,0.0,0.004126762243555598,0.0,0.003684390320319758,0.0,0.848924411131783,H01
0.0,0.0,0.01714662735397906,0.0,0.0,0.5236760686349242,0.0,0.004126762243555598,0.0,0.003684390320319758,0.0,0.848924411131783,H01
0.0,0.0,0.01714662735397906,0.0,0.0,0.5236760686349242,0.0,0.004126762243555598,0.0,0.003684390320319758,0.0,0.848924411131783,H01
0.020100179425505682,0.01913364097403254,0.008930227088230882,0.002097329888027562,0.01981423597991772,0.465941697980725,0.0,0.0,0.0,0.0009685863874345546,0.011995435779405077,0.854426430607576,H02
0.020100179425505682,0.01913364097403254,0.008930227088230882,0.002097329888027562,0.01981423597991772,0.465941697980725,0.0,0.0,0.0,0.0009685863874345546,0.011995435779405077,0.854426430607576,H02
0.020100179425505682,0.01913364097403254,0.008930227088230882,0.002097329888027562,0.01981423597991772,0.465941697980725,0.0,0.0,0.0,0.0009685863874345546,0.011995435779405077,0.854426430607576,H02
0.05685803406372693,0.0,0.027222768591061576,0.006185395297534559,0.0,0.0,0.0,0.0,0.0269898855042569,0.0,0.06517526993644435,0.9789206838213006,H03
0.05685803406372693,0.0,0.027222768591061576,0.006185395297534559,0.0,0.0,0.0,0.0,0.0269898855042569,0.0,0.06517526993644435,0.9789206838213006,H03
0.05685803406372693,0.0,0.027222768591061576,0.006185395297534559,0.0,0.0,0.0,0.0,0.0269898855042569,0.0,0.06517526993644435,0.9789206838213006,H03
0.05004939705475816,0.09030211147228658,0.009475605775903452,0.0,0.0,0.0,0.0,0.0,0.0,0.0,0.0,0.9880297236900032,H04
0.05004939705475816,0.09030211147228658,0.009475605775903452,0.0,0.0,0.0,0.0,0.0,0.0,0.0,0.0,0.9880297236900032,H04
0.05004939705475816,0.09030211147228658,0.009475605775903452,0.0,0.0,0.0,0.0,0.0,0.0,0.0,0.0,0.9880297236900032,H04
0.0,0.0,0.004709216865405262,0.0,0.0,0.0,0.9621681588801525,0.0,0.009786603086296301,0.004138000475966289,0.005766812712577313,0.43542080699317326,H05
0.0,0.0,0.004709216865405262,0.0,0.0,0.0,0.9621681588801525,0.0,0.009786603086296301,0.004138000475966289,0.005766812712577313,0.43542080699317326,H05
0.0,0.0,0.004709216865405262,0.0,0.0,0.0,0.9621681588801525,0.0,0.009786603086296301,0.004138000475966289,0.005766812712577313,0.43542080699317326,H05
0.0,0.015190813812193995,0.0024099715129120825,0.0,0.11365137707965334,0.006603064068036069,0.0,0.0,0.0,0.0,0.0210839189320734,0.932170363368995,H06
0.0,0.015190813812193995,0.0024099715129120825,0.0,0.11365137707965334,0.006603064068036069,0.0,0.0,0.0,0.0,0.0210839189320734,0.932170363368995,H06
0.0,0.015190813812193995,0.0024099715129120825,0.0,0.11365137707965334,0.006603064068036069,0.0,0.0,0.0,0.0,0.0210839189320734,0.932170363368995,H06
0.0,0.0,0.01714662735397906,0.0,0.0,0.5236760686349242,0.0,0.004126762243555598,0.0,0.003684390320319758,0.0,0.848924411131783,H01
0.0,0.0,0.01714662735397906,0.0,0.0,0.5236760686349242,0.0,0.004126762243555598,0.0,0.003684390320319758,0.0,0.848924411131783,H01
0.0,0.0,0.01714662735397906,0.0,0.0,0.5236760686349242,0.0,0.004126762243555598,0.0,0.003684390320319758,0.0,0.848924411131783,H01
0.020100179425505682,0.01913364097403254,0.008930227088230882,0.002097329888027562,0.01981423597991772,0.465941697980725,0.0,0.0,0.0,0.0009685863874345546,0.011995435779405077,0.854426430607576,H02
0.020100179425505682,0.01913364097403254,0.008930227088230882,0.002097329888027562,0.01981423597991772,0.465941697980725,0.0,0.0,0.0,0.0009685863874345546,0.011995435779405077,0.854426430607576,H02
0.020100179425505682,0.01913364097403254,0.008930227088230882,0.002097329888027562,0.01981423597991772,0.465941697980725,0.0,0.0,0.0,0.0009685863874345546,0.011995435779405077,0.854426430607576,H02
0.05685803406372693,0.0,0.027222768591061576,0.006185395297534559,0.0,0.0,0.0,0.0,0.0269898855042569,0.0,0.06517526993644435,0.9789206838213006,H03
0.05685803406372693,0.0,0.027222768591061576,0.006185395297534559,0.0,0.0,0.0,0.0,0.0269898855042569,0.0,0.06517526993644435,0.9789206838213006,H03
0.05685803406372693,0.0,0.027222768591061576,0.006185395297534559,0.0,0.0,0.0,0.0,0.0269898855042569,0.0,0.06517526993644435,0.9789206838213006,H03
0.05004939705475816,0.09030211147228658,0.009475605775903452,0.0,0.0,0.0,0.0,0.0,0.0,0.0,0.0,0.9880297236900032,H04
0.05004939705475816,0.09030211147228658,0.009475605775903452,0.0,0.0,0.0,0.0,0.0,0.0,0.0,0.0,0.9880297236900032,H04
0.05004939705475816,0.09030211147228658,0.009475605775903452,0.0,0.0,0.0,0.0,0.0,0.0,0.0,0.0,0.9880297236900032,H04
0.0,0.0,0.004709216865405262,0.0,0.0,0.0,0.9621681588801525,0.0,0.009786603086296301,0.004138000475966289,0.005766812712577313,0.43542080699317326,H05
0.0,0.0,0.004709216865405262,0.0,0.0,0.0,0.9621681588801525,0.0,0.009786603086296301,0.004138000475966289,0.005766812712577313,0.43542080699317326,H05
0.0,0.0,0.004709216865405262,0.0,0.0,0.0,0.9621681588801525,0.0,0.009786603086296301,0.004138000475966289,0.005766812712577313,0.43542080699317326,H05
0.0,0.015190813812193995,0.0024099715129120825,0.0,0.11365137707965334,0.006603064068036069,0.0,0.0,0.0,0.0,0.0210839189320734,0.932170363368995,H06
0.0,0.015190813812193995,0.0024099715129120825,0.0,0.11365137707965334,0.006603064068036069,0.0,0.0,0.0,0.0,0.0210839189320734,0.932170363368995,H06
0.0,0.015190813812193995,0.0024099715129120825,0.0,0.11365137707965334,0.006603064068036069,0.0,0.0,0.0,0.0,0.0210839189320734,0.932170363368995,H06
0.0,0.0,0.01714662735397906,0.0,0.0,0.5236760686349242,0.0,0.004126762243555598,0.0,0.003684390320319758,0.0,0.848924411131783,H01
0.0,0.0,0.01714662735397906,0.0,0.0,0.5236760686349242,0.0,0.004126762243555598,0.0,0.003684390320319758,0.0,0.848924411131783,H01
0.0,0.0,0.01714662735397906,0.0,0.0,0.5236760686349242,0.0,0.004126762243555598,0.0,0.003684390320319758,0.0,0.848924411131783,H01
0.020100179425505682,0.01913364097403254,0.008930227088230882,0.002097329888027562,0.01981423597991772,0.465941697980725,0.0,0.0,0.0,0.0009685863874345546,0.011995435779405077,0.854426430607576,H02
0.020100179425505682,0.01913364097403254,0.008930227088230882,0.002097329888027562,0.01981423597991772,0.465941697980725,0.0,0.0,0.0,0.0009685863874345546,0.011995435779405077,0.854426430607576,H02
0.020100179425505682,0.01913364097403254,0.008930227088230882,0.002097329888027562,0.01981423597991772,0.465941697980725,0.0,0.0,0.0,0.0009685863874345546,0.011995435779405077,0.854426430607576,H02
0.05685803406372693,0.0,0.027222768591061576,0.006185395297534559,0.0,0.0,0.0,0.0,0.0269898855042569,0.0,0.06517526993644435,0.9789206838213006,H03
0.05685803406372693,0.0,0.027222768591061576,0.006185395297534559,0.0,0.0,0.0,0.0,0.0269898855042569,0.0,0.06517526993644435,0.9789206838213006,H03
0.05685803406372693,0.0,0.027222768591061576,0.006185395297534559,0.0,0.0,0.0,0.0,0.0269898855042569,0.0,0.06517526993644435,0.9789206838213006,H03
0.05004939705475816,0.09030211147228658,0.009475605775903452,0.0,0.0,0.0,0.0,0.0,0.0,0.0,0.0,0.9880297236900032,H04
0.05004939705475816,0.09030211147228658,0.009475605775903452,0.0,0.0,0.0,0.0,0.0,0.0,0.0,0.0,0.9880297236900032,H04
0.05004939705475816,0.09030211147228658,0.009475605775903452,0.0,0.0,0.0,0.0,0.0,0.0,0.0,0.0,0.9880297236900032,H04
0.0,0.0,0.004709216865405262,0.0,0.0,0.0,0.9621681588801525,0.0,0.009786603086296301,0.004138000475966289,0.005766812712577313,0.43542080699317326,H05
0.0,0.0,0.004709216865405262,0.0,0.0,0.0,0.9621681588801525,0.0,0.009786603086296301,0.004138000475966289,0.005766812712577313,0.43542080699317326,H05
0.0,0.0,0.004709216865405262,0.0,0.0,0.0,0.9621681588801525,0.0,0.009786603086296301,0.004138000475966289,0.005766812712577313,0.43542080699317326,H05
0.0,0.015190813812193995,0.0024099715129120825,0.0,0.11365137707965334,0.006603064068036069,0.0,0.0,0.0,0.0,0.0210839189320734,0.932170363368995,H06
0.0,0.015190813812193995,0.0024099715129120825,0.0,0.11365137707965334,0.006603064068036069,0.0,0.0,0.0,0.0,0.0210839189320734,0.932170363368995,H06
0.0,0.015190813812193995,0.0024099715129120825,0.0,0.11365137707965334,0.006603064068036069,0.0,0.0,0.0,0.0,0.0210839189320734,0.932170363368995,H06
0.0,0.0,0.5250226954138486,0.0,0.0013398692810457514,0.5528198934458532,0.0,0.5307820447801045,0.0,0.6722244391154435,0.0,0.48557983657884435,H01
0.0,0.0,0.5250226954138486,0.0,0.0013398692810457514,0.5528198934458532,0.0,0.5307820447801045,0.0,0.6722244391154435,0.0,0.48557983657884435,H01
0.0,0.0,0.5250226954138486,0.0,0.0013398692810457514,0.5528198934458532,0.0,0.5307820447801045,0.0,0.6722244391154435,0.0,0.48557983657884435,H01
0.5631924953846639,0.2247833627539101,0.35523646010349375,0.008821750413474506,0.018399301799252563,0.4978709281440869,0.0,0.0,0.0,0.051695103036012234,0.1267686666052833,0.49216463147370965,H02
0.5631924953846639,0.2247833627539101,0.35523646010349375,0.008821750413474506,0.018399301799252563,0.4978709281440869,0.0,0.0,0.0,0.051695103036012234,0.1267686666052833,0.49216463147370965,H02
0.5631924953846639,0.2247833627539101,0.35523646010349375,0.008821750413474506,0.018399301799252563,0.4978709281440869,0.0,0.0,0.0,0.051695103036012234,0.1267686666052833,0.49216463147370965,H02
0.7634395215903743,0.0,0.4113691404053925,0.04581437875880526,0.0,0.0,0.0,0.0,0.028777626671465276,0.0,0.665574423012772,0.46768364435818094,H03
0.7634395215903743,0.0,0.4113691404053925,0.04581437875880526,0.0,0.0,0.0,0.0,0.028777626671465276,0.0,0.665574423012772,0.46768364435818094,H03
0.7634395215903743,0.0,0.4113691404053925,0.04581437875880526,0.0,0.0,0.0,0.0,0.028777626671465276,0.0,0.665574423012772,0.46768364435818094,H03
0.7434688797790965,0.976741150458048,0.45560788982380207,0.0,0.0,0.0,0.0,0.0,0.0,0.0,0.0,0.24097335256495783,H04
0.7434688797790965,0.976741150458048,0.45560788982380207,0.0,0.0,0.0,0.0,0.0,0.0,0.0,0.0,0.24097335256495783,H04
0.7434688797790965,0.976741150458048,0.45560788982380207,0.0,0.0,0.0,0.0,0.0,0.0,0.0,0.0,0.24097335256495783,H04
0.0,0.0,0.49912830592076446,0.0,0.0,0.0,0.962212767869315,0.853496990878391,0.4987057564983629,0.5584625732989531,0.7682336025760824,0.08814385329062953,H05
0.0,0.0,0.49912830592076446,0.0,0.0,0.0,0.962212767869315,0.853496990878391,0.4987057564983629,0.5584625732989531,0.7682336025760824,0.08814385329062953,H05
0.0,0.0,0.49912830592076446,0.0,0.0,0.0,0.962212767869315,0.853496990878391,0.4987057564983629,0.5584625732989531,0.7682336025760824,0.08814385329062953,H05
0.0,0.1740729125005439,0.15372675984820078,0.010839657722065082,0.08700310454155981,0.01274402821631526,0.0,0.0,0.0,0.016158090654626825,0.1350420487684093,0.8260239011820119,H06
0.0,0.1740729125005439,0.15372675984820078,0.010839657722065082,0.08700310454155981,0.01274402821631526,0.0,0.0,0.0,0.016158090654626825,0.1350420487684093,0.8260239011820119,H06
0.0,0.1740729125005439,0.15372675984820078,0.010839657722065082,0.08700310454155981,0.01274402821631526,0.0,0.0,0.0,0.016158090654626825,0.1350420487684093,0.8260239011820119,H06
0.0,0.0,0.5250226954138486,0.0,0.0013398692810457514,0.5528198934458532,0.0,0.5307820447801045,0.0,0.6722244391154435,0.0,0.48557983657884435,H01
0.0,0.0,0.5250226954138486,0.0,0.0013398692810457514,0.5528198934458532,0.0,0.5307820447801045,0.0,0.6722244391154435,0.0,0.48557983657884435,H01
0.0,0.0,0.5250226954138486,0.0,0.0013398692810457514,0.5528198934458532,0.0,0.5307820447801045,0.0,0.6722244391154435,0.0,0.48557983657884435,H01
0.5631924953846639,0.2247833627539101,0.35523646010349375,0.008821750413474506,0.018399301799252563,0.4978709281440869,0.0,0.0,0.0,0.051695103036012234,0.1267686666052833,0.49216463147370965,H02
0.5631924953846639,0.2247833627539101,0.35523646010349375,0.008821750413474506,0.018399301799252563,0.4978709281440869,0.0,0.0,0.0,0.051695103036012234,0.1267686666052833,0.49216463147370965,H02
0.5631924953846639,0.2247833627539101,0.35523646010349375,0.008821750413474506,0.018399301799252563,0.4978709281440869,0.0,0.0,0.0,0.051695103036012234,0.1267686666052833,0.49216463147370965,H02
0.7634395215903743,0.0,0.4113691404053925,0.04581437875880526,0.0,0.0,0.0,0.0,0.028777626671465276,0.0,0.665574423012772,0.46768364435818094,H03
0.7634395215903743,0.0,0.4113691404053925,0.04581437875880526,0.0,0.0,0.0,0.0,0.028777626671465276,0.0,0.665574423012772,0.46768364435818094,H03
0.7634395215903743,0.0,0.4113691404053925,0.04581437875880526,0.0,0.0,0.0,0.0,0.028777626671465276,0.0,0.665574423012772,0.46768364435818094,H03
0.7434688797790965,0.976741150458048,0.45560788982380207,0.0,0.0,0.0,0.0,0.0,0.0,0.0,0.0,0.24097335256495783,H04
0.7434688797790965,0.976741150458048,0.45560788982380207,0.0,0.0,0.0,0.0,0.0,0.0,0.0,0.0,0.24097335256495783,H04
0.7434688797790965,0.976741150458048,0.45560788982380207,0.0,0.0,0.0,0.0,0.0,0.0,0.0,0.0,0.24097335256495783,H04
0.0,0.0,0.49912830592076446,0.0,0.0,0.0,0.962212767869315,0.853496990878391,0.4987057564983629,0.5584625732989531,0.7682336025760824,0.08814385329062953,H05
0.0,0.0,0.49912830592076446,0.0,0.0,0.0,0.962212767869315,0.853496990878391,0.4987057564983629,0.5584625732989531,0.7682336025760824,0.08814385329062953,H05
0.0,0.0,0.49912830592076446,0.0,0.0,0.0,0.962212767869315,0.853496990878391,0.4987057564983629,0.5584625732989531,0.7682336025760824,0.08814385329062953,H05
0.0,0.1740729125005439,0.15372675984820078,0.010839657722065082,0.08700310454155981,0.01274402821631526,0.0,0.0,0.0,0.016158090654626825,0.1350420487684093,0.8260239011820119,H06
0.0,0.1740729125005439,0.15372675984820078,0.010839657722065082,0.08700310454155981,0.01274402821631526,0.0,0.0,0.0,0.016158090654626825,0.1350420487684093,0.8260239011820119,H06
0.0,0.1740729125005439,0.15372675984820078,0.010839657722065082,0.08700310454155981,0.01274402821631526,0.0,0.0,0.0,0.016158090654626825,0.1350420487684093,0.8260239011820119,H06
0.0,0.0,0.5250226954138486,0.0,0.0013398692810457514,0.5528198934458532,0.0,0.5307820447801045,0.0,0.6722244391154435,0.0,0.48557983657884435,H01
0.0,0.0,0.5250226954138486,0.0,0.0013398692810457514,0.5528198934458532,0.0,0.5307820447801045,0.0,0.6722244391154435,0.0,0.48557983657884435,H01
0.0,0.0,0.5250226954138486,0.0,0.0013398692810457514,0.5528198934458532,0.0,0.5307820447801045,0.0,0.6722244391154435,0.0,0.48557983657884435,H01
0.5631924953846639,0.2247833627539101,0.35523646010349375,0.008821750413474506,0.018399301799252563,0.4978709281440869,0.0,0.0,0.0,0.051695103036012234,0.1267686666052833,0.49216463147370965,H02
0.5631924953846639,0.2247833627539101,0.35523646010349375,0.008821750413474506,0.018399301799252563,0.4978709281440869,0.0,0.0,0.0,0.051695103036012234,0.1267686666052833,0.49216463147370965,H02
0.5631924953846639,0.2247833627539101,0.35523646010349375,0.008821750413474506,0.018399301799252563,0.4978709281440869,0.0,0.0,0.0,0.051695103036012234,0.1267686666052833,0.49216463147370965,H02
0.7634395215903743,0.0,0.4113691404053925,0.04581437875880526,0.0,0.0,0.0,0.0,0.028777626671465276,0.0,0.665574423012772,0.46768364435818094,H03
0.7634395215903743,0.0,0.4113691404053925,0.04581437875880526,0.0,0.0,0.0,0.0,0.028777626671465276,0.0,0.665574423012772,0.46768364435818094,H03
0.7634395215903743,0.0,0.4113691404053925,0.04581437875880526,0.0,0.0,0.0,0.0,0.028777626671465276,0.0,0.665574423012772,0.46768364435818094,H03
0.7434688797790965,0.976741150458048,0.45560788982380207,0.0,0.0,0.0,0.0,0.0,0.0,0.0,0.0,0.24097335256495783,H04
0.7434688797790965,0.976741150458048,0.45560788982380207,0.0,0.0,0.0,0.0,0.0,0.0,0.0,0.0,0.24097335256495783,H04
0.7434688797790965,0.976741150458048,0.45560788982380207,0.0,0.0,0.0,0.0,0.0,0.0,0.0,0.0,0.24097335256495783,H04
0.0,0.0,0.49912830592076446,0.0,0.0,0.0,0.962212767869315,0.853496990878391,0.4987057564983629,0.5584625732989531,0.7682336025760824,0.08814385329062953,H05
0.0,0.0,0.49912830592076446,0.0,0.0,0.0,0.962212767869315,0.853496990878391,0.4987057564983629,0.5584625732989531,0.7682336025760824,0.08814385329062953,H05
0.0,0.0,0.49912830592076446,0.0,0.0,0.0,0.962212767869315,0.853496990878391,0.4987057564983629,0.5584625732989531,0.7682336025760824,0.08814385329062953,H05
0.0,0.1740729125005439,0.15372675984820078,0.010839657722065082,0.08700310454155981,0.01274402821631526,0.0,0.0,0.0,0.016158090654626825,0.1350420487684093,0.8260239011820119,H06
0.0,0.1740729125005439,0.15372675984820078,0.010839657722065082,0.08700310454155981,0.01274402821631526,0.0,0.0,0.0,0.016158090654626825,0.1350420487684093,0.8260239011820119,H06
0.0,0.1740729125005439,0.15372675984820078,0.010839657722065082,0.08700310454155981,0.01274402821631526,0.0,0.0,0.0,0.016158090654626825,0.1350420487684093,0.8260239011820119,H06
0.0,0.0,0.5250226954138486,0.0,0.0013398692810457514,0.5528198934458532,0.0,0.5307820447801045,0.0,0.6722244391154435,0.0,0.48557983657884435,H01
0.0,0.0,0.5250226954138486,0.0,0.0013398692810457514,0.5528198934458532,0.0,0.5307820447801045,0.0,0.6722244391154435,0.0,0.48557983657884435,H01
0.0,0.0,0.5250226954138486,0.0,0.0013398692810457514,0.5528198934458532,0.0,0.5307820447801045,0.0,0.6722244391154435,0.0,0.48557983657884435,H01
0.5631924953846639,0.2247833627539101,0.35523646010349375,0.008821750413474506,0.018399301799252563,0.4978709281440869,0.0,0.0,0.0,0.051695103036012234,0.1267686666052833,0.49216463147370965,H02
0.5631924953846639,0.2247833627539101,0.35523646010349375,0.008821750413474506,0.018399301799252563,0.4978709281440869,0.0,0.0,0.0,0.051695103036012234,0.1267686666052833,0.49216463147370965,H02
0.5631924953846639,0.2247833627539101,0.35523646010349375,0.008821750413474506,0.018399301799252563,0.4978709281440869,0.0,0.0,0.0,0.051695103036012234,0.1267686666052833,0.49216463147370965,H02
0.7634395215903743,0.0,0.4113691404053925,0.04581437875880526,0.0,0.0,0.0,0.0,0.028777626671465276,0.0,0.665574423012772,0.46768364435818094,H03
0.7634395215903743,0.0,0.4113691404053925,0.04581437875880526,0.0,0.0,0.0,0.0,0.028777626671465276,0.0,0.665574423012772,0.46768364435818094,H03
0.7634395215903743,0.0,0.4113691404053925,0.04581437875880526,0.0,0.0,0.0,0.0,0.028777626671465276,0.0,0.665574423012772,0.46768364435818094,H03
0.7434688797790965,0.976741150458048,0.45560788982380207,0.0,0.0,0.0,0.0,0.0,0.0,0.0,0.0,0.24097335256495783,H04
0.7434688797790965,0.976741150458048,0.45560788982380207,0.0,0.0,0.0,0.0,0.0,0.0,0.0,0.0,0.24097335256495783,H04
0.7434688797790965,0.976741150458048,0.45560788982380207,0.0,0.0,0.0,0.0,0.0,0.0,0.0,0.0,0.24097335256495783,H04
0.0,0.0,0.49912830592076446,0.0,0.0,0.0,0.962212767869315,0.853496990878391,0.4987057564983629,0.5584625732989531,0.7682336025760824,0.08814385329062953,H05
0.0,0.0,0.49912830592076446,0.0,0.0,0.0,0.962212767869315,0.853496990878391,0.4987057564983629,0.5584625732989531,0.7682336025760824,0.08814385329062953,H05
0.0,0.0,0.49912830592076446,0.0,0.0,0.0,0.962212767869315,0.853496990878391,0.4987057564983629,0.5584625732989531,0.7682336025760824,0.08814385329062953,H05
0.0,0.1740729125005439,0.15372675984820078,0.010839657722065082,0.08700310454155981,0.01274402821631526,0.0,0.0,0.0,0.016158090654626825,0.1350420487684093,0.8260239011820119,H06
0.0,0.1740729125005439,0.15372675984820078,0.010839657722065082,0.08700310454155981,0.01274402821631526,0.0,0.0,0.0,0.016158090654626825,0.1350420487684093,0.8260239011820119,H06
0.0,0.1740729125005439,0.15372675984820078,0.010839657722065082,0.08700310454155981,0.01274402821631526,0.0,0.0,0.0,0.016158090654626825,0.1350420487684093,0.8260239011820119,H06
0.0,0.0022404063205417606,0.6463881797665323,0.0,0.0013398692810457514,0.17155740227521538,0.006839367643377535,0.02779512774705699,0.0,0.0772878339669324,0.0,0.5440758285631244,H01
0.0,0.0022404063205417606,0.6463881797665323,0.0,0.0013398692810457514,0.17155740227521538,0.006839367643377535,0.02779512774705699,0.0,0.0772878339669324,0.0,0.5440758285631244,H01
0.0,0.0022404063205417606,0.6463881797665323,0.0,0.0013398692810457514,0.17155740227521538,0.006839367643377535,0.02779512774705699,0.0,0.0772878339669324,0.0,0.5440758285631244,H01
0.6596823611854407,0.23117654749402142,0.41232237224538887,0.007864682871805228,0.01177126429024258,0.12181081014784251,0.0,0.0,0.002364385789105485,0.012732209342290912,0.1319656235903714,0.3726555612262104,H02
0.6596823611854407,0.23117654749402142,0.41232237224538887,0.007864682871805228,0.01177126429024258,0.12181081014784251,0.0,0.0,0.002364385789105485,0.012732209342290912,0.1319656235903714,0.3726555612262104,H02
0.6596823611854407,0.23117654749402142,0.41232237224538887,0.007864682871805228,0.01177126429024258,0.12181081014784251,0.0,0.0,0.002364385789105485,0.012732209342290912,0.1319656235903714,0.3726555612262104,H02
0.9367736323233912,0.0018551401869158878,0.6818659283948644,0.04249498567469221,0.0,0.0,0.010858361633951708,0.0,0.04252338913629035,0.0,0.6999391330885574,0.12747312211072215,H03
0.9367736323233912,0.0018551401869158878,0.6818659283948644,0.04249498567469221,0.0,0.0,0.010858361633951708,0.0,0.04252338913629035,0.0,0.6999391330885574,0.12747312211072215,H03
0.9367736323233912,0.0018551401869158878,0.6818659283948644,0.04249498567469221,0.0,0.0,0.010858361633951708,0.0,0.04252338913629035,0.0,0.6999391330885574,0.12747312211072215,H03
0.8820000904582819,0.9388104396269769,0.6679381623669889,0.0,0.0,0.0,0.0,0.0,0.0,0.0,0.004200909846239063,0.0874724375167964,H04
0.8820000904582819,0.9388104396269769,0.6679381623669889,0.0,0.0,0.0,0.0,0.0,0.0,0.0,0.004200909846239063,0.0874724375167964,H04
0.8820000904582819,0.9388104396269769,0.6679381623669889,0.0,0.0,0.0,0.0,0.0,0.0,0.0,0.004200909846239063,0.0874724375167964,H04
0.0,0.0,0.6761897899847831,0.0,0.0,0.0,0.971584913474587,0.004299943264338463,0.009646235571364022,0.016631594370412096,0.9129519505669965,0.02941865771999335,H05
0.0,0.0,0.6761897899847831,0.0,0.0,0.0,0.971584913474587,0.004299943264338463,0.009646235571364022,0.016631594370412096,0.9129519505669965,0.02941865771999335,H05
0.0,0.0,0.6761897899847831,0.0,0.0,0.0,0.971584913474587,0.004299943264338463,0.009646235571364022,0.016631594370412096,0.9129519505669965,0.02941865771999335,H05
0.0016857394366197184,0.18594370336624869,0.16654960129425259,0.00427308005951028,0.03804864346317244,0.006460376308641072,0.0,0.0,0.0,0.003121039466370206,0.22601014474689107,0.4574517158024268,H06
0.0016857394366197184,0.18594370336624869,0.16654960129425259,0.00427308005951028,0.03804864346317244,0.006460376308641072,0.0,0.0,0.0,0.003121039466370206,0.22601014474689107,0.4574517158024268,H06
0.0016857394366197184,0.18594370336624869,0.16654960129425259,0.00427308005951028,0.03804864346317244,0.006460376308641072,0.0,0.0,0.0,0.003121039466370206,0.22601014474689107,0.4574517158024268,H06
0.0,0.003742338480526317,0.5659543287177157,0.004185576837414134,0.0013398692810457514,0.17423997616013054,0.0019418187744458936,0.023790751888991955,0.0,0.02065733974330844,0.0,0.6108508881517176,H01
0.0,0.003742338480526317,0.5659543287177157,0.004185576837414134,0.0013398692810457514,0.17423997616013054,0.0019418187744458936,0.023790751888991955,0.0,0.02065733974330844,0.0,0.6108508881517176,H01
0.0,0.003742338480526317,0.5659543287177157,0.004185576837414134,0.0013398692810457514,0.17423997616013054,0.0019418187744458936,0.023790751888991955,0.0,0.02065733974330844,0.0,0.6108508881517176,H01
0.06765127924800195,0.21846598653511556,0.3500085863592907,0.02366473187620715,0.00929541887961456,0.15455688110611895,0.0,0.0,0.03392753254570598,0.003587995650964497,0.10194704956260155,0.45125297307870355,H02
0.06765127924800195,0.21846598653511556,0.3500085863592907,0.02366473187620715,0.00929541887961456,0.15455688110611895,0.0,0.0,0.03392753254570598,0.003587995650964497,0.10194704956260155,0.45125297307870355,H02
0.06765127924800195,0.21846598653511556,0.3500085863592907,0.02366473187620715,0.00929541887961456,0.15455688110611895,0.0,0.0,0.03392753254570598,0.003587995650964497,0.10194704956260155,0.45125297307870355,H02
0.15145052296337172,0.002320732657833203,0.5162735043346232,0.09690272222495924,0.0,0.0,0.0,0.0,0.7025180385128202,0.0,0.5658381928437812,0.21006365121787485,H03
0.15145052296337172,0.002320732657833203,0.5162735043346232,0.09690272222495924,0.0,0.0,0.0,0.0,0.7025180385128202,0.0,0.5658381928437812,0.21006365121787485,H03
0.15145052296337172,0.002320732657833203,0.5162735043346232,0.09690272222495924,0.0,0.0,0.0,0.0,0.7025180385128202,0.0,0.5658381928437812,0.21006365121787485,H03
0.12328900491362182,0.9036006929897339,0.5454099883756607,0.009352886729152066,0.0,0.0,0.0,0.0,0.007375802451926032,0.0,0.0021896316507503412,0.20836146297684638,H04
0.12328900491362182,0.9036006929897339,0.5454099883756607,0.009352886729152066,0.0,0.0,0.0,0.0,0.007375802451926032,0.0,0.0021896316507503412,0.20836146297684638,H04
0.12328900491362182,0.9036006929897339,0.5454099883756607,0.009352886729152066,0.0,0.0,0.0,0.0,0.007375802451926032,0.0,0.0021896316507503412,0.20836146297684638,H04
0.0,0.0,0.7464275645956923,0.004432180666049235,0.0,0.0,0.9142112205642091,0.0023288670983195488,0.6916699731702829,0.006338239451151771,0.9076939221349383,0.044973852771664234,H05
0.0,0.0,0.7464275645956923,0.004432180666049235,0.0,0.0,0.9142112205642091,0.0023288670983195488,0.6916699731702829,0.006338239451151771,0.9076939221349383,0.044973852771664234,H05
0.0,0.0,0.7464275645956923,0.004432180666049235,0.0,0.0,0.9142112205642091,0.0023288670983195488,0.6916699731702829,0.006338239451151771,0.9076939221349383,0.044973852771664234,H05
0.0,0.18020139450278957,0.1480186436591647,0.018756212890453275,0.033651998136942994,0.00832646637830147,0.0,0.0,0.025878767959352674,0.0,0.23194316062726528,0.4699182246887634,H06
0.0,0.18020139450278957,0.1480186436591647,0.018756212890453275,0.033651998136942994,0.00832646637830147,0.0,0.0,0.025878767959352674,0.0,0.23194316062726528,0.4699182246887634,H06
0.0,0.18020139450278957,0.1480186436591647,0.018756212890453275,0.033651998136942994,0.00832646637830147,0.0,0.0,0.025878767959352674,0.0,0.23194316062726528,0.4699182246887634,H06
0.0,0.0,0.5863831157354461,0.0,0.0,0.0,0.0,0.0,0.0,0.8978848243438529,0.0,0.3698257409175126,H01
0.0,0.0,0.5863831157354461,0.0,0.0,0.0,0.0,0.0,0.0,0.8978848243438529,0.0,0.3698257409175126,H01
0.0,0.0,0.5863831157354461,0.0,0.0,0.0,0.0,0.0,0.0,0.8978848243438529,0.0,0.3698257409175126,H01
0.6846379771460153,0.21832986581997943,0.3750736680202608,0.025696129288700735,0.0,0.0,0.0,0.0,0.0,0.15493099535141114,0.15347658488079252,0.3840169264743156,H02
0.6846379771460153,0.21832986581997943,0.3750736680202608,0.025696129288700735,0.0,0.0,0.0,0.0,0.0,0.15493099535141114,0.15347658488079252,0.3840169264743156,H02
0.6846379771460153,0.21832986581997943,0.3750736680202608,0.025696129288700735,0.0,0.0,0.0,0.0,0.0,0.15493099535141114,0.15347658488079252,0.3840169264743156,H02
0.9419703119015516,0.0,0.48857120998558295,0.08027846372503374,0.0,0.0,0.0,0.0,0.0022911322828875038,0.0,0.7650137558239472,0.21615454550166915,H03
0.9419703119015516,0.0,0.48857120998558295,0.08027846372503374,0.0,0.0,0.0,0.0,0.0022911322828875038,0.0,0.7650137558239472,0.21615454550166915,H03
0.9419703119015516,0.0,0.48857120998558295,0.08027846372503374,0.0,0.0,0.0,0.0,0.0022911322828875038,0.0,0.7650137558239472,0.21615454550166915,H03
0.9509744123650301,0.9499676442172226,0.6890617406243077,0.0,0.0,0.0,0.0,0.0,0.0,0.0,0.0,0.2683911425785751,H04
0.9509744123650301,0.9499676442172226,0.6890617406243077,0.0,0.0,0.0,0.0,0.0,0.0,0.0,0.0,0.2683911425785751,H04
0.9509744123650301,0.9499676442172226,0.6890617406243077,0.0,0.0,0.0,0.0,0.0,0.0,0.0,0.0,0.2683911425785751,H04
0.0,0.0,0.5635967193271043,0.0,0.0,0.0,0.9013953837091626,0.0,0.0,0.9409192452991101,0.8874453552408825,0.06908859295692046,H05
0.0,0.0,0.5635967193271043,0.0,0.0,0.0,0.9013953837091626,0.0,0.0,0.9409192452991101,0.8874453552408825,0.06908859295692046,H05
0.0,0.0,0.5635967193271043,0.0,0.0,0.0,0.9013953837091626,0.0,0.0,0.9409192452991101,0.8874453552408825,0.06908859295692046,H05
0.0,0.1635820698813508,0.1374267331305807,0.018286897535990734,0.0,0.0,0.0,0.0,0.0,0.03983594284318828,0.22909080413762958,0.6570870387977941,H06
0.0,0.1635820698813508,0.1374267331305807,0.018286897535990734,0.0,0.0,0.0,0.0,0.0,0.03983594284318828,0.22909080413762958,0.6570870387977941,H06
0.0,0.1635820698813508,0.1374267331305807,0.018286897535990734,0.0,0.0,0.0,0.0,0.0,0.03983594284318828,0.22909080413762958,0.6570870387977941,H06
0.0,0.0,0.5635606940514842,0.0,0.0,0.0,0.0,0.0,0.0,0.8175842050904096,0.0,0.5299597857193352,H01
0.0,0.0,0.5635606940514842,0.0,0.0,0.0,0.0,0.0,0.0,0.8175842050904096,0.0,0.5299597857193352,H01
0.0,0.0,0.5635606940514842,0.0,0.0,0.0,0.0,0.0,0.0,0.8175842050904096,0.0,0.5299597857193352,H01
0.7210989830479739,0.2210924040503914,0.4120925285708879,0.020654656794453722,0.01869661730494688,0.0,0.0,0.0,0.002364385789105485,0.09247787074638561,0.130047446653405,0.3157052423296418,H02
0.7210989830479739,0.2210924040503914,0.4120925285708879,0.020654656794453722,0.01869661730494688,0.0,0.0,0.0,0.002364385789105485,0.09247787074638561,0.130047446653405,0.3157052423296418,H02
0.7210989830479739,0.2210924040503914,0.4120925285708879,0.020654656794453722,0.01869661730494688,0.0,0.0,0.0,0.002364385789105485,0.09247787074638561,0.130047446653405,0.3157052423296418,H02
0.9906690112786581,0.0,0.6930313441231526,0.015281423869477152,0.0,0.0,0.0,0.0,0.00202845185569686,0.0,0.7687819545426189,0.0036200401914336993,H03
0.9906690112786581,0.0,0.6930313441231526,0.015281423869477152,0.0,0.0,0.0,0.0,0.00202845185569686,0.0,0.7687819545426189,0.0036200401914336993,H03
0.9906690112786581,0.0,0.6930313441231526,0.015281423869477152,0.0,0.0,0.0,0.0,0.00202845185569686,0.0,0.7687819545426189,0.0036200401914336993,H03
0.9828037342024923,0.9121727935719411,0.790437537832519,0.0,0.0,0.0,0.0,0.0,0.0,0.0,0.0,0.006041833576718689,H04
0.9828037342024923,0.9121727935719411,0.790437537832519,0.0,0.0,0.0,0.0,0.0,0.0,0.0,0.0,0.006041833576718689,H04
0.9828037342024923,0.9121727935719411,0.790437537832519,0.0,0.0,0.0,0.0,0.0,0.0,0.0,0.0,0.006041833576718689,H04
0.0,0.0,0.8108932017194281,0.001592197035745422,0.0,0.0,0.04074472965059854,0.0,0.0,0.798885870350359,0.8218554324021037,0.20061972384282986,H05
0.0,0.0,0.8108932017194281,0.001592197035745422,0.0,0.0,0.04074472965059854,0.0,0.0,0.798885870350359,0.8218554324021037,0.20061972384282986,H05
0.0,0.0,0.8108932017194281,0.001592197035745422,0.0,0.0,0.04074472965059854,0.0,0.0,0.798885870350359,0.8218554324021037,0.20061972384282986,H05
0.0,0.17935668339860428,0.16085698954169791,0.014234919555169813,0.10139834941456458,0.0,0.0,0.0,0.0,0.06212398894002709,0.2564602660067746,0.3513073980043904,H06
0.0,0.17935668339860428,0.16085698954169791,0.014234919555169813,0.10139834941456458,0.0,0.0,0.0,0.0,0.06212398894002709,0.2564602660067746,0.3513073980043904,H06
0.0,0.17935668339860428,0.16085698954169791,0.014234919555169813,0.10139834941456458,0.0,0.0,0.0,0.0,0.06212398894002709,0.2564602660067746,0.3513073980043904,H06
0.0,0.0,0.5863831157354461,0.0,0.0,0.0,0.0,0.0,0.0,0.8978848243438529,0.0,0.3698257409175126,H01
0.0,0.0,0.5863831157354461,0.0,0.0,0.0,0.0,0.0,0.0,0.8978848243438529,0.0,0.3698257409175126,H01
0.0,0.0,0.5863831157354461,0.0,0.0,0.0,0.0,0.0,0.0,0.8978848243438529,0.0,0.3698257409175126,H01
0.6846379771460153,0.21832986581997943,0.3750736680202608,0.025696129288700735,0.0,0.0,0.0,0.0,0.0,0.15493099535141114,0.15347658488079252,0.3840169264743156,H02
0.6846379771460153,0.21832986581997943,0.3750736680202608,0.025696129288700735,0.0,0.0,0.0,0.0,0.0,0.15493099535141114,0.15347658488079252,0.3840169264743156,H02
0.6846379771460153,0.21832986581997943,0.3750736680202608,0.025696129288700735,0.0,0.0,0.0,0.0,0.0,0.15493099535141114,0.15347658488079252,0.3840169264743156,H02
0.9419703119015516,0.0,0.48857120998558295,0.08027846372503374,0.0,0.0,0.0,0.0,0.0022911322828875038,0.0,0.7650137558239472,0.21615454550166915,H03
0.9419703119015516,0.0,0.48857120998558295,0.08027846372503374,0.0,0.0,0.0,0.0,0.0022911322828875038,0.0,0.7650137558239472,0.21615454550166915,H03
0.9419703119015516,0.0,0.48857120998558295,0.08027846372503374,0.0,0.0,0.0,0.0,0.0022911322828875038,0.0,0.7650137558239472,0.21615454550166915,H03
0.9509744123650301,0.9499676442172226,0.6890617406243077,0.0,0.0,0.0,0.0,0.0,0.0,0.0,0.0,0.2683911425785751,H04
0.9509744123650301,0.9499676442172226,0.6890617406243077,0.0,0.0,0.0,0.0,0.0,0.0,0.0,0.0,0.2683911425785751,H04
0.9509744123650301,0.9499676442172226,0.6890617406243077,0.0,0.0,0.0,0.0,0.0,0.0,0.0,0.0,0.2683911425785751,H04
0.0,0.0,0.5635967193271043,0.0,0.0,0.0,0.9013953837091626,0.0,0.0,0.9409192452991101,0.8874453552408825,0.06908859295692046,H05
0.0,0.0,0.5635967193271043,0.0,0.0,0.0,0.9013953837091626,0.0,0.0,0.9409192452991101,0.8874453552408825,0.06908859295692046,H05
0.0,0.0,0.5635967193271043,0.0,0.0,0.0,0.9013953837091626,0.0,0.0,0.9409192452991101,0.8874453552408825,0.06908859295692046,H05
0.0,0.1635820698813508,0.1374267331305807,0.018286897535990734,0.0,0.0,0.0,0.0,0.0,0.03983594284318828,0.22909080413762958,0.6570870387977941,H06
0.0,0.1635820698813508,0.1374267331305807,0.018286897535990734,0.0,0.0,0.0,0.0,0.0,0.03983594284318828,0.22909080413762958,0.6570870387977941,H06
0.0,0.1635820698813508,0.1374267331305807,0.018286897535990734,0.0,0.0,0.0,0.0,0.0,0.03983594284318828,0.22909080413762958,0.6570870387977941,H06
0.0,0.0,0.5863831157354461,0.0,0.0,0.0,0.0,0.0,0.0,0.8978848243438529,0.0,0.3698257409175126,H01
0.0,0.0,0.5863831157354461,0.0,0.0,0.0,0.0,0.0,0.0,0.8978848243438529,0.0,0.3698257409175126,H01
0.0,0.0,0.5863831157354461,0.0,0.0,0.0,0.0,0.0,0.0,0.8978848243438529,0.0,0.3698257409175126,H01
0.6846379771460153,0.21832986581997943,0.3750736680202608,0.025696129288700735,0.0,0.0,0.0,0.0,0.0,0.15493099535141114,0.15347658488079252,0.3840169264743156,H02
0.6846379771460153,0.21832986581997943,0.3750736680202608,0.025696129288700735,0.0,0.0,0.0,0.0,0.0,0.15493099535141114,0.15347658488079252,0.3840169264743156,H02
0.6846379771460153,0.21832986581997943,0.3750736680202608,0.025696129288700735,0.0,0.0,0.0,0.0,0.0,0.15493099535141114,0.15347658488079252,0.3840169264743156,H02
0.9419703119015516,0.0,0.48857120998558295,0.08027846372503374,0.0,0.0,0.0,0.0,0.0022911322828875038,0.0,0.7650137558239472,0.21615454550166915,H03
0.9419703119015516,0.0,0.48857120998558295,0.08027846372503374,0.0,0.0,0.0,0.0,0.0022911322828875038,0.0,0.7650137558239472,0.21615454550166915,H03
0.9419703119015516,0.0,0.48857120998558295,0.08027846372503374,0.0,0.0,0.0,0.0,0.0022911322828875038,0.0,0.7650137558239472,0.21615454550166915,H03
0.9509744123650301,0.9499676442172226,0.6890617406243077,0.0,0.0,0.0,0.0,0.0,0.0,0.0,0.0,0.2683911425785751,H04
0.9509744123650301,0.9499676442172226,0.6890617406243077,0.0,0.0,0.0,0.0,0.0,0.0,0.0,0.0,0.2683911425785751,H04
0.9509744123650301,0.9499676442172226,0.6890617406243077,0.0,0.0,0.0,0.0,0.0,0.0,0.0,0.0,0.2683911425785751,H04
0.0,0.0,0.5635967193271043,0.0,0.0,0.0,0.9013953837091626,0.0,0.0,0.9409192452991101,0.8874453552408825,0.06908859295692046,H05
0.0,0.0,0.5635967193271043,0.0,0.0,0.0,0.9013953837091626,0.0,0.0,0.9409192452991101,0.8874453552408825,0.06908859295692046,H05
0.0,0.0,0.5635967193271043,0.0,0.0,0.0,0.9013953837091626,0.0,0.0,0.9409192452991101,0.8874453552408825,0.06908859295692046,H05
0.0,0.1635820698813508,0.1374267331305807,0.018286897535990734,0.0,0.0,0.0,0.0,0.0,0.03983594284318828,0.22909080413762958,0.6570870387977941,H06
0.0,0.1635820698813508,0.1374267331305807,0.018286897535990734,0.0,0.0,0.0,0.0,0.0,0.03983594284318828,0.22909080413762958,0.6570870387977941,H06
0.0,0.1635820698813508,0.1374267331305807,0.018286897535990734,0.0,0.0,0.0,0.0,0.0,0.03983594284318828,0.22909080413762958,0.6570870387977941,H06
0.0,0.0,0.46532325285785064,0.0,0.00444766081871345,0.0022365552325581397,0.0,0.0,0.0,0.0037064770240700217,0.0,0.7483654407736867,H01
0.0,0.0,0.46532325285785064,0.0,0.00444766081871345,0.0022365552325581397,0.0,0.0,0.0,0.0037064770240700217,0.0,0.7483654407736867,H01
0.0,0.0,0.46532325285785064,0.0,0.00444766081871345,0.0022365552325581397,0.0,0.0,0.0,0.0037064770240700217,0.0,0.7483654407736867,H01
0.004230886665364779,0.1406207033921641,0.16805215863775266,0.02579548890404597,0.02218594477790809,0.0,0.0,0.0,0.06289308934223177,0.0,0.09592616899415209,0.7467601574425765,H02
0.004230886665364779,0.1406207033921641,0.16805215863775266,0.02579548890404597,0.02218594477790809,0.0,0.0,0.0,0.06289308934223177,0.0,0.09592616899415209,0.7467601574425765,H02
0.004230886665364779,0.1406207033921641,0.16805215863775266,0.02579548890404597,0.02218594477790809,0.0,0.0,0.0,0.06289308934223177,0.0,0.09592616899415209,0.7467601574425765,H02
0.0018460796915167092,0.0,0.18092130915997098,0.0773621652350198,0.0,0.0,0.0,0.0,0.7902409603429987,0.0,0.3417411965069692,0.6041692349973223,H03
0.0018460796915167092,0.0,0.18092130915997098,0.0773621652350198,0.0,0.0,0.0,0.0,0.7902409603429987,0.0,0.3417411965069692,0.6041692349973223,H03
0.0018460796915167092,0.0,0.18092130915997098,0.0773621652350198,0.0,0.0,0.0,0.0,0.7902409603429987,0.0,0.3417411965069692,0.6041692349973223,H03
0.0023848069738480696,0.5741371297217426,0.23640103129108947,0.0,0.0,0.0,0.0,0.0,0.002244256999282124,0.0,0.0013080684596577016,0.8521864682395213,H04
0.0023848069738480696,0.5741371297217426,0.23640103129108947,0.0,0.0,0.0,0.0,0.0,0.002244256999282124,0.0,0.0013080684596577016,0.8521864682395213,H04
0.0023848069738480696,0.5741371297217426,0.23640103129108947,0.0,0.0,0.0,0.0,0.0,0.002244256999282124,0.0,0.0013080684596577016,0.8521864682395213,H04
0.0,0.0,0.5321069969806939,0.0,0.0,0.0,0.9252152836513844,0.0,0.7989107118742494,0.0,0.27488527654616407,0.38439457900561685,H05
0.0,0.0,0.5321069969806939,0.0,0.0,0.0,0.9252152836513844,0.0,0.7989107118742494,0.0,0.27488527654616407,0.38439457900561685,H05
0.0,0.0,0.5321069969806939,0.0,0.0,0.0,0.9252152836513844,0.0,0.7989107118742494,0.0,0.27488527654616407,0.38439457900561685,H05
0.0,0.14359407772170438,0.0680936192655008,0.011635164286503283,0.11203695870120611,0.0,0.0,0.0,0.0649419228532179,0.0,0.12609597855179278,0.7189129606184346,H06
0.0,0.14359407772170438,0.0680936192655008,0.011635164286503283,0.11203695870120611,0.0,0.0,0.0,0.0649419228532179,0.0,0.12609597855179278,0.7189129606184346,H06
0.0,0.14359407772170438,0.0680936192655008,0.011635164286503283,0.11203695870120611,0.0,0.0,0.0,0.0649419228532179,0.0,0.12609597855179278,0.7189129606184346,H06
0.0,0.0,0.46532325285785064,0.0,0.00444766081871345,0.0022365552325581397,0.0,0.0,0.0,0.0037064770240700217,0.0,0.7483654407736867,H01
0.0,0.0,0.46532325285785064,0.0,0.00444766081871345,0.0022365552325581397,0.0,0.0,0.0,0.0037064770240700217,0.0,0.7483654407736867,H01
0.0,0.0,0.46532325285785064,0.0,0.00444766081871345,0.0022365552325581397,0.0,0.0,0.0,0.0037064770240700217,0.0,0.7483654407736867,H01
0.004230886665364779,0.1406207033921641,0.16805215863775266,0.02579548890404597,0.02218594477790809,0.0,0.0,0.0,0.06289308934223177,0.0,0.09592616899415209,0.7467601574425765,H02
0.004230886665364779,0.1406207033921641,0.16805215863775266,0.02579548890404597,0.02218594477790809,0.0,0.0,0.0,0.06289308934223177,0.0,0.09592616899415209,0.7467601574425765,H02
0.004230886665364779,0.1406207033921641,0.16805215863775266,0.02579548890404597,0.02218594477790809,0.0,0.0,0.0,0.06289308934223177,0.0,0.09592616899415209,0.7467601574425765,H02
0.0018460796915167092,0.0,0.18092130915997098,0.0773621652350198,0.0,0.0,0.0,0.0,0.7902409603429987,0.0,0.3417411965069692,0.6041692349973223,H03
0.0018460796915167092,0.0,0.18092130915997098,0.0773621652350198,0.0,0.0,0.0,0.0,0.7902409603429987,0.0,0.3417411965069692,0.6041692349973223,H03
0.0018460796915167092,0.0,0.18092130915997098,0.0773621652350198,0.0,0.0,0.0,0.0,0.7902409603429987,0.0,0.3417411965069692,0.6041692349973223,H03
0.0023848069738480696,0.5741371297217426,0.23640103129108947,0.0,0.0,0.0,0.0,0.0,0.002244256999282124,0.0,0.0013080684596577016,0.8521864682395213,H04
0.0023848069738480696,0.5741371297217426,0.23640103129108947,0.0,0.0,0.0,0.0,0.0,0.002244256999282124,0.0,0.0013080684596577016,0.8521864682395213,H04
0.0023848069738480696,0.5741371297217426,0.23640103129108947,0.0,0.0,0.0,0.0,0.0,0.002244256999282124,0.0,0.0013080684596577016,0.8521864682395213,H04
0.0,0.0,0.5321069969806939,0.0,0.0,0.0,0.9252152836513844,0.0,0.7989107118742494,0.0,0.27488527654616407,0.38439457900561685,H05
0.0,0.0,0.5321069969806939,0.0,0.0,0.0,0.9252152836513844,0.0,0.7989107118742494,0.0,0.27488527654616407,0.38439457900561685,H05
0.0,0.0,0.5321069969806939,0.0,0.0,0.0,0.9252152836513844,0.0,0.7989107118742494,0.0,0.27488527654616407,0.38439457900561685,H05
0.0,0.14359407772170438,0.0680936192655008,0.011635164286503283,0.11203695870120611,0.0,0.0,0.0,0.0649419228532179,0.0,0.12609597855179278,0.7189129606184346,H06
0.0,0.14359407772170438,0.0680936192655008,0.011635164286503283,0.11203695870120611,0.0,0.0,0.0,0.0649419228532179,0.0,0.12609597855179278,0.7189129606184346,H06
0.0,0.14359407772170438,0.0680936192655008,0.011635164286503283,0.11203695870120611,0.0,0.0,0.0,0.0649419228532179,0.0,0.12609597855179278,0.7189129606184346,H06
0.0,0.0,0.5863831157354461,0.0,0.0,0.0,0.0,0.0,0.0,0.8978848243438529,0.0,0.3698257409175126,H01
0.0,0.0,0.5863831157354461,0.0,0.0,0.0,0.0,0.0,0.0,0.8978848243438529,0.0,0.3698257409175126,H01
0.0,0.0,0.5863831157354461,0.0,0.0,0.0,0.0,0.0,0.0,0.8978848243438529,0.0,0.3698257409175126,H01
0.6846379771460153,0.21832986581997943,0.3750736680202608,0.025696129288700735,0.0,0.0,0.0,0.0,0.0,0.15493099535141114,0.15347658488079252,0.3840169264743156,H02
0.6846379771460153,0.21832986581997943,0.3750736680202608,0.025696129288700735,0.0,0.0,0.0,0.0,0.0,0.15493099535141114,0.15347658488079252,0.3840169264743156,H02
0.6846379771460153,0.21832986581997943,0.3750736680202608,0.025696129288700735,0.0,0.0,0.0,0.0,0.0,0.15493099535141114,0.15347658488079252,0.3840169264743156,H02
0.9419703119015516,0.0,0.48857120998558295,0.08027846372503374,0.0,0.0,0.0,0.0,0.0022911322828875038,0.0,0.7650137558239472,0.21615454550166915,H03
0.9419703119015516,0.0,0.48857120998558295,0.08027846372503374,0.0,0.0,0.0,0.0,0.0022911322828875038,0.0,0.7650137558239472,0.21615454550166915,H03
0.9419703119015516,0.0,0.48857120998558295,0.08027846372503374,0.0,0.0,0.0,0.0,0.0022911322828875038,0.0,0.7650137558239472,0.21615454550166915,H03
0.9509744123650301,0.9499676442172226,0.6890617406243077,0.0,0.0,0.0,0.0,0.0,0.0,0.0,0.0,0.2683911425785751,H04
0.9509744123650301,0.9499676442172226,0.6890617406243077,0.0,0.0,0.0,0.0,0.0,0.0,0.0,0.0,0.2683911425785751,H04
0.9509744123650301,0.9499676442172226,0.6890617406243077,0.0,0.0,0.0,0.0,0.0,0.0,0.0,0.0,0.2683911425785751,H04
0.0,0.0,0.5635967193271043,0.0,0.0,0.0,0.9013953837091626,0.0,0.0,0.9409192452991101,0.8874453552408825,0.06908859295692046,H05
0.0,0.0,0.5635967193271043,0.0,0.0,0.0,0.9013953837091626,0.0,0.0,0.9409192452991101,0.8874453552408825,0.06908859295692046,H05
0.0,0.0,0.5635967193271043,0.0,0.0,0.0,0.9013953837091626,0.0,0.0,0.9409192452991101,0.8874453552408825,0.06908859295692046,H05
0.0,0.1635820698813508,0.1374267331305807,0.018286897535990734,0.0,0.0,0.0,0.0,0.0,0.03983594284318828,0.22909080413762958,0.6570870387977941,H06
0.0,0.1635820698813508,0.1374267331305807,0.018286897535990734,0.0,0.0,0.0,0.0,0.0,0.03983594284318828,0.22909080413762958,0.6570870387977941,H06
0.0,0.1635820698813508,0.1374267331305807,0.018286897535990734,0.0,0.0,0.0,0.0,0.0,0.03983594284318828,0.22909080413762958,0.6570870387977941,H06
0.0,0.0,0.5635606940514842,0.0,0.0,0.0,0.0,0.0,0.0,0.8175842050904096,0.0,0.5299597857193352,H01
0.0,0.0,0.5635606940514842,0.0,0.0,0.0,0.0,0.0,0.0,0.8175842050904096,0.0,0.5299597857193352,H01
0.0,0.0,0.5635606940514842,0.0,0.0,0.0,0.0,0.0,0.0,0.8175842050904096,0.0,0.5299597857193352,H01
0.7210989830479739,0.2210924040503914,0.4120925285708879,0.020654656794453722,0.01869661730494688,0.0,0.0,0.0,0.002364385789105485,0.09247787074638561,0.130047446653405,0.3157052423296418,H02
0.7210989830479739,0.2210924040503914,0.4120925285708879,0.020654656794453722,0.01869661730494688,0.0,0.0,0.0,0.002364385789105485,0.09247787074638561,0.130047446653405,0.3157052423296418,H02
0.7210989830479739,0.2210924040503914,0.4120925285708879,0.020654656794453722,0.01869661730494688,0.0,0.0,0.0,0.002364385789105485,0.09247787074638561,0.130047446653405,0.3157052423296418,H02
0.9906690112786581,0.0,0.6930313441231526,0.015281423869477152,0.0,0.0,0.0,0.0,0.00202845185569686,0.0,0.7687819545426189,0.0036200401914336993,H03
0.9906690112786581,0.0,0.6930313441231526,0.015281423869477152,0.0,0.0,0.0,0.0,0.00202845185569686,0.0,0.7687819545426189,0.0036200401914336993,H03
0.9906690112786581,0.0,0.6930313441231526,0.015281423869477152,0.0,0.0,0.0,0.0,0.00202845185569686,0.0,0.7687819545426189,0.0036200401914336993,H03
0.9828037342024923,0.9121727935719411,0.790437537832519,0.0,0.0,0.0,0.0,0.0,0.0,0.0,0.0,0.006041833576718689,H04
0.9828037342024923,0.9121727935719411,0.790437537832519,0.0,0.0,0.0,0.0,0.0,0.0,0.0,0.0,0.006041833576718689,H04
0.9828037342024923,0.9121727935719411,0.790437537832519,0.0,0.0,0.0,0.0,0.0,0.0,0.0,0.0,0.006041833576718689,H04
0.0,0.0,0.8108932017194281,0.001592197035745422,0.0,0.0,0.04074472965059854,0.0,0.0,0.798885870350359,0.8218554324021037,0.20061972384282986,H05
0.0,0.0,0.8108932017194281,0.001592197035745422,0.0,0.0,0.04074472965059854,0.0,0.0,0.798885870350359,0.8218554324021037,0.20061972384282986,H05
0.0,0.0,0.8108932017194281,0.001592197035745422,0.0,0.0,0.04074472965059854,0.0,0.0,0.798885870350359,0.8218554324021037,0.20061972384282986,H05
0.0,0.17935668339860428,0.16085698954169791,0.014234919555169813,0.10139834941456458,0.0,0.0,0.0,0.0,0.06212398894002709,0.2564602660067746,0.3513073980043904,H06
0.0,0.17935668339860428,0.16085698954169791,0.014234919555169813,0.10139834941456458,0.0,0.0,0.0,0.0,0.06212398894002709,0.2564602660067746,0.3513073980043904,H06
0.0,0.17935668339860428,0.16085698954169791,0.014234919555169813,0.10139834941456458,0.0,0.0,0.0,0.0,0.06212398894002709,0.2564602660067746,0.3513073980043904,H06
0.0,0.0,0.5635606940514842,0.0,0.0,0.0,0.0,0.0,0.0,0.8175842050904096,0.0,0.5299597857193352,H01
0.0,0.0,0.5635606940514842,0.0,0.0,0.0,0.0,0.0,0.0,0.8175842050904096,0.0,0.5299597857193352,H01
0.0,0.0,0.5635606940514842,0.0,0.0,0.0,0.0,0.0,0.0,0.8175842050904096,0.0,0.5299597857193352,H01
0.7210989830479739,0.2210924040503914,0.4120925285708879,0.020654656794453722,0.01869661730494688,0.0,0.0,0.0,0.002364385789105485,0.09247787074638561,0.130047446653405,0.3157052423296418,H02
0.7210989830479739,0.2210924040503914,0.4120925285708879,0.020654656794453722,0.01869661730494688,0.0,0.0,0.0,0.002364385789105485,0.09247787074638561,0.130047446653405,0.3157052423296418,H02
0.7210989830479739,0.2210924040503914,0.4120925285708879,0.020654656794453722,0.01869661730494688,0.0,0.0,0.0,0.002364385789105485,0.09247787074638561,0.130047446653405,0.3157052423296418,H02
0.9906690112786581,0.0,0.6930313441231526,0.015281423869477152,0.0,0.0,0.0,0.0,0.00202845185569686,0.0,0.7687819545426189,0.0036200401914336993,H03
0.9906690112786581,0.0,0.6930313441231526,0.015281423869477152,0.0,0.0,0.0,0.0,0.00202845185569686,0.0,0.7687819545426189,0.0036200401914336993,H03
0.9906690112786581,0.0,0.6930313441231526,0.015281423869477152,0.0,0.0,0.0,0.0,0.00202845185569686,0.0,0.7687819545426189,0.0036200401914336993,H03
0.9828037342024923,0.9121727935719411,0.790437537832519,0.0,0.0,0.0,0.0,0.0,0.0,0.0,0.0,0.006041833576718689,H04
0.9828037342024923,0.9121727935719411,0.790437537832519,0.0,0.0,0.0,0.0,0.0,0.0,0.0,0.0,0.006041833576718689,H04
0.9828037342024923,0.9121727935719411,0.790437537832519,0.0,0.0,0.0,0.0,0.0,0.0,0.0,0.0,0.006041833576718689,H04
0.0,0.0,0.8108932017194281,0.001592197035745422,0.0,0.0,0.04074472965059854,0.0,0.0,0.798885870350359,0.8218554324021037,0.20061972384282986,H05
0.0,0.0,0.8108932017194281,0.001592197035745422,0.0,0.0,0.04074472965059854,0.0,0.0,0.798885870350359,0.8218554324021037,0.20061972384282986,H05
0.0,0.0,0.8108932017194281,0.001592197035745422,0.0,0.0,0.04074472965059854,0.0,0.0,0.798885870350359,0.8218554324021037,0.20061972384282986,H05
0.0,0.17935668339860428,0.16085698954169791,0.014234919555169813,0.10139834941456458,0.0,0.0,0.0,0.0,0.06212398894002709,0.2564602660067746,0.3513073980043904,H06
0.0,0.17935668339860428,0.16085698954169791,0.014234919555169813,0.10139834941456458,0.0,0.0,0.0,0.0,0.06212398894002709,0.2564602660067746,0.3513073980043904,H06
0.0,0.17935668339860428,0.16085698954169791,0.014234919555169813,0.10139834941456458,0.0,0.0,0.0,0.0,0.06212398894002709,0.2564602660067746,0.3513073980043904,H06
0.0,0.0,0.5863831157354461,0.0,0.0,0.0,0.0,0.0,0.0,0.8978848243438529,0.0,0.3698257409175126,H01
0.0,0.0,0.5863831157354461,0.0,0.0,0.0,0.0,0.0,0.0,0.8978848243438529,0.0,0.3698257409175126,H01
0.0,0.0,0.5863831157354461,0.0,0.0,0.0,0.0,0.0,0.0,0.8978848243438529,0.0,0.3698257409175126,H01
0.6846379771460153,0.21832986581997943,0.3750736680202608,0.025696129288700735,0.0,0.0,0.0,0.0,0.0,0.15493099535141114,0.15347658488079252,0.3840169264743156,H02
0.6846379771460153,0.21832986581997943,0.3750736680202608,0.025696129288700735,0.0,0.0,0.0,0.0,0.0,0.15493099535141114,0.15347658488079252,0.3840169264743156,H02
0.6846379771460153,0.21832986581997943,0.3750736680202608,0.025696129288700735,0.0,0.0,0.0,0.0,0.0,0.15493099535141114,0.15347658488079252,0.3840169264743156,H02
0.9419703119015516,0.0,0.48857120998558295,0.08027846372503374,0.0,0.0,0.0,0.0,0.0022911322828875038,0.0,0.7650137558239472,0.21615454550166915,H03
0.9419703119015516,0.0,0.48857120998558295,0.08027846372503374,0.0,0.0,0.0,0.0,0.0022911322828875038,0.0,0.7650137558239472,0.21615454550166915,H03
0.9419703119015516,0.0,0.48857120998558295,0.08027846372503374,0.0,0.0,0.0,0.0,0.0022911322828875038,0.0,0.7650137558239472,0.21615454550166915,H03
0.9509744123650301,0.9499676442172226,0.6890617406243077,0.0,0.0,0.0,0.0,0.0,0.0,0.0,0.0,0.2683911425785751,H04
0.9509744123650301,0.9499676442172226,0.6890617406243077,0.0,0.0,0.0,0.0,0.0,0.0,0.0,0.0,0.2683911425785751,H04
0.9509744123650301,0.9499676442172226,0.6890617406243077,0.0,0.0,0.0,0.0,0.0,0.0,0.0,0.0,0.2683911425785751,H04
0.0,0.0,0.5635967193271043,0.0,0.0,0.0,0.9013953837091626,0.0,0.0,0.9409192452991101,0.8874453552408825,0.06908859295692046,H05
0.0,0.0,0.5635967193271043,0.0,0.0,0.0,0.9013953837091626,0.0,0.0,0.9409192452991101,0.8874453552408825,0.06908859295692046,H05
0.0,0.0,0.5635967193271043,0.0,0.0,0.0,0.9013953837091626,0.0,0.0,0.9409192452991101,0.8874453552408825,0.06908859295692046,H05
0.0,0.1635820698813508,0.1374267331305807,0.018286897535990734,0.0,0.0,0.0,0.0,0.0,0.03983594284318828,0.22909080413762958,0.6570870387977941,H06
0.0,0.1635820698813508,0.1374267331305807,0.018286897535990734,0.0,0.0,0.0,0.0,0.0,0.03983594284318828,0.22909080413762958,0.6570870387977941,H06
0.0,0.1635820698813508,0.1374267331305807,0.018286897535990734,0.0,0.0,0.0,0.0,0.0,0.03983594284318828,0.22909080413762958,0.6570870387977941,H06
0.0,0.0,0.46532325285785064,0.0,0.00444766081871345,0.0022365552325581397,0.0,0.0,0.0,0.0037064770240700217,0.0,0.7483654407736867,H01
0.0,0.0,0.46532325285785064,0.0,0.00444766081871345,0.0022365552325581397,0.0,0.0,0.0,0.0037064770240700217,0.0,0.7483654407736867,H01
0.0,0.0,0.46532325285785064,0.0,0.00444766081871345,0.0022365552325581397,0.0,0.0,0.0,0.0037064770240700217,0.0,0.7483654407736867,H01
0.004230886665364779,0.1406207033921641,0.16805215863775266,0.02579548890404597,0.02218594477790809,0.0,0.0,0.0,0.06289308934223177,0.0,0.09592616899415209,0.7467601574425765,H02
0.004230886665364779,0.1406207033921641,0.16805215863775266,0.02579548890404597,0.02218594477790809,0.0,0.0,0.0,0.06289308934223177,0.0,0.09592616899415209,0.7467601574425765,H02
0.004230886665364779,0.1406207033921641,0.16805215863775266,0.02579548890404597,0.02218594477790809,0.0,0.0,0.0,0.06289308934223177,0.0,0.09592616899415209,0.7467601574425765,H02
0.0018460796915167092,0.0,0.18092130915997098,0.0773621652350198,0.0,0.0,0.0,0.0,0.7902409603429987,0.0,0.3417411965069692,0.6041692349973223,H03
0.0018460796915167092,0.0,0.18092130915997098,0.0773621652350198,0.0,0.0,0.0,0.0,0.7902409603429987,0.0,0.3417411965069692,0.6041692349973223,H03
0.0018460796915167092,0.0,0.18092130915997098,0.0773621652350198,0.0,0.0,0.0,0.0,0.7902409603429987,0.0,0.3417411965069692,0.6041692349973223,H03
0.0023848069738480696,0.5741371297217426,0.23640103129108947,0.0,0.0,0.0,0.0,0.0,0.002244256999282124,0.0,0.0013080684596577016,0.8521864682395213,H04
0.0023848069738480696,0.5741371297217426,0.23640103129108947,0.0,0.0,0.0,0.0,0.0,0.002244256999282124,0.0,0.0013080684596577016,0.8521864682395213,H04
0.0023848069738480696,0.5741371297217426,0.23640103129108947,0.0,0.0,0.0,0.0,0.0,0.002244256999282124,0.0,0.0013080684596577016,0.8521864682395213,H04
0.0,0.0,0.5321069969806939,0.0,0.0,0.0,0.9252152836513844,0.0,0.7989107118742494,0.0,0.27488527654616407,0.38439457900561685,H05
0.0,0.0,0.5321069969806939,0.0,0.0,0.0,0.9252152836513844,0.0,0.7989107118742494,0.0,0.27488527654616407,0.38439457900561685,H05
0.0,0.0,0.5321069969806939,0.0,0.0,0.0,0.9252152836513844,0.0,0.7989107118742494,0.0,0.27488527654616407,0.38439457900561685,H05
0.0,0.14359407772170438,0.0680936192655008,0.011635164286503283,0.11203695870120611,0.0,0.0,0.0,0.0649419228532179,0.0,0.12609597855179278,0.7189129606184346,H06
0.0,0.14359407772170438,0.0680936192655008,0.011635164286503283,0.11203695870120611,0.0,0.0,0.0,0.0649419228532179,0.0,0.12609597855179278,0.7189129606184346,H06
0.0,0.14359407772170438,0.0680936192655008,0.011635164286503283,0.11203695870120611,0.0,0.0,0.0,0.0649419228532179,0.0,0.12609597855179278,0.7189129606184346,H06
0.0,0.0,0.5863831157354461,0.0,0.0,0.0,0.0,0.0,0.0,0.8978848243438529,0.0,0.3698257409175126,H01
0.0,0.0,0.5863831157354461,0.0,0.0,0.0,0.0,0.0,0.0,0.8978848243438529,0.0,0.3698257409175126,H01
0.0,0.0,0.5863831157354461,0.0,0.0,0.0,0.0,0.0,0.0,0.8978848243438529,0.0,0.3698257409175126,H01
0.6846379771460153,0.21832986581997943,0.3750736680202608,0.025696129288700735,0.0,0.0,0.0,0.0,0.0,0.15493099535141114,0.15347658488079252,0.3840169264743156,H02
0.6846379771460153,0.21832986581997943,0.3750736680202608,0.025696129288700735,0.0,0.0,0.0,0.0,0.0,0.15493099535141114,0.15347658488079252,0.3840169264743156,H02
0.6846379771460153,0.21832986581997943,0.3750736680202608,0.025696129288700735,0.0,0.0,0.0,0.0,0.0,0.15493099535141114,0.15347658488079252,0.3840169264743156,H02
0.9419703119015516,0.0,0.48857120998558295,0.08027846372503374,0.0,0.0,0.0,0.0,0.0022911322828875038,0.0,0.7650137558239472,0.21615454550166915,H03
0.9419703119015516,0.0,0.48857120998558295,0.08027846372503374,0.0,0.0,0.0,0.0,0.0022911322828875038,0.0,0.7650137558239472,0.21615454550166915,H03
0.9419703119015516,0.0,0.48857120998558295,0.08027846372503374,0.0,0.0,0.0,0.0,0.0022911322828875038,0.0,0.7650137558239472,0.21615454550166915,H03
0.9509744123650301,0.9499676442172226,0.6890617406243077,0.0,0.0,0.0,0.0,0.0,0.0,0.0,0.0,0.2683911425785751,H04
0.9509744123650301,0.9499676442172226,0.6890617406243077,0.0,0.0,0.0,0.0,0.0,0.0,0.0,0.0,0.2683911425785751,H04
0.9509744123650301,0.9499676442172226,0.6890617406243077,0.0,0.0,0.0,0.0,0.0,0.0,0.0,0.0,0.2683911425785751,H04
0.0,0.0,0.5635967193271043,0.0,0.0,0.0,0.9013953837091626,0.0,0.0,0.9409192452991101,0.8874453552408825,0.06908859295692046,H05
0.0,0.0,0.5635967193271043,0.0,0.0,0.0,0.9013953837091626,0.0,0.0,0.9409192452991101,0.8874453552408825,0.06908859295692046,H05
0.0,0.0,0.5635967193271043,0.0,0.0,0.0,0.9013953837091626,0.0,0.0,0.9409192452991101,0.8874453552408825,0.06908859295692046,H05
0.0,0.1635820698813508,0.1374267331305807,0.018286897535990734,0.0,0.0,0.0,0.0,0.0,0.03983594284318828,0.22909080413762958,0.6570870387977941,H06
0.0,0.1635820698813508,0.1374267331305807,0.018286897535990734,0.0,0.0,0.0,0.0,0.0,0.03983594284318828,0.22909080413762958,0.6570870387977941,H06
0.0,0.1635820698813508,0.1374267331305807,0.018286897535990734,0.0,0.0,0.0,0.0,0.0,0.03983594284318828,0.22909080413762958,0.6570870387977941,H06
