p_O_demethylation,p_aldehyde_oxidation,p_aromatic_hydroxylation,p_decarboxylation,p_deglycosylation,p_desulfation,p_ester_hydrolysis,p_methylation,p_reduction,p_ring_cleavage,p_side_chain_cleavage,p_none,compound_id
0.0,0.0,0.5954546881076507,0.0,0.040847938003214485,0.596439801786326,0.0,0.7597300356660448,0.0,0.8045224117662727,0.0,0.3693920793573159,H01
0.0,0.0,0.5954546881076507,0.0,0.040847938003214485,0.596439801786326,0.0,0.7597300356660448,0.0,0.8045224117662727,0.0,0.3693920793573159,H01
0.0,0.0,0.5954546881076507,0.0,0.040847938003214485,0.596439801786326,0.0,0.7597300356660448,0.0,0.8045224117662727,0.0,0.3693920793573159,H01
0.758686121356792,0.09280647070882983,0.37688751790082514,0.012846781303287782,0.015132361653701321,0.6036897673498877,0.0,0.0023061243398499027,0.0,0.2873202574716423,0.05510070167836847,0.35090609901028924,H02
0.758686121356792,0.09280647070882983,0.37688751790082514,0.012846781303287782,0.015132361653701321,0.6036897673498877,0.0,0.0023061243398499027,0.0,0.2873202574716423,0.05510070167836847,0.35090609901028924,H02
0.758686121356792,0.09280647070882983,0.37688751790082514,0.012846781303287782,0.015132361653701321,0.6036897673498877,0.0,0.0023061243398499027,0.0,0.2873202574716423,0.05510070167836847,0.35090609901028924,H02
0.9149822629859448,0.0,0.5187480445347604,0.032895892920346934,0.0,0.0,0.0,0.0,0.0,0.0,0.7258954832080379,0.3140829459342886,H03
0.9149822629859448,0.0,0.5187480445347604,0.032895892920346934,0.0,0.0,0.0,0.0,0.0,0.0,0.7258954832080379,0.3140829459342886,H03
0.9149822629859448,0.0,0.5187480445347604,0.032895892920346934,0.0,0.0,0.0,0.0,0.0,0.0,0.7258954832080379,0.3140829459342886,H03
0.8016762930114697,0.7733177735869252,0.5708509382261808,0.014541257175435352,0.0,0.0023756325585384693,0.0,0.0023061243398499027,0.0,0.2295276582748313,0.0020445859872611463,0.2001384646950487,H04
0.8016762930114697,0.7733177735869252,0.5708509382261808,0.014541257175435352,0.0,0.0023756325585384693,0.0,0.0023061243398499027,0.0,0.2295276582748313,0.0020445859872611463,0.2001384646950487,H04
0.8016762930114697,0.7733177735869252,0.5708509382261808,0.014541257175435352,0.0,0.0023756325585384693,0.0,0.0023061243398499027,0.0,0.2295276582748313,0.0020445859872611463,0.2001384646950487,H04
0.0,0.0,0.7539809914095771,0.0,0.0,0.0,0.9601516321885376,0.7969314185821031,0.3683183786342136,0.7064027728260885,0.8121666396518294,0.061118966383059116,H05
0.0,0.0,0.7539809914095771,0.0,0.0,0.0,0.9601516321885376,0.7969314185821031,0.3683183786342136,0.7064027728260885,0.8121666396518294,0.061118966383059116,H05
0.0,0.0,0.7539809914095771,0.0,0.0,0.0,0.9601516321885376,0.7969314185821031,0.3683183786342136,0.7064027728260885,0.8121666396518294,0.061118966383059116,H05
0.0,0.15395124036505017,0.09341644340074996,0.0044092722998897,0.06983892956737062,0.0023675353399365325,0.0,0.0,0.049746346687358,0.022309512037248874,0.08893397381352157,0.636040710806486,H06
0.0,0.15395124036505017,0.09341644340074996,0.0044092722998897,0.06983892956737062,0.0023675353399365325,0.0,0.0,0.049746346687358,0.022309512037248874,0.08893397381352157,0.636040710806486,H06
0.0,0.15395124036505017,0.09341644340074996,0.0044092722998897,0.06983892956737062,0.0023675353399365325,0.0,0.0,0.049746346687358,0.022309512037248874,0.08893397381352157,0.636040710806486,H06
0.0,0.0,0.5954546881076507,0.0,0.040847938003214485,0.596439801786326,0.0,0.7597300356660448,0.0,0.8045224117662727,0.0,0.3693920793573159,H01
0.0,0.0,0.5954546881076507,0.0,0.040847938003214485,0.596439801786326,0.0,0.7597300356660448,0.0,0.8045224117662727,0.0,0.3693920793573159,H01
0.0,0.0,0.5954546881076507,0.0,0.040847938003214485,0.596439801786326,0.0,0.7597300356660448,0.0,0.8045224117662727,0.0,0.3693920793573159,H01
0.758686121356792,0.09280647070882983,0.37688751790082514,0.012846781303287782,0.015132361653701321,0.6036897673498877,0.0,0.0023061243398499027,0.0,0.2873202574716423,0.05510070167836847,0.35090609901028924,H02
0.758686121356792,0.09280647070882983,0.37688751790082514,0.012846781303287782,0.015132361653701321,0.6036897673498877,0.0,0.0023061243398499027,0.0,0.2873202574716423,0.05510070167836847,0.35090609901028924,H02
0.758686121356792,0.09280647070882983,0.37688751790082514,0.012846781303287782,0.015132361653701321,0.6036897673498877,0.0,0.0023061243398499027,0.0,0.2873202574716423,0.05510070167836847,0.35090609901028924,H02
0.9149822629859448,0.0,0.5187480445347604,0.032895892920346934,0.0,0.0,0.0,0.0,0.0,0.0,0.7258954832080379,0.3140829459342886,H03
0.9149822629859448,0.0,0.5187480445347604,0.032895892920346934,0.0,0.0,0.0,0.0,0.0,0.0,0.7258954832080379,0.3140829459342886,H03
0.9149822629859448,0.0,0.5187480445347604,0.032895892920346934,0.0,0.0,0.0,0.0,0.0,0.0,0.7258954832080379,0.3140829459342886,H03
0.8016762930114697,0.7733177735869252,0.5708509382261808,0.014541257175435352,0.0,0.0023756325585384693,0.0,0.0023061243398499027,0.0,0.2295276582748313,0.0020445859872611463,0.2001384646950487,H04
0.8016762930114697,0.7733177735869252,0.5708509382261808,0.014541257175435352,0.0,0.0023756325585384693,0.0,0.0023061243398499027,0.0,0.2295276582748313,0.0020445859872611463,0.2001384646950487,H04
0.8016762930114697,0.7733177735869252,0.5708509382261808,0.014541257175435352,0.0,0.0023756325585384693,0.0,0.0023061243398499027,0.0,0.2295276582748313,0.0020445859872611463,0.2001384646950487,H04
0.0,0.0,0.7539809914095771,0.0,0.0,0.0,0.9601516321885376,0.7969314185821031,0.3683183786342136,0.7064027728260885,0.8121666396518294,0.061118966383059116,H05
0.0,0.0,0.7539809914095771,0.0,0.0,0.0,0.9601516321885376,0.7969314185821031,0.3683183786342136,0.7064027728260885,0.8121666396518294,0.061118966383059116,H05
0.0,0.0,0.7539809914095771,0.0,0.0,0.0,0.9601516321885376,0.7969314185821031,0.3683183786342136,0.7064027728260885,0.8121666396518294,0.061118966383059116,H05
0.0,0.15395124036505017,0.09341644340074996,0.0044092722998897,0.06983892956737062,0.0023675353399365325,0.0,0.0,0.049746346687358,0.022309512037248874,0.08893397381352157,0.636040710806486,H06
0.0,0.15395124036505017,0.09341644340074996,0.0044092722998897,0.06983892956737062,0.0023675353399365325,0.0,0.0,0.049746346687358,0.022309512037248874,0.08893397381352157,0.636040710806486,H06
0.0,0.15395124036505017,0.09341644340074996,0.0044092722998897,0.06983892956737062,0.0023675353399365325,0.0,0.0,0.049746346687358,0.022309512037248874,0.08893397381352157,0.636040710806486,H06
0.0,0.0,0.5954546881076507,0.0,0.040847938003214485,0.596439801786326,0.0,0.7597300356660448,0.0,0.8045224117662727,0.0,0.3693920793573159,H01
0.0,0.0,0.5954546881076507,0.0,0.040847938003214485,0.596439801786326,0.0,0.7597300356660448,0.0,0.8045224117662727,0.0,0.3693920793573159,H01
0.0,0.0,0.5954546881076507,0.0,0.040847938003214485,0.596439801786326,0.0,0.7597300356660448,0.0,0.8045224117662727,0.0,0.3693920793573159,H01
0.758686121356792,0.09280647070882983,0.37688751790082514,0.012846781303287782,0.015132361653701321,0.6036897673498877,0.0,0.0023061243398499027,0.0,0.2873202574716423,0.05510070167836847,0.35090609901028924,H02
0.758686121356792,0.09280647070882983,0.37688751790082514,0.012846781303287782,0.015132361653701321,0.6036897673498877,0.0,0.0023061243398499027,0.0,0.2873202574716423,0.05510070167836847,0.35090609901028924,H02
0.758686121356792,0.09280647070882983,0.37688751790082514,0.012846781303287782,0.015132361653701321,0.6036897673498877,0.0,0.0023061243398499027,0.0,0.2873202574716423,0.05510070167836847,0.35090609901028924,H02
0.9149822629859448,0.0,0.5187480445347604,0.032895892920346934,0.0,0.0,0.0,0.0,0.0,0.0,0.7258954832080379,0.3140829459342886,H03
0.9149822629859448,0.0,0.5187480445347604,0.032895892920346934,0.0,0.0,0.0,0.0,0.0,0.0,0.7258954832080379,0.3140829459342886,H03
0.9149822629859448,0.0,0.5187480445347604,0.032895892920346934,0.0,0.0,0.0,0.0,0.0,0.0,0.7258954832080379,0.3140829459342886,H03
0.8016762930114697,0.7733177735869252,0.5708509382261808,0.014541257175435352,0.0,0.0023756325585384693,0.0,0.0023061243398499027,0.0,0.2295276582748313,0.0020445859872611463,0.2001384646950487,H04
0.8016762930114697,0.7733177735869252,0.5708509382261808,0.014541257175435352,0.0,0.0023756325585384693,0.0,0.0023061243398499027,0.0,0.2295276582748313,0.0020445859872611463,0.2001384646950487,H04
0.8016762930114697,0.7733177735869252,0.5708509382261808,0.014541257175435352,0.0,0.0023756325585384693,0.0,0.0023061243398499027,0.0,0.2295276582748313,0.0020445859872611463,0.2001384646950487,H04
0.0,0.0,0.7539809914095771,0.0,0.0,0.0,0.9601516321885376,0.7969314185821031,0.3683183786342136,0.7064027728260885,0.8121666396518294,0.061118966383059116,H05
0.0,0.0,0.7539809914095771,0.0,0.0,0.0,0.9601516321885376,0.7969314185821031,0.3683183786342136,0.7064027728260885,0.8121666396518294,0.061118966383059116,H05
0.0,0.0,0.7539809914095771,0.0,0.0,0.0,0.9601516321885376,0.7969314185821031,0.3683183786342136,0.7064027728260885,0.8121666396518294,0.061118966383059116,H05
0.0,0.15395124036505017,0.09341644340074996,0.0044092722998897,0.06983892956737062,0.0023675353399365325,0.0,0.0,0.049746346687358,0.022309512037248874,0.08893397381352157,0.636040710806486,H06
0.0,0.15395124036505017,0.09341644340074996,0.0044092722998897,0.06983892956737062,0.0023675353399365325,0.0,0.0,0.049746346687358,0.022309512037248874,0.08893397381352157,0.636040710806486,H06
0.0,0.15395124036505017,0.09341644340074996,0.0044092722998897,0.06983892956737062,0.0023675353399365325,0.0,0.0,0.049746346687358,0.022309512037248874,0.08893397381352157,0.636040710806486,H06
0.0,0.0,0.5954546881076507,0.0,0.040847938003214485,0.596439801786326,0.0,0.7597300356660448,0.0,0.8045224117662727,0.0,0.3693920793573159,H01
0.0,0.0,0.5954546881076507,0.0,0.040847938003214485,0.596439801786326,0.0,0.7597300356660448,0.0,0.8045224117662727,0.0,0.3693920793573159,H01
0.0,0.0,0.5954546881076507,0.0,0.040847938003214485,0.596439801786326,0.0,0.7597300356660448,0.0,0.8045224117662727,0.0,0.3693920793573159,H01
0.758686121356792,0.09280647070882983,0.37688751790082514,0.012846781303287782,0.015132361653701321,0.6036897673498877,0.0,0.0023061243398499027,0.0,0.2873202574716423,0.05510070167836847,0.35090609901028924,H02
0.758686121356792,0.09280647070882983,0.37688751790082514,0.012846781303287782,0.015132361653701321,0.6036897673498877,0.0,0.0023061243398499027,0.0,0.2873202574716423,0.05510070167836847,0.35090609901028924,H02
0.758686121356792,0.09280647070882983,0.37688751790082514,0.012846781303287782,0.015132361653701321,0.6036897673498877,0.0,0.0023061243398499027,0.0,0.2873202574716423,0.05510070167836847,0.35090609901028924,H02
0.9149822629859448,0.0,0.5187480445347604,0.032895892920346934,0.0,0.0,0.0,0.0,0.0,0.0,0.7258954832080379,0.3140829459342886,H03
0.9149822629859448,0.0,0.5187480445347604,0.032895892920346934,0.0,0.0,0.0,0.0,0.0,0.0,0.7258954832080379,0.3140829459342886,H03
0.9149822629859448,0.0,0.5187480445347604,0.032895892920346934,0.0,0.0,0.0,0.0,0.0,0.0,0.7258954832080379,0.3140829459342886,H03
0.8016762930114697,0.7733177735869252,0.5708509382261808,0.014541257175435352,0.0,0.0023756325585384693,0.0,0.0023061243398499027,0.0,0.2295276582748313,0.0020445859872611463,0.2001384646950487,H04
0.8016762930114697,0.7733177735869252,0.5708509382261808,0.014541257175435352,0.0,0.0023756325585384693,0.0,0.0023061243398499027,0.0,0.2295276582748313,0.0020445859872611463,0.2001384646950487,H04
0.8016762930114697,0.7733177735869252,0.5708509382261808,0.014541257175435352,0.0,0.0023756325585384693,0.0,0.0023061243398499027,0.0,0.2295276582748313,0.0020445859872611463,0.2001384646950487,H04
0.0,0.0,0.7539809914095771,0.0,0.0,0.0,0.9601516321885376,0.7969314185821031,0.3683183786342136,0.7064027728260885,0.8121666396518294,0.061118966383059116,H05
0.0,0.0,0.7539809914095771,0.0,0.0,0.0,0.9601516321885376,0.7969314185821031,0.3683183786342136,0.7064027728260885,0.8121666396518294,0.061118966383059116,H05
0.0,0.0,0.7539809914095771,0.0,0.0,0.0,0.9601516321885376,0.7969314185821031,0.3683183786342136,0.7064027728260885,0.8121666396518294,0.061118966383059116,H05
0.0,0.15395124036505017,0.09341644340074996,0.0044092722998897,0.06983892956737062,0.0023675353399365325,0.0,0.0,0.049746346687358,0.022309512037248874,0.08893397381352157,0.636040710806486,H06
0.0,0.15395124036505017,0.09341644340074996,0.0044092722998897,0.06983892956737062,0.0023675353399365325,0.0,0.0,0.049746346687358,0.022309512037248874,0.08893397381352157,0.636040710806486,H06
0.0,0.15395124036505017,0.09341644340074996,0.0044092722998897,0.06983892956737062,0.0023675353399365325,0.0,0.0,0.049746346687358,0.022309512037248874,0.08893397381352157,0.636040710806486,H06
0.0,0.0,0.5954546881076507,0.0,0.040847938003214485,0.596439801786326,0.0,0.7597300356660448,0.0,0.8045224117662727,0.0,0.3693920793573159,H01
0.0,0.0,0.5954546881076507,0.0,0.040847938003214485,0.596439801786326,0.0,0.7597300356660448,0.0,0.8045224117662727,0.0,0.3693920793573159,H01
0.0,0.0,0.5954546881076507,0.0,0.040847938003214485,0.596439801786326,0.0,0.7597300356660448,0.0,0.8045224117662727,0.0,0.3693920793573159,H01
0.758686121356792,0.09280647070882983,0.37688751790082514,0.012846781303287782,0.015132361653701321,0.6036897673498877,0.0,0.0023061243398499027,0.0,0.2873202574716423,0.05510070167836847,0.35090609901028924,H02
0.758686121356792,0.09280647070882983,0.37688751790082514,0.012846781303287782,0.015132361653701321,0.6036897673498877,0.0,0.0023061243398499027,0.0,0.2873202574716423,0.05510070167836847,0.35090609901028924,H02
0.758686121356792,0.09280647070882983,0.37688751790082514,0.012846781303287782,0.015132361653701321,0.6036897673498877,0.0,0.0023061243398499027,0.0,0.2873202574716423,0.05510070167836847,0.35090609901028924,H02
0.9149822629859448,0.0,0.5187480445347604,0.032895892920346934,0.0,0.0,0.0,0.0,0.0,0.0,0.7258954832080379,0.3140829459342886,H03
0.9149822629859448,0.0,0.5187480445347604,0.032895892920346934,0.0,0.0,0.0,0.0,0.0,0.0,0.7258954832080379,0.3140829459342886,H03
0.9149822629859448,0.0,0.5187480445347604,0.032895892920346934,0.0,0.0,0.0,0.0,0.0,0.0,0.7258954832080379,0.3140829459342886,H03
0.8016762930114697,0.7733177735869252,0.5708509382261808,0.014541257175435352,0.0,0.0023756325585384693,0.0,0.0023061243398499027,0.0,0.2295276582748313,0.0020445859872611463,0.2001384646950487,H04
0.8016762930114697,0.7733177735869252,0.5708509382261808,0.014541257175435352,0.0,0.0023756325585384693,0.0,0.0023061243398499027,0.0,0.2295276582748313,0.0020445859872611463,0.2001384646950487,H04
0.8016762930114697,0.7733177735869252,0.5708509382261808,0.014541257175435352,0.0,0.0023756325585384693,0.0,0.0023061243398499027,0.0,0.2295276582748313,0.0020445859872611463,0.2001384646950487,H04
0.0,0.0,0.7539809914095771,0.0,0.0,0.0,0.9601516321885376,0.7969314185821031,0.3683183786342136,0.7064027728260885,0.8121666396518294,0.061118966383059116,H05
0.0,0.0,0.7539809914095771,0.0,0.0,0.0,0.9601516321885376,0.7969314185821031,0.3683183786342136,0.7064027728260885,0.8121666396518294,0.061118966383059116,H05
0.0,0.0,0.7539809914095771,0.0,0.0,0.0,0.9601516321885376,0.7969314185821031,0.3683183786342136,0.7064027728260885,0.8121666396518294,0.061118966383059116,H05
0.0,0.15395124036505017,0.09341644340074996,0.0044092722998897,0.06983892956737062,0.0023675353399365325,0.0,0.0,0.049746346687358,0.022309512037248874,0.08893397381352157,0.636040710806486,H06
0.0,0.15395124036505017,0.09341644340074996,0.0044092722998897,0.06983892956737062,0.0023675353399365325,0.0,0.0,0.049746346687358,0.022309512037248874,0.08893397381352157,0.636040710806486,H06
0.0,0.15395124036505017,0.09341644340074996,0.0044092722998897,0.06983892956737062,0.0023675353399365325,0.0,0.0,0.049746346687358,0.022309512037248874,0.08893397381352157,0.636040710806486,H06
0.0,0.0,0.5954546881076507,0.0,0.040847938003214485,0.596439801786326,0.0,0.7597300356660448,0.0,0.8045224117662727,0.0,0.3693920793573159,H01
0.0,0.0,0.5954546881076507,0.0,0.040847938003214485,0.596439801786326,0.0,0.7597300356660448,0.0,0.8045224117662727,0.0,0.3693920793573159,H01
0.0,0.0,0.5954546881076507,0.0,0.040847938003214485,0.596439801786326,0.0,0.7597300356660448,0.0,0.8045224117662727,0.0,0.3693920793573159,H01
0.758686121356792,0.09280647070882983,0.37688751790082514,0.012846781303287782,0.015132361653701321,0.6036897673498877,0.0,0.0023061243398499027,0.0,0.2873202574716423,0.05510070167836847,0.35090609901028924,H02
0.758686121356792,0.09280647070882983,0.37688751790082514,0.012846781303287782,0.015132361653701321,0.6036897673498877,0.0,0.0023061243398499027,0.0,0.2873202574716423,0.05510070167836847,0.35090609901028924,H02
0.758686121356792,0.09280647070882983,0.37688751790082514,0.012846781303287782,0.015132361653701321,0.6036897673498877,0.0,0.0023061243398499027,0.0,0.2873202574716423,0.05510070167836847,0.35090609901028924,H02
0.9149822629859448,0.0,0.5187480445347604,0.032895892920346934,0.0,0.0,0.0,0.0,0.0,0.0,0.7258954832080379,0.3140829459342886,H03
0.9149822629859448,0.0,0.5187480445347604,0.032895892920346934,0.0,0.0,0.0,0.0,0.0,0.0,0.7258954832080379,0.3140829459342886,H03
0.9149822629859448,0.0,0.5187480445347604,0.032895892920346934,0.0,0.0,0.0,0.0,0.0,0.0,0.7258954832080379,0.3140829459342886,H03
0.8016762930114697,0.7733177735869252,0.5708509382261808,0.014541257175435352,0.0,0.0023756325585384693,0.0,0.0023061243398499027,0.0,0.2295276582748313,0.0020445859872611463,0.2001384646950487,H04
0.8016762930114697,0.7733177735869252,0.5708509382261808,0.014541257175435352,0.0,0.0023756325585384693,0.0,0.0023061243398499027,0.0,0.2295276582748313,0.0020445859872611463,0.2001384646950487,H04
0.8016762930114697,0.7733177735869252,0.5708509382261808,0.014541257175435352,0.0,0.0023756325585384693,0.0,0.0023061243398499027,0.0,0.2295276582748313,0.0020445859872611463,0.2001384646950487,H04
0.0,0.0,0.7539809914095771,0.0,0.0,0.0,0.9601516321885376,0.7969314185821031,0.3683183786342136,0.7064027728260885,0.8121666396518294,0.061118966383059116,H05
0.0,0.0,0.7539809914095771,0.0,0.0,0.0,0.9601516321885376,0.7969314185821031,0.3683183786342136,0.7064027728260885,0.8121666396518294,0.061118966383059116,H05
0.0,0.0,0.7539809914095771,0.0,0.0,0.0,0.9601516321885376,0.7969314185821031,0.3683183786342136,0.7064027728260885,0.8121666396518294,0.061118966383059116,H05
0.0,0.15395124036505017,0.09341644340074996,0.0044092722998897,0.06983892956737062,0.0023675353399365325,0.0,0.0,0.049746346687358,0.022309512037248874,0.08893397381352157,0.636040710806486,H06
0.0,0.15395124036505017,0.09341644340074996,0.0044092722998897,0.06983892956737062,0.0023675353399365325,0.0,0.0,0.049746346687358,0.022309512037248874,0.08893397381352157,0.636040710806486,H06
0.0,0.15395124036505017,0.09341644340074996,0.0044092722998897,0.06983892956737062,0.0023675353399365325,0.0,0.0,0.049746346687358,0.022309512037248874,0.08893397381352157,0.636040710806486,H06
0.0,0.0,0.5954546881076507,0.0,0.040847938003214485,0.596439801786326,0.0,0.7597300356660448,0.0,0.8045224117662727,0.0,0.3693920793573159,H01
0.0,0.0,0.5954546881076507,0.0,0.040847938003214485,0.596439801786326,0.0,0.7597300356660448,0.0,0.8045224117662727,0.0,0.3693920793573159,H01
0.0,0.0,0.5954546881076507,0.0,0.040847938003214485,0.596439801786326,0.0,0.7597300356660448,0.0,0.8045224117662727,0.0,0.3693920793573159,H01
0.758686121356792,0.09280647070882983,0.37688751790082514,0.012846781303287782,0.015132361653701321,0.6036897673498877,0.0,0.0023061243398499027,0.0,0.2873202574716423,0.05510070167836847,0.35090609901028924,H02
0.758686121356792,0.09280647070882983,0.37688751790082514,0.012846781303287782,0.015132361653701321,0.6036897673498877,0.0,0.0023061243398499027,0.0,0.2873202574716423,0.05510070167836847,0.35090609901028924,H02
0.758686121356792,0.09280647070882983,0.37688751790082514,0.012846781303287782,0.015132361653701321,0.6036897673498877,0.0,0.0023061243398499027,0.0,0.2873202574716423,0.05510070167836847,0.35090609901028924,H02
0.9149822629859448,0.0,0.5187480445347604,0.032895892920346934,0.0,0.0,0.0,0.0,0.0,0.0,0.7258954832080379,0.3140829459342886,H03
0.9149822629859448,0.0,0.5187480445347604,0.032895892920346934,0.0,0.0,0.0,0.0,0.0,0.0,0.7258954832080379,0.3140829459342886,H03
0.9149822629859448,0.0,0.5187480445347604,0.032895892920346934,0.0,0.0,0.0,0.0,0.0,0.0,0.7258954832080379,0.3140829459342886,H03
0.8016762930114697,0.7733177735869252,0.5708509382261808,0.014541257175435352,0.0,0.0023756325585384693,0.0,0.0023061243398499027,0.0,0.2295276582748313,0.0020445859872611463,0.2001384646950487,H04
0.8016762930114697,0.7733177735869252,0.5708509382261808,0.014541257175435352,0.0,0.0023756325585384693,0.0,0.0023061243398499027,0.0,0.2295276582748313,0.0020445859872611463,0.2001384646950487,H04
0.8016762930114697,0.7733177735869252,0.5708509382261808,0.014541257175435352,0.0,0.0023756325585384693,0.0,0.0023061243398499027,0.0,0.2295276582748313,0.0020445859872611463,0.2001384646950487,H04
0.0,0.0,0.7539809914095771,0.0,0.0,0.0,0.9601516321885376,0.7969314185821031,0.3683183786342136,0.7064027728260885,0.8121666396518294,0.061118966383059116,H05
0.0,0.0,0.7539809914095771,0.0,0.0,0.0,0.9601516321885376,0.7969314185821031,0.3683183786342136,0.7064027728260885,0.8121666396518294,0.061118966383059116,H05
0.0,0.0,0.7539809914095771,0.0,0.0,0.0,0.9601516321885376,0.7969314185821031,0.3683183786342136,0.7064027728260885,0.8121666396518294,0.061118966383059116,H05
0.0,0.15395124036505017,0.09341644340074996,0.0044092722998897,0.06983892956737062,0.0023675353399365325,0.0,0.0,0.049746346687358,0.022309512037248874,0.08893397381352157,0.636040710806486,H06
0.0,0.15395124036505017,0.09341644340074996,0.0044092722998897,0.06983892956737062,0.0023675353399365325,0.0,0.0,0.049746346687358,0.022309512037248874,0.08893397381352157,0.636040710806486,H06
0.0,0.15395124036505017,0.09341644340074996,0.0044092722998897,0.06983892956737062,0.0023675353399365325,0.0,0.0,0.049746346687358,0.022309512037248874,0.08893397381352157,0.636040710806486,H06
0.0,0.0,0.5954546881076507,0.0,0.040847938003214485,0.596439801786326,0.0,0.7597300356660448,0.0,0.8045224117662727,0.0,0.3693920793573159,H01
0.0,0.0,0.5954546881076507,0.0,0.040847938003214485,0.596439801786326,0.0,0.7597300356660448,0.0,0.8045224117662727,0.0,0.3693920793573159,H01
0.0,0.0,0.5954546881076507,0.0,0.040847938003214485,0.596439801786326,0.0,0.7597300356660448,0.0,0.8045224117662727,0.0,0.3693920793573159,H01
0.758686121356792,0.09280647070882983,0.37688751790082514,0.012846781303287782,0.015132361653701321,0.6036897673498877,0.0,0.0023061243398499027,0.0,0.2873202574716423,0.05510070167836847,0.35090609901028924,H02
0.758686121356792,0.09280647070882983,0.37688751790082514,0.012846781303287782,0.015132361653701321,0.6036897673498877,0.0,0.0023061243398499027,0.0,0.2873202574716423,0.05510070167836847,0.35090609901028924,H02
0.758686121356792,0.09280647070882983,0.37688751790082514,0.012846781303287782,0.015132361653701321,0.6036897673498877,0.0,0.0023061243398499027,0.0,0.2873202574716423,0.05510070167836847,0.35090609901028924,H02
0.9149822629859448,0.0,0.5187480445347604,0.032895892920346934,0.0,0.0,0.0,0.0,0.0,0.0,0.7258954832080379,0.3140829459342886,H03
0.9149822629859448,0.0,0.5187480445347604,0.032895892920346934,0.0,0.0,0.0,0.0,0.0,0.0,0.7258954832080379,0.3140829459342886,H03
0.9149822629859448,0.0,0.5187480445347604,0.032895892920346934,0.0,0.0,0.0,0.0,0.0,0.0,0.7258954832080379,0.3140829459342886,H03
0.8016762930114697,0.7733177735869252,0.5708509382261808,0.014541257175435352,0.0,0.0023756325585384693,0.0,0.0023061243398499027,0.0,0.2295276582748313,0.0020445859872611463,0.2001384646950487,H04
0.8016762930114697,0.7733177735869252,0.5708509382261808,0.014541257175435352,0.0,0.0023756325585384693,0.0,0.0023061243398499027,0.0,0.2295276582748313,0.0020445859872611463,0.2001384646950487,H04
0.8016762930114697,0.7733177735869252,0.5708509382261808,0.014541257175435352,0.0,0.0023756325585384693,0.0,0.0023061243398499027,0.0,0.2295276582748313,0.0020445859872611463,0.2001384646950487,H04
0.0,0.0,0.7539809914095771,0.0,0.0,0.0,0.9601516321885376,0.7969314185821031,0.3683183786342136,0.7064027728260885,0.8121666396518294,0.061118966383059116,H05
0.0,0.0,0.7539809914095771,0.0,0.0,0.0,0.9601516321885376,0.7969314185821031,0.3683183786342136,0.7064027728260885,0.8121666396518294,0.061118966383059116,H05
0.0,0.0,0.7539809914095771,0.0,0.0,0.0,0.9601516321885376,0.7969314185821031,0.3683183786342136,0.7064027728260885,0.8121666396518294,0.061118966383059116,H05
0.0,0.15395124036505017,0.09341644340074996,0.0044092722998897,0.06983892956737062,0.0023675353399365325,0.0,0.0,0.049746346687358,0.022309512037248874,0.08893397381352157,0.636040710806486,H06
0.0,0.15395124036505017,0.09341644340074996,0.0044092722998897,0.06983892956737062,0.0023675353399365325,0.0,0.0,0.049746346687358,0.022309512037248874,0.08893397381352157,0.636040710806486,H06
0.0,0.15395124036505017,0.09341644340074996,0.0044092722998897,0.06983892956737062,0.0023675353399365325,0.0,0.0,0.049746346687358,0.022309512037248874,0.08893397381352157,0.636040710806486,H06
0.0,0.0,0.024079914756065957,0.0,0.0366213343246127,0.6195857771551584,0.0,0.01935465815154738,0.0,0.01058156756705813,0.0,0.5562369952505999,H01
0.0,0.0,0.024079914756065957,0.0,0.0366213343246127,0.6195857771551584,0.0,0.01935465815154738,0.0,0.01058156756705813,0.0,0.5562369952505999,H01
0.0,0.0,0.024079914756065957,0.0,0.0366213343246127,0.6195857771551584,0.0,0.01935465815154738,0.0,0.01058156756705813,0.0,0.5562369952505999,H01
0.037488770890385534,0.0041129616455779115,0.02325748875439632,0.004234836217026106,0.01724407214749088,0.6250241317955483,0.0,0.0,0.0,0.014694027973923938,0.009204950678582824,0.6918731172215226,H02
0.037488770890385534,0.0041129616455779115,0.02325748875439632,0.004234836217026106,0.01724407214749088,0.6250241317955483,0.0,0.0,0.0,0.014694027973923938,0.009204950678582824,0.6918731172215226,H02
0.037488770890385534,0.0041129616455779115,0.02325748875439632,0.004234836217026106,0.01724407214749088,0.6250241317955483,0.0,0.0,0.0,0.014694027973923938,0.009204950678582824,0.6918731172215226,H02
0.0745022876755376,0.0,0.02970919404850263,0.0038856959738417384,0.0,0.0,0.0,0.0,0.0,0.0,0.026476454565162053,0.9797558538495678,H03
0.0745022876755376,0.0,0.02970919404850263,0.0038856959738417384,0.0,0.0,0.0,0.0,0.0,0.0,0.026476454565162053,0.9797558538495678,H03
0.0745022876755376,0.0,0.02970919404850263,0.0038856959738417384,0.0,0.0,0.0,0.0,0.0,0.0,0.026476454565162053,0.9797558538495678,H03
0.04975522319763189,0.07259442489065072,0.019501635005512667,0.0019959016393442633,0.0,0.0024565954899221708,0.0,0.0,0.0,0.007708736765079149,0.0,0.9846521482579753,H04
0.04975522319763189,0.07259442489065072,0.019501635005512667,0.0019959016393442633,0.0,0.0024565954899221708,0.0,0.0,0.0,0.007708736765079149,0.0,0.9846521482579753,H04
0.04975522319763189,0.07259442489065072,0.019501635005512667,0.0019959016393442633,0.0,0.0024565954899221708,0.0,0.0,0.0,0.007708736765079149,0.0,0.9846521482579753,H04
0.0,0.0,0.02123301736843605,0.0,0.0,0.0,0.9659113346691852,0.022804326321369844,0.03730596199775552,0.013208888147342269,0.04580154826800781,0.3640885564730748,H05
0.0,0.0,0.02123301736843605,0.0,0.0,0.0,0.9659113346691852,0.022804326321369844,0.03730596199775552,0.013208888147342269,0.04580154826800781,0.3640885564730748,H05
0.0,0.0,0.02123301736843605,0.0,0.0,0.0,0.9659113346691852,0.022804326321369844,0.03730596199775552,0.013208888147342269,0.04580154826800781,0.3640885564730748,H05
0.0,0.02334838929425075,0.0005983772819472616,0.0,0.08136548853047224,0.009756036617272212,0.0,0.0,0.005553169646314624,0.0,0.014045341736293727,0.8735433832926269,H06
0.0,0.02334838929425075,0.0005983772819472616,0.0,0.08136548853047224,0.009756036617272212,0.0,0.0,0.005553169646314624,0.0,0.014045341736293727,0.8735433832926269,H06
0.0,0.02334838929425075,0.0005983772819472616,0.0,0.08136548853047224,0.009756036617272212,0.0,0.0,0.005553169646314624,0.0,0.014045341736293727,0.8735433832926269,H06
0.0,0.0,0.024079914756065957,0.0,0.0366213343246127,0.6195857771551584,0.0,0.01935465815154738,0.0,0.01058156756705813,0.0,0.5562369952505999,H01
0.0,0.0,0.024079914756065957,0.0,0.0366213343246127,0.6195857771551584,0.0,0.01935465815154738,0.0,0.01058156756705813,0.0,0.5562369952505999,H01
0.0,0.0,0.024079914756065957,0.0,0.0366213343246127,0.6195857771551584,0.0,0.01935465815154738,0.0,0.01058156756705813,0.0,0.5562369952505999,H01
0.037488770890385534,0.0041129616455779115,0.02325748875439632,0.004234836217026106,0.01724407214749088,0.6250241317955483,0.0,0.0,0.0,0.014694027973923938,0.009204950678582824,0.6918731172215226,H02
0.037488770890385534,0.0041129616455779115,0.02325748875439632,0.004234836217026106,0.01724407214749088,0.6250241317955483,0.0,0.0,0.0,0.014694027973923938,0.009204950678582824,0.6918731172215226,H02
0.037488770890385534,0.0041129616455779115,0.02325748875439632,0.004234836217026106,0.01724407214749088,0.6250241317955483,0.0,0.0,0.0,0.014694027973923938,0.009204950678582824,0.6918731172215226,H02
0.0745022876755376,0.0,0.02970919404850263,0.0038856959738417384,0.0,0.0,0.0,0.0,0.0,0.0,0.026476454565162053,0.9797558538495678,H03
0.0745022876755376,0.0,0.02970919404850263,0.0038856959738417384,0.0,0.0,0.0,0.0,0.0,0.0,0.026476454565162053,0.9797558538495678,H03
0.0745022876755376,0.0,0.02970919404850263,0.0038856959738417384,0.0,0.0,0.0,0.0,0.0,0.0,0.026476454565162053,0.9797558538495678,H03
0.04975522319763189,0.07259442489065072,0.019501635005512667,0.0019959016393442633,0.0,0.0024565954899221708,0.0,0.0,0.0,0.007708736765079149,0.0,0.9846521482579753,H04
0.04975522319763189,0.07259442489065072,0.019501635005512667,0.0019959016393442633,0.0,0.0024565954899221708,0.0,0.0,0.0,0.007708736765079149,0.0,0.9846521482579753,H04
0.04975522319763189,0.07259442489065072,0.019501635005512667,0.0019959016393442633,0.0,0.0024565954899221708,0.0,0.0,0.0,0.007708736765079149,0.0,0.9846521482579753,H04
0.0,0.0,0.02123301736843605,0.0,0.0,0.0,0.9659113346691852,0.022804326321369844,0.03730596199775552,0.013208888147342269,0.04580154826800781,0.3640885564730748,H05
0.0,0.0,0.02123301736843605,0.0,0.0,0.0,0.9659113346691852,0.022804326321369844,0.03730596199775552,0.013208888147342269,0.04580154826800781,0.3640885564730748,H05
0.0,0.0,0.02123301736843605,0.0,0.0,0.0,0.9659113346691852,0.022804326321369844,0.03730596199775552,0.013208888147342269,0.04580154826800781,0.3640885564730748,H05
0.0,0.02334838929425075,0.0005983772819472616,0.0,0.08136548853047224,0.009756036617272212,0.0,0.0,0.005553169646314624,0.0,0.014045341736293727,0.8735433832926269,H06
0.0,0.02334838929425075,0.0005983772819472616,0.0,0.08136548853047224,0.009756036617272212,0.0,0.0,0.005553169646314624,0.0,0.014045341736293727,0.8735433832926269,H06
0.0,0.02334838929425075,0.0005983772819472616,0.0,0.08136548853047224,0.009756036617272212,0.0,0.0,0.005553169646314624,0.0,0.014045341736293727,0.8735433832926269,H06
0.0,0.0,0.024079914756065957,0.0,0.0366213343246127,0.6195857771551584,0.0,0.01935465815154738,0.0,0.01058156756705813,0.0,0.5562369952505999,H01
0.0,0.0,0.024079914756065957,0.0,0.0366213343246127,0.6195857771551584,0.0,0.01935465815154738,0.0,0.01058156756705813,0.0,0.5562369952505999,H01
0.0,0.0,0.024079914756065957,0.0,0.0366213343246127,0.6195857771551584,0.0,0.01935465815154738,0.0,0.01058156756705813,0.0,0.5562369952505999,H01
0.037488770890385534,0.0041129616455779115,0.02325748875439632,0.004234836217026106,0.01724407214749088,0.6250241317955483,0.0,0.0,0.0,0.014694027973923938,0.009204950678582824,0.6918731172215226,H02
0.037488770890385534,0.0041129616455779115,0.02325748875439632,0.004234836217026106,0.01724407214749088,0.6250241317955483,0.0,0.0,0.0,0.014694027973923938,0.009204950678582824,0.6918731172215226,H02
0.037488770890385534,0.0041129616455779115,0.02325748875439632,0.004234836217026106,0.01724407214749088,0.6250241317955483,0.0,0.0,0.0,0.014694027973923938,0.009204950678582824,0.6918731172215226,H02
0.0745022876755376,0.0,0.02970919404850263,0.0038856959738417384,0.0,0.0,0.0,0.0,0.0,0.0,0.026476454565162053,0.9797558538495678,H03
0.0745022876755376,0.0,0.02970919404850263,0.0038856959738417384,0.0,0.0,0.0,0.0,0.0,0.0,0.026476454565162053,0.9797558538495678,H03
0.0745022876755376,0.0,0.02970919404850263,0.0038856959738417384,0.0,0.0,0.0,0.0,0.0,0.0,0.026476454565162053,0.9797558538495678,H03
0.04975522319763189,0.07259442489065072,0.019501635005512667,0.0019959016393442633,0.0,0.0024565954899221708,0.0,0.0,0.0,0.007708736765079149,0.0,0.9846521482579753,H04
0.04975522319763189,0.07259442489065072,0.019501635005512667,0.0019959016393442633,0.0,0.0024565954899221708,0.0,0.0,0.0,0.007708736765079149,0.0,0.9846521482579753,H04
0.04975522319763189,0.07259442489065072,0.019501635005512667,0.0019959016393442633,0.0,0.0024565954899221708,0.0,0.0,0.0,0.007708736765079149,0.0,0.9846521482579753,H04
0.0,0.0,0.02123301736843605,0.0,0.0,0.0,0.9659113346691852,0.022804326321369844,0.03730596199775552,0.013208888147342269,0.04580154826800781,0.3640885564730748,H05
0.0,0.0,0.02123301736843605,0.0,0.0,0.0,0.9659113346691852,0.022804326321369844,0.03730596199775552,0.013208888147342269,0.04580154826800781,0.3640885564730748,H05
0.0,0.0,0.02123301736843605,0.0,0.0,0.0,0.9659113346691852,0.022804326321369844,0.03730596199775552,0.013208888147342269,0.04580154826800781,0.3640885564730748,H05
0.0,0.02334838929425075,0.0005983772819472616,0.0,0.08136548853047224,0.009756036617272212,0.0,0.0,0.005553169646314624,0.0,0.014045341736293727,0.8735433832926269,H06
0.0,0.02334838929425075,0.0005983772819472616,0.0,0.08136548853047224,0.009756036617272212,0.0,0.0,0.005553169646314624,0.0,0.014045341736293727,0.8735433832926269,H06
0.0,0.02334838929425075,0.0005983772819472616,0.0,0.08136548853047224,0.009756036617272212,0.0,0.0,0.005553169646314624,0.0,0.014045341736293727,0.8735433832926269,H06
0.0,0.0,0.5954546881076507,0.0,0.040847938003214485,0.596439801786326,0.0,0.7597300356660448,0.0,0.8045224117662727,0.0,0.3693920793573159,H01
0.0,0.0,0.5954546881076507,0.0,0.040847938003214485,0.596439801786326,0.0,0.7597300356660448,0.0,0.8045224117662727,0.0,0.3693920793573159,H01
0.0,0.0,0.5954546881076507,0.0,0.040847938003214485,0.596439801786326,0.0,0.7597300356660448,0.0,0.8045224117662727,0.0,0.3693920793573159,H01
0.758686121356792,0.09280647070882983,0.37688751790082514,0.012846781303287782,0.015132361653701321,0.6036897673498877,0.0,0.0023061243398499027,0.0,0.2873202574716423,0.05510070167836847,0.35090609901028924,H02
0.758686121356792,0.09280647070882983,0.37688751790082514,0.012846781303287782,0.015132361653701321,0.6036897673498877,0.0,0.0023061243398499027,0.0,0.2873202574716423,0.05510070167836847,0.35090609901028924,H02
0.758686121356792,0.09280647070882983,0.37688751790082514,0.012846781303287782,0.015132361653701321,0.6036897673498877,0.0,0.0023061243398499027,0.0,0.2873202574716423,0.05510070167836847,0.35090609901028924,H02
0.9149822629859448,0.0,0.5187480445347604,0.032895892920346934,0.0,0.0,0.0,0.0,0.0,0.0,0.7258954832080379,0.3140829459342886,H03
0.9149822629859448,0.0,0.5187480445347604,0.032895892920346934,0.0,0.0,0.0,0.0,0.0,0.0,0.7258954832080379,0.3140829459342886,H03
0.9149822629859448,0.0,0.5187480445347604,0.032895892920346934,0.0,0.0,0.0,0.0,0.0,0.0,0.7258954832080379,0.3140829459342886,H03
0.8016762930114697,0.7733177735869252,0.5708509382261808,0.014541257175435352,0.0,0.0023756325585384693,0.0,0.0023061243398499027,0.0,0.2295276582748313,0.0020445859872611463,0.2001384646950487,H04
0.8016762930114697,0.7733177735869252,0.5708509382261808,0.014541257175435352,0.0,0.0023756325585384693,0.0,0.0023061243398499027,0.0,0.2295276582748313,0.0020445859872611463,0.2001384646950487,H04
0.8016762930114697,0.7733177735869252,0.5708509382261808,0.014541257175435352,0.0,0.0023756325585384693,0.0,0.0023061243398499027,0.0,0.2295276582748313,0.0020445859872611463,0.2001384646950487,H04
0.0,0.0,0.7539809914095771,0.0,0.0,0.0,0.9601516321885376,0.7969314185821031,0.3683183786342136,0.7064027728260885,0.8121666396518294,0.061118966383059116,H05
0.0,0.0,0.7539809914095771,0.0,0.0,0.0,0.9601516321885376,0.7969314185821031,0.3683183786342136,0.7064027728260885,0.8121666396518294,0.061118966383059116,H05
0.0,0.0,0.7539809914095771,0.0,0.0,0.0,0.9601516321885376,0.7969314185821031,0.3683183786342136,0.7064027728260885,0.8121666396518294,0.061118966383059116,H05
0.0,0.15395124036505017,0.09341644340074996,0.0044092722998897,0.06983892956737062,0.0023675353399365325,0.0,0.0,0.049746346687358,0.022309512037248874,0.08893397381352157,0.636040710806486,H06
0.0,0.15395124036505017,0.09341644340074996,0.0044092722998897,0.06983892956737062,0.0023675353399365325,0.0,0.0,0.049746346687358,0.022309512037248874,0.08893397381352157,0.636040710806486,H06
0.0,0.15395124036505017,0.09341644340074996,0.0044092722998897,0.06983892956737062,0.0023675353399365325,0.0,0.0,0.049746346687358,0.022309512037248874,0.08893397381352157,0.636040710806486,H06
0.0,0.0,0.5954546881076507,0.0,0.040847938003214485,0.596439801786326,0.0,0.7597300356660448,0.0,0.8045224117662727,0.0,0.3693920793573159,H01
0.0,0.0,0.5954546881076507,0.0,0.040847938003214485,0.596439801786326,0.0,0.7597300356660448,0.0,0.8045224117662727,0.0,0.3693920793573159,H01
0.0,0.0,0.5954546881076507,0.0,0.040847938003214485,0.596439801786326,0.0,0.7597300356660448,0.0,0.8045224117662727,0.0,0.3693920793573159,H01
0.758686121356792,0.09280647070882983,0.37688751790082514,0.012846781303287782,0.015132361653701321,0.6036897673498877,0.0,0.0023061243398499027,0.0,0.2873202574716423,0.05510070167836847,0.35090609901028924,H02
0.758686121356792,0.09280647070882983,0.37688751790082514,0.012846781303287782,0.015132361653701321,0.6036897673498877,0.0,0.0023061243398499027,0.0,0.2873202574716423,0.05510070167836847,0.35090609901028924,H02
0.758686121356792,0.09280647070882983,0.37688751790082514,0.012846781303287782,0.015132361653701321,0.6036897673498877,0.0,0.0023061243398499027,0.0,0.2873202574716423,0.05510070167836847,0.35090609901028924,H02
0.9149822629859448,0.0,0.5187480445347604,0.032895892920346934,0.0,0.0,0.0,0.0,0.0,0.0,0.7258954832080379,0.3140829459342886,H03
0.9149822629859448,0.0,0.5187480445347604,0.032895892920346934,0.0,0.0,0.0,0.0,0.0,0.0,0.7258954832080379,0.3140829459342886,H03
0.9149822629859448,0.0,0.5187480445347604,0.032895892920346934,0.0,0.0,0.0,0.0,0.0,0.0,0.7258954832080379,0.3140829459342886,H03
0.8016762930114697,0.7733177735869252,0.5708509382261808,0.014541257175435352,0.0,0.0023756325585384693,0.0,0.0023061243398499027,0.0,0.2295276582748313,0.0020445859872611463,0.2001384646950487,H04
0.8016762930114697,0.7733177735869252,0.5708509382261808,0.014541257175435352,0.0,0.0023756325585384693,0.0,0.0023061243398499027,0.0,0.2295276582748313,0.0020445859872611463,0.2001384646950487,H04
0.8016762930114697,0.7733177735869252,0.5708509382261808,0.014541257175435352,0.0,0.0023756325585384693,0.0,0.0023061243398499027,0.0,0.2295276582748313,0.0020445859872611463,0.2001384646950487,H04
0.0,0.0,0.7539809914095771,0.0,0.0,0.0,0.9601516321885376,0.7969314185821031,0.3683183786342136,0.7064027728260885,0.8121666396518294,0.061118966383059116,H05
0.0,0.0,0.7539809914095771,0.0,0.0,0.0,0.9601516321885376,0.7969314185821031,0.3683183786342136,0.7064027728260885,0.8121666396518294,0.061118966383059116,H05
0.0,0.0,0.7539809914095771,0.0,0.0,0.0,0.9601516321885376,0.7969314185821031,0.3683183786342136,0.7064027728260885,0.8121666396518294,0.061118966383059116,H05
0.0,0.15395124036505017,0.09341644340074996,0.0044092722998897,0.06983892956737062,0.0023675353399365325,0.0,0.0,0.049746346687358,0.022309512037248874,0.08893397381352157,0.636040710806486,H06
0.0,0.15395124036505017,0.09341644340074996,0.0044092722998897,0.06983892956737062,0.0023675353399365325,0.0,0.0,0.049746346687358,0.022309512037248874,0.08893397381352157,0.636040710806486,H06
0.0,0.15395124036505017,0.09341644340074996,0.0044092722998897,0.06983892956737062,0.0023675353399365325,0.0,0.0,0.049746346687358,0.022309512037248874,0.08893397381352157,0.636040710806486,H06
0.0,0.0,0.6255375411725145,0.0,0.02709012270205815,0.1784117129807499,0.0,0.05637119918180385,0.0,0.1687162797416604,0.0,0.5123824710807513,H01
0.0,0.0,0.6255375411725145,0.0,0.02709012270205815,0.1784117129807499,0.0,0.05637119918180385,0.0,0.1687162797416604,0.0,0.5123824710807513,H01
0.0,0.0,0.6255375411725145,0.0,0.02709012270205815,0.1784117129807499,0.0,0.05637119918180385,0.0,0.1687162797416604,0.0,0.5123824710807513,H01
0.7686027615989692,0.08036483284052372,0.3480920064793607,0.01368110901294498,0.006178901584211711,0.18369708116958744,0.0,0.0,0.0,0.0589332662452962,0.047848196744123904,0.37988963066891335,H02
0.7686027615989692,0.08036483284052372,0.3480920064793607,0.01368110901294498,0.006178901584211711,0.18369708116958744,0.0,0.0,0.0,0.0589332662452962,0.047848196744123904,0.37988963066891335,H02
0.7686027615989692,0.08036483284052372,0.3480920064793607,0.01368110901294498,0.006178901584211711,0.18369708116958744,0.0,0.0,0.0,0.0589332662452962,0.047848196744123904,0.37988963066891335,H02
0.9426188662164116,0.0,0.6346081296567229,0.021761641581566852,0.0,0.0,0.0,0.0,0.0023447712418300636,0.0,0.6675187923984636,0.10294229400942839,H03
0.9426188662164116,0.0,0.6346081296567229,0.021761641581566852,0.0,0.0,0.0,0.0,0.0023447712418300636,0.0,0.6675187923984636,0.10294229400942839,H03
0.9426188662164116,0.0,0.6346081296567229,0.021761641581566852,0.0,0.0,0.0,0.0,0.0023447712418300636,0.0,0.6675187923984636,0.10294229400942839,H03
0.8332018339274883,0.6784224020845626,0.5579835690170329,0.009215173242949619,0.0,0.0,0.0,0.0,0.0,0.05070202455016279,0.002011278195488722,0.10468175918082932,H04
0.8332018339274883,0.6784224020845626,0.5579835690170329,0.009215173242949619,0.0,0.0,0.0,0.0,0.0,0.05070202455016279,0.002011278195488722,0.10468175918082932,H04
0.8332018339274883,0.6784224020845626,0.5579835690170329,0.009215173242949619,0.0,0.0,0.0,0.0,0.0,0.05070202455016279,0.002011278195488722,0.10468175918082932,H04
0.0,0.0,0.4624933966441851,0.0,0.0,0.0,0.9390572802749158,0.06135903057155383,0.09529847017342787,0.14189324522186575,0.6035021704647874,0.16661325761865559,H05
0.0,0.0,0.4624933966441851,0.0,0.0,0.0,0.9390572802749158,0.06135903057155383,0.09529847017342787,0.14189324522186575,0.6035021704647874,0.16661325761865559,H05
0.0,0.0,0.4624933966441851,0.0,0.0,0.0,0.9390572802749158,0.06135903057155383,0.09529847017342787,0.14189324522186575,0.6035021704647874,0.16661325761865559,H05
0.0,0.15499499360022959,0.05250079325441417,0.004599863359710022,0.032925869196206145,0.0024424603174603176,0.0,0.0,0.008128658886720833,0.0021142857142857144,0.09384816596083048,0.4905092200294448,H06
0.0,0.15499499360022959,0.05250079325441417,0.004599863359710022,0.032925869196206145,0.0024424603174603176,0.0,0.0,0.008128658886720833,0.0021142857142857144,0.09384816596083048,0.4905092200294448,H06
0.0,0.15499499360022959,0.05250079325441417,0.004599863359710022,0.032925869196206145,0.0024424603174603176,0.0,0.0,0.008128658886720833,0.0021142857142857144,0.09384816596083048,0.4905092200294448,H06
0.0,0.0,0.604117984750874,0.0,0.03284421811537181,0.1706985347523391,0.0023966609675148344,0.05025172271398887,0.0,0.05799386554211455,0.0,0.5244854210753784,H01
0.0,0.0,0.604117984750874,0.0,0.03284421811537181,0.1706985347523391,0.0023966609675148344,0.05025172271398887,0.0,0.05799386554211455,0.0,0.5244854210753784,H01
0.0,0.0,0.604117984750874,0.0,0.03284421811537181,0.1706985347523391,0.0023966609675148344,0.05025172271398887,0.0,0.05799386554211455,0.0,0.5244854210753784,H01
0.09442671005151779,0.08107162213943862,0.39830253885212336,0.013539273352407767,0.009354600841551618,0.18571241602731692,0.0,0.0,0.0047523147718522415,0.025765652376459145,0.04606277564170396,0.49647043876236974,H02
0.09442671005151779,0.08107162213943862,0.39830253885212336,0.013539273352407767,0.009354600841551618,0.18571241602731692,0.0,0.0,0.0047523147718522415,0.025765652376459145,0.04606277564170396,0.49647043876236974,H02
0.09442671005151779,0.08107162213943862,0.39830253885212336,0.013539273352407767,0.009354600841551618,0.18571241602731692,0.0,0.0,0.0047523147718522415,0.025765652376459145,0.04606277564170396,0.49647043876236974,H02
0.2035815744369817,0.0,0.5372924553402654,0.026668236546051945,0.0,0.0,0.0,0.0,0.2782251874692286,0.0,0.31543327246484487,0.45702199338383226,H03
0.2035815744369817,0.0,0.5372924553402654,0.026668236546051945,0.0,0.0,0.0,0.0,0.2782251874692286,0.0,0.31543327246484487,0.45702199338383226,H03
0.2035815744369817,0.0,0.5372924553402654,0.026668236546051945,0.0,0.0,0.0,0.0,0.2782251874692286,0.0,0.31543327246484487,0.45702199338383226,H03
0.1508925870166503,0.6546522590956318,0.4856590417525291,0.013396626284628864,0.0,0.0024565954899221708,0.0,0.0,0.0,0.01944192020433461,0.002011278195488722,0.4574636419685607,H04
0.1508925870166503,0.6546522590956318,0.4856590417525291,0.013396626284628864,0.0,0.0024565954899221708,0.0,0.0,0.0,0.01944192020433461,0.002011278195488722,0.4574636419685607,H04
0.1508925870166503,0.6546522590956318,0.4856590417525291,0.013396626284628864,0.0,0.0024565954899221708,0.0,0.0,0.0,0.01944192020433461,0.002011278195488722,0.4574636419685607,H04
0.0,0.0,0.733437746159327,0.0,0.0,0.0,0.9630696611280775,0.05775339402276233,0.3940589034439777,0.05133776936736077,0.7718082936051257,0.11595811626805624,H05
0.0,0.0,0.733437746159327,0.0,0.0,0.0,0.9630696611280775,0.05775339402276233,0.3940589034439777,0.05133776936736077,0.7718082936051257,0.11595811626805624,H05
0.0,0.0,0.733437746159327,0.0,0.0,0.0,0.9630696611280775,0.05775339402276233,0.3940589034439777,0.05133776936736077,0.7718082936051257,0.11595811626805624,H05
0.0,0.1443873401734208,0.09022849922622163,0.00944761946508199,0.03775607575573791,0.0024424603174603176,0.0,0.0,0.008700469276682358,0.0016459074733096088,0.09269347011550327,0.5056917829040555,H06
0.0,0.1443873401734208,0.09022849922622163,0.00944761946508199,0.03775607575573791,0.0024424603174603176,0.0,0.0,0.008700469276682358,0.0016459074733096088,0.09269347011550327,0.5056917829040555,H06
0.0,0.1443873401734208,0.09022849922622163,0.00944761946508199,0.03775607575573791,0.0024424603174603176,0.0,0.0,0.008700469276682358,0.0016459074733096088,0.09269347011550327,0.5056917829040555,H06
0.0,0.0,0.5158387918642732,0.0,0.02442372590264605,0.6052694753700643,0.0,0.5103673559217508,0.0,0.6338039235303824,0.0,0.5252672906280517,H01
0.0,0.0,0.5158387918642732,0.0,0.02442372590264605,0.6052694753700643,0.0,0.5103673559217508,0.0,0.6338039235303824,0.0,0.5252672906280517,H01
0.0,0.0,0.5158387918642732,0.0,0.02442372590264605,0.6052694753700643,0.0,0.5103673559217508,0.0,0.6338039235303824,0.0,0.5252672906280517,H01
0.6567098637535896,0.09267948927937197,0.3413046891032907,0.0032041578132322585,0.009697090452414582,0.6084137669001065,0.0,0.0,0.0,0.10155419177550064,0.04895099626298447,0.504958807074018,H02
0.6567098637535896,0.09267948927937197,0.3413046891032907,0.0032041578132322585,0.009697090452414582,0.6084137669001065,0.0,0.0,0.0,0.10155419177550064,0.04895099626298447,0.504958807074018,H02
0.6567098637535896,0.09267948927937197,0.3413046891032907,0.0032041578132322585,0.009697090452414582,0.6084137669001065,0.0,0.0,0.0,0.10155419177550064,0.04895099626298447,0.504958807074018,H02
0.7598895428307292,0.0,0.4013202707449407,0.02145403360418436,0.0,0.0,0.0,0.0,0.036004689418075886,0.0,0.6921422540815736,0.48301173109869433,H03
0.7598895428307292,0.0,0.4013202707449407,0.02145403360418436,0.0,0.0,0.0,0.0,0.036004689418075886,0.0,0.6921422540815736,0.48301173109869433,H03
0.7598895428307292,0.0,0.4013202707449407,0.02145403360418436,0.0,0.0,0.0,0.0,0.036004689418075886,0.0,0.6921422540815736,0.48301173109869433,H03
0.6933963477955589,0.7738502960742123,0.4531190972696033,0.010183358554690491,0.0,0.0024284868810416256,0.0,0.006328141733056287,0.0,0.0997287807389847,0.0022597676874340023,0.29940971262123195,H04
0.6933963477955589,0.7738502960742123,0.4531190972696033,0.010183358554690491,0.0,0.0024284868810416256,0.0,0.006328141733056287,0.0,0.0997287807389847,0.0022597676874340023,0.29940971262123195,H04
0.6933963477955589,0.7738502960742123,0.4531190972696033,0.010183358554690491,0.0,0.0024284868810416256,0.0,0.006328141733056287,0.0,0.0997287807389847,0.0022597676874340023,0.29940971262123195,H04
0.0,0.0,0.4796064784267877,0.0,0.0,0.0,0.956556621757678,0.7923105088594111,0.16344015240899243,0.5172267193805269,0.7751764238760325,0.09419485368780846,H05
0.0,0.0,0.4796064784267877,0.0,0.0,0.0,0.956556621757678,0.7923105088594111,0.16344015240899243,0.5172267193805269,0.7751764238760325,0.09419485368780846,H05
0.0,0.0,0.4796064784267877,0.0,0.0,0.0,0.956556621757678,0.7923105088594111,0.16344015240899243,0.5172267193805269,0.7751764238760325,0.09419485368780846,H05
0.0,0.14947973940231715,0.09863560651455117,0.008144694544093941,0.051873707653981097,0.004386341879380962,0.0,0.0,0.0,0.008564903953366988,0.05344879380582019,0.849092965980131,H06
0.0,0.14947973940231715,0.09863560651455117,0.008144694544093941,0.051873707653981097,0.004386341879380962,0.0,0.0,0.0,0.008564903953366988,0.05344879380582019,0.849092965980131,H06
0.0,0.14947973940231715,0.09863560651455117,0.008144694544093941,0.051873707653981097,0.004386341879380962,0.0,0.0,0.0,0.008564903953366988,0.05344879380582019,0.849092965980131,H06
0.0,0.0,0.5158387918642732,0.0,0.02442372590264605,0.6052694753700643,0.0,0.5103673559217508,0.0,0.6338039235303824,0.0,0.5252672906280517,H01
0.0,0.0,0.5158387918642732,0.0,0.02442372590264605,0.6052694753700643,0.0,0.5103673559217508,0.0,0.6338039235303824,0.0,0.5252672906280517,H01
0.0,0.0,0.5158387918642732,0.0,0.02442372590264605,0.6052694753700643,0.0,0.5103673559217508,0.0,0.6338039235303824,0.0,0.5252672906280517,H01
0.6567098637535896,0.09267948927937197,0.3413046891032907,0.0032041578132322585,0.009697090452414582,0.6084137669001065,0.0,0.0,0.0,0.10155419177550064,0.04895099626298447,0.504958807074018,H02
0.6567098637535896,0.09267948927937197,0.3413046891032907,0.0032041578132322585,0.009697090452414582,0.6084137669001065,0.0,0.0,0.0,0.10155419177550064,0.04895099626298447,0.504958807074018,H02
0.6567098637535896,0.09267948927937197,0.3413046891032907,0.0032041578132322585,0.009697090452414582,0.6084137669001065,0.0,0.0,0.0,0.10155419177550064,0.04895099626298447,0.504958807074018,H02
0.7598895428307292,0.0,0.4013202707449407,0.02145403360418436,0.0,0.0,0.0,0.0,0.036004689418075886,0.0,0.6921422540815736,0.48301173109869433,H03
0.7598895428307292,0.0,0.4013202707449407,0.02145403360418436,0.0,0.0,0.0,0.0,0.036004689418075886,0.0,0.6921422540815736,0.48301173109869433,H03
0.7598895428307292,0.0,0.4013202707449407,0.02145403360418436,0.0,0.0,0.0,0.0,0.036004689418075886,0.0,0.6921422540815736,0.48301173109869433,H03
0.6933963477955589,0.7738502960742123,0.4531190972696033,0.010183358554690491,0.0,0.0024284868810416256,0.0,0.006328141733056287,0.0,0.0997287807389847,0.0022597676874340023,0.29940971262123195,H04
0.6933963477955589,0.7738502960742123,0.4531190972696033,0.010183358554690491,0.0,0.0024284868810416256,0.0,0.006328141733056287,0.0,0.0997287807389847,0.0022597676874340023,0.29940971262123195,H04
0.6933963477955589,0.7738502960742123,0.4531190972696033,0.010183358554690491,0.0,0.0024284868810416256,0.0,0.006328141733056287,0.0,0.0997287807389847,0.0022597676874340023,0.29940971262123195,H04
0.0,0.0,0.4796064784267877,0.0,0.0,0.0,0.956556621757678,0.7923105088594111,0.16344015240899243,0.5172267193805269,0.7751764238760325,0.09419485368780846,H05
0.0,0.0,0.4796064784267877,0.0,0.0,0.0,0.956556621757678,0.7923105088594111,0.16344015240899243,0.5172267193805269,0.7751764238760325,0.09419485368780846,H05
0.0,0.0,0.4796064784267877,0.0,0.0,0.0,0.956556621757678,0.7923105088594111,0.16344015240899243,0.5172267193805269,0.7751764238760325,0.09419485368780846,H05
0.0,0.14947973940231715,0.09863560651455117,0.008144694544093941,0.051873707653981097,0.004386341879380962,0.0,0.0,0.0,0.008564903953366988,0.05344879380582019,0.849092965980131,H06
0.0,0.14947973940231715,0.09863560651455117,0.008144694544093941,0.051873707653981097,0.004386341879380962,0.0,0.0,0.0,0.008564903953366988,0.05344879380582019,0.849092965980131,H06
0.0,0.14947973940231715,0.09863560651455117,0.008144694544093941,0.051873707653981097,0.004386341879380962,0.0,0.0,0.0,0.008564903953366988,0.05344879380582019,0.849092965980131,H06
0.0,0.0,0.5158387918642732,0.0,0.02442372590264605,0.6052694753700643,0.0,0.5103673559217508,0.0,0.6338039235303824,0.0,0.5252672906280517,H01
0.0,0.0,0.5158387918642732,0.0,0.02442372590264605,0.6052694753700643,0.0,0.5103673559217508,0.0,0.6338039235303824,0.0,0.5252672906280517,H01
0.0,0.0,0.5158387918642732,0.0,0.02442372590264605,0.6052694753700643,0.0,0.5103673559217508,0.0,0.6338039235303824,0.0,0.5252672906280517,H01
0.6567098637535896,0.09267948927937197,0.3413046891032907,0.0032041578132322585,0.009697090452414582,0.6084137669001065,0.0,0.0,0.0,0.10155419177550064,0.04895099626298447,0.504958807074018,H02
0.6567098637535896,0.09267948927937197,0.3413046891032907,0.0032041578132322585,0.009697090452414582,0.6084137669001065,0.0,0.0,0.0,0.10155419177550064,0.04895099626298447,0.504958807074018,H02
0.6567098637535896,0.09267948927937197,0.3413046891032907,0.0032041578132322585,0.009697090452414582,0.6084137669001065,0.0,0.0,0.0,0.10155419177550064,0.04895099626298447,0.504958807074018,H02
0.7598895428307292,0.0,0.4013202707449407,0.02145403360418436,0.0,0.0,0.0,0.0,0.036004689418075886,0.0,0.6921422540815736,0.48301173109869433,H03
0.7598895428307292,0.0,0.4013202707449407,0.02145403360418436,0.0,0.0,0.0,0.0,0.036004689418075886,0.0,0.6921422540815736,0.48301173109869433,H03
0.7598895428307292,0.0,0.4013202707449407,0.02145403360418436,0.0,0.0,0.0,0.0,0.036004689418075886,0.0,0.6921422540815736,0.48301173109869433,H03
0.6933963477955589,0.7738502960742123,0.4531190972696033,0.010183358554690491,0.0,0.0024284868810416256,0.0,0.006328141733056287,0.0,0.0997287807389847,0.0022597676874340023,0.29940971262123195,H04
0.6933963477955589,0.7738502960742123,0.4531190972696033,0.010183358554690491,0.0,0.0024284868810416256,0.0,0.006328141733056287,0.0,0.0997287807389847,0.0022597676874340023,0.29940971262123195,H04
0.6933963477955589,0.7738502960742123,0.4531190972696033,0.010183358554690491,0.0,0.0024284868810416256,0.0,0.006328141733056287,0.0,0.0997287807389847,0.0022597676874340023,0.29940971262123195,H04
0.0,0.0,0.4796064784267877,0.0,0.0,0.0,0.956556621757678,0.7923105088594111,0.16344015240899243,0.5172267193805269,0.7751764238760325,0.09419485368780846,H05
0.0,0.0,0.4796064784267877,0.0,0.0,0.0,0.956556621757678,0.7923105088594111,0.16344015240899243,0.5172267193805269,0.7751764238760325,0.09419485368780846,H05
0.0,0.0,0.4796064784267877,0.0,0.0,0.0,0.956556621757678,0.7923105088594111,0.16344015240899243,0.5172267193805269,0.7751764238760325,0.09419485368780846,H05
0.0,0.14947973940231715,0.09863560651455117,0.008144694544093941,0.051873707653981097,0.004386341879380962,0.0,0.0,0.0,0.008564903953366988,0.05344879380582019,0.849092965980131,H06
0.0,0.14947973940231715,0.09863560651455117,0.008144694544093941,0.051873707653981097,0.004386341879380962,0.0,0.0,0.0,0.008564903953366988,0.05344879380582019,0.849092965980131,H06
0.0,0.14947973940231715,0.09863560651455117,0.008144694544093941,0.051873707653981097,0.004386341879380962,0.0,0.0,0.0,0.008564903953366988,0.05344879380582019,0.849092965980131,H06
0.0,0.0,0.5158387918642732,0.0,0.02442372590264605,0.6052694753700643,0.0,0.5103673559217508,0.0,0.6338039235303824,0.0,0.5252672906280517,H01
0.0,0.0,0.5158387918642732,0.0,0.02442372590264605,0.6052694753700643,0.0,0.5103673559217508,0.0,0.6338039235303824,0.0,0.5252672906280517,H01
0.0,0.0,0.5158387918642732,0.0,0.02442372590264605,0.6052694753700643,0.0,0.5103673559217508,0.0,0.6338039235303824,0.0,0.5252672906280517,H01
0.6567098637535896,0.09267948927937197,0.3413046891032907,0.0032041578132322585,0.009697090452414582,0.6084137669001065,0.0,0.0,0.0,0.10155419177550064,0.04895099626298447,0.504958807074018,H02
0.6567098637535896,0.09267948927937197,0.3413046891032907,0.0032041578132322585,0.009697090452414582,0.6084137669001065,0.0,0.0,0.0,0.10155419177550064,0.04895099626298447,0.504958807074018,H02
0.6567098637535896,0.09267948927937197,0.3413046891032907,0.0032041578132322585,0.009697090452414582,0.6084137669001065,0.0,0.0,0.0,0.10155419177550064,0.04895099626298447,0.504958807074018,H02
0.7598895428307292,0.0,0.4013202707449407,0.02145403360418436,0.0,0.0,0.0,0.0,0.036004689418075886,0.0,0.6921422540815736,0.48301173109869433,H03
0.7598895428307292,0.0,0.4013202707449407,0.02145403360418436,0.0,0.0,0.0,0.0,0.036004689418075886,0.0,0.6921422540815736,0.48301173109869433,H03
0.7598895428307292,0.0,0.4013202707449407,0.02145403360418436,0.0,0.0,0.0,0.0,0.036004689418075886,0.0,0.6921422540815736,0.48301173109869433,H03
0.6933963477955589,0.7738502960742123,0.4531190972696033,0.010183358554690491,0.0,0.0024284868810416256,0.0,0.006328141733056287,0.0,0.0997287807389847,0.0022597676874340023,0.29940971262123195,H04
0.6933963477955589,0.7738502960742123,0.4531190972696033,0.010183358554690491,0.0,0.0024284868810416256,0.0,0.006328141733056287,0.0,0.0997287807389847,0.0022597676874340023,0.29940971262123195,H04
0.6933963477955589,0.7738502960742123,0.4531190972696033,0.010183358554690491,0.0,0.0024284868810416256,0.0,0.006328141733056287,0.0,0.0997287807389847,0.0022597676874340023,0.29940971262123195,H04
0.0,0.0,0.4796064784267877,0.0,0.0,0.0,0.956556621757678,0.7923105088594111,0.16344015240899243,0.5172267193805269,0.7751764238760325,0.09419485368780846,H05
0.0,0.0,0.4796064784267877,0.0,0.0,0.0,0.956556621757678,0.7923105088594111,0.16344015240899243,0.5172267193805269,0.7751764238760325,0.09419485368780846,H05
0.0,0.0,0.4796064784267877,0.0,0.0,0.0,0.956556621757678,0.7923105088594111,0.16344015240899243,0.5172267193805269,0.7751764238760325,0.09419485368780846,H05
0.0,0.14947973940231715,0.09863560651455117,0.008144694544093941,0.051873707653981097,0.004386341879380962,0.0,0.0,0.0,0.008564903953366988,0.05344879380582019,0.849092965980131,H06
0.0,0.14947973940231715,0.09863560651455117,0.008144694544093941,0.051873707653981097,0.004386341879380962,0.0,0.0,0.0,0.008564903953366988,0.05344879380582019,0.849092965980131,H06
0.0,0.14947973940231715,0.09863560651455117,0.008144694544093941,0.051873707653981097,0.004386341879380962,0.0,0.0,0.0,0.008564903953366988,0.05344879380582019,0.849092965980131,H06
0.0,0.0,0.5158387918642732,0.0,0.02442372590264605,0.6052694753700643,0.0,0.5103673559217508,0.0,0.6338039235303824,0.0,0.5252672906280517,H01
0.0,0.0,0.5158387918642732,0.0,0.02442372590264605,0.6052694753700643,0.0,0.5103673559217508,0.0,0.6338039235303824,0.0,0.5252672906280517,H01
0.0,0.0,0.5158387918642732,0.0,0.02442372590264605,0.6052694753700643,0.0,0.5103673559217508,0.0,0.6338039235303824,0.0,0.5252672906280517,H01
0.6567098637535896,0.09267948927937197,0.3413046891032907,0.0032041578132322585,0.009697090452414582,0.6084137669001065,0.0,0.0,0.0,0.10155419177550064,0.04895099626298447,0.504958807074018,H02
0.6567098637535896,0.09267948927937197,0.3413046891032907,0.0032041578132322585,0.009697090452414582,0.6084137669001065,0.0,0.0,0.0,0.10155419177550064,0.04895099626298447,0.504958807074018,H02
0.6567098637535896,0.09267948927937197,0.3413046891032907,0.0032041578132322585,0.009697090452414582,0.6084137669001065,0.0,0.0,0.0,0.10155419177550064,0.04895099626298447,0.504958807074018,H02
0.7598895428307292,0.0,0.4013202707449407,0.02145403360418436,0.0,0.0,0.0,0.0,0.036004689418075886,0.0,0.6921422540815736,0.48301173109869433,H03
0.7598895428307292,0.0,0.4013202707449407,0.02145403360418436,0.0,0.0,0.0,0.0,0.036004689418075886,0.0,0.6921422540815736,0.48301173109869433,H03
0.7598895428307292,0.0,0.4013202707449407,0.02145403360418436,0.0,0.0,0.0,0.0,0.036004689418075886,0.0,0.6921422540815736,0.48301173109869433,H03
0.6933963477955589,0.7738502960742123,0.4531190972696033,0.010183358554690491,0.0,0.0024284868810416256,0.0,0.006328141733056287,0.0,0.0997287807389847,0.0022597676874340023,0.29940971262123195,H04
0.6933963477955589,0.7738502960742123,0.4531190972696033,0.010183358554690491,0.0,0.0024284868810416256,0.0,0.006328141733056287,0.0,0.0997287807389847,0.0022597676874340023,0.29940971262123195,H04
0.6933963477955589,0.7738502960742123,0.4531190972696033,0.010183358554690491,0.0,0.0024284868810416256,0.0,0.006328141733056287,0.0,0.0997287807389847,0.0022597676874340023,0.29940971262123195,H04
0.0,0.0,0.4796064784267877,0.0,0.0,0.0,0.956556621757678,0.7923105088594111,0.16344015240899243,0.5172267193805269,0.7751764238760325,0.09419485368780846,H05
0.0,0.0,0.4796064784267877,0.0,0.0,0.0,0.956556621757678,0.7923105088594111,0.16344015240899243,0.5172267193805269,0.7751764238760325,0.09419485368780846,H05
0.0,0.0,0.4796064784267877,0.0,0.0,0.0,0.956556621757678,0.7923105088594111,0.16344015240899243,0.5172267193805269,0.7751764238760325,0.09419485368780846,H05
0.0,0.14947973940231715,0.09863560651455117,0.008144694544093941,0.051873707653981097,0.004386341879380962,0.0,0.0,0.0,0.008564903953366988,0.05344879380582019,0.849092965980131,H06
0.0,0.14947973940231715,0.09863560651455117,0.008144694544093941,0.051873707653981097,0.004386341879380962,0.0,0.0,0.0,0.008564903953366988,0.05344879380582019,0.849092965980131,H06
0.0,0.14947973940231715,0.09863560651455117,0.008144694544093941,0.051873707653981097,0.004386341879380962,0.0,0.0,0.0,0.008564903953366988,0.05344879380582019,0.849092965980131,H06
0.0,0.0,0.5158387918642732,0.0,0.02442372590264605,0.6052694753700643,0.0,0.5103673559217508,0.0,0.6338039235303824,0.0,0.5252672906280517,H01
0.0,0.0,0.5158387918642732,0.0,0.02442372590264605,0.6052694753700643,0.0,0.5103673559217508,0.0,0.6338039235303824,0.0,0.5252672906280517,H01
0.0,0.0,0.5158387918642732,0.0,0.02442372590264605,0.6052694753700643,0.0,0.5103673559217508,0.0,0.6338039235303824,0.0,0.5252672906280517,H01
0.6567098637535896,0.09267948927937197,0.3413046891032907,0.0032041578132322585,0.009697090452414582,0.6084137669001065,0.0,0.0,0.0,0.10155419177550064,0.04895099626298447,0.504958807074018,H02
0.6567098637535896,0.09267948927937197,0.3413046891032907,0.0032041578132322585,0.009697090452414582,0.6084137669001065,0.0,0.0,0.0,0.10155419177550064,0.04895099626298447,0.504958807074018,H02
0.6567098637535896,0.09267948927937197,0.3413046891032907,0.0032041578132322585,0.009697090452414582,0.6084137669001065,0.0,0.0,0.0,0.10155419177550064,0.04895099626298447,0.504958807074018,H02
0.7598895428307292,0.0,0.4013202707449407,0.02145403360418436,0.0,0.0,0.0,0.0,0.036004689418075886,0.0,0.6921422540815736,0.48301173109869433,H03
0.7598895428307292,0.0,0.4013202707449407,0.02145403360418436,0.0,0.0,0.0,0.0,0.036004689418075886,0.0,0.6921422540815736,0.48301173109869433,H03
0.7598895428307292,0.0,0.4013202707449407,0.02145403360418436,0.0,0.0,0.0,0.0,0.036004689418075886,0.0,0.6921422540815736,0.48301173109869433,H03
0.6933963477955589,0.7738502960742123,0.4531190972696033,0.010183358554690491,0.0,0.0024284868810416256,0.0,0.006328141733056287,0.0,0.0997287807389847,0.0022597676874340023,0.29940971262123195,H04
0.6933963477955589,0.7738502960742123,0.4531190972696033,0.010183358554690491,0.0,0.0024284868810416256,0.0,0.006328141733056287,0.0,0.0997287807389847,0.0022597676874340023,0.29940971262123195,H04
0.6933963477955589,0.7738502960742123,0.4531190972696033,0.010183358554690491,0.0,0.0024284868810416256,0.0,0.006328141733056287,0.0,0.0997287807389847,0.0022597676874340023,0.29940971262123195,H04
0.0,0.0,0.4796064784267877,0.0,0.0,0.0,0.956556621757678,0.7923105088594111,0.16344015240899243,0.5172267193805269,0.7751764238760325,0.09419485368780846,H05
0.0,0.0,0.4796064784267877,0.0,0.0,0.0,0.956556621757678,0.7923105088594111,0.16344015240899243,0.5172267193805269,0.7751764238760325,0.09419485368780846,H05
0.0,0.0,0.4796064784267877,0.0,0.0,0.0,0.956556621757678,0.7923105088594111,0.16344015240899243,0.5172267193805269,0.7751764238760325,0.09419485368780846,H05
0.0,0.14947973940231715,0.09863560651455117,0.008144694544093941,0.051873707653981097,0.004386341879380962,0.0,0.0,0.0,0.008564903953366988,0.05344879380582019,0.849092965980131,H06
0.0,0.14947973940231715,0.09863560651455117,0.008144694544093941,0.051873707653981097,0.004386341879380962,0.0,0.0,0.0,0.008564903953366988,0.05344879380582019,0.849092965980131,H06
0.0,0.14947973940231715,0.09863560651455117,0.008144694544093941,0.051873707653981097,0.004386341879380962,0.0,0.0,0.0,0.008564903953366988,0.05344879380582019,0.849092965980131,H06
0.0,0.0,0.018362922985657715,0.0,0.03481920331926704,0.5745642333469317,0.0,0.00792437037456068,0.0,0.01228288155645082,0.0,0.6878039243331847,H01
0.0,0.0,0.018362922985657715,0.0,0.03481920331926704,0.5745642333469317,0.0,0.00792437037456068,0.0,0.01228288155645082,0.0,0.6878039243331847,H01
0.0,0.0,0.018362922985657715,0.0,0.03481920331926704,0.5745642333469317,0.0,0.00792437037456068,0.0,0.01228288155645082,0.0,0.6878039243331847,H01
0.03220654947491258,0.013378562636006777,0.019796391313985542,0.001954253611556982,0.017218226648656607,0.5789132779017299,0.0,0.0,0.0,0.0010341793833696666,0.006591776234066542,0.8193901192029608,H02
0.03220654947491258,0.013378562636006777,0.019796391313985542,0.001954253611556982,0.017218226648656607,0.5789132779017299,0.0,0.0,0.0,0.0010341793833696666,0.006591776234066542,0.8193901192029608,H02
0.03220654947491258,0.013378562636006777,0.019796391313985542,0.001954253611556982,0.017218226648656607,0.5789132779017299,0.0,0.0,0.0,0.0010341793833696666,0.006591776234066542,0.8193901192029608,H02
0.08473353094495124,0.0,0.029694546752959045,0.004124398142840766,0.0,0.0,0.0,0.0,0.036452932857615125,0.0,0.06530410417118748,0.9764088644040056,H03
0.08473353094495124,0.0,0.029694546752959045,0.004124398142840766,0.0,0.0,0.0,0.0,0.036452932857615125,0.0,0.06530410417118748,0.9764088644040056,H03
0.08473353094495124,0.0,0.029694546752959045,0.004124398142840766,0.0,0.0,0.0,0.0,0.036452932857615125,0.0,0.06530410417118748,0.9764088644040056,H03
0.06030459202685514,0.12189713214322596,0.022688039303098494,0.004124398142840766,0.0,0.002190391459074733,0.0,0.0,0.0,0.0010500546694108565,0.0020931142410015647,0.9771885625478771,H04
0.06030459202685514,0.12189713214322596,0.022688039303098494,0.004124398142840766,0.0,0.002190391459074733,0.0,0.0,0.0,0.0010500546694108565,0.0020931142410015647,0.9771885625478771,H04
0.06030459202685514,0.12189713214322596,0.022688039303098494,0.004124398142840766,0.0,0.002190391459074733,0.0,0.0,0.0,0.0010500546694108565,0.0020931142410015647,0.9771885625478771,H04
0.0,0.0,0.024703609902740203,0.0,0.0,0.0,0.9633832880157523,0.026340373857072996,0.01725258127648285,0.011613448371174845,0.07991801270255103,0.39788167233802846,H05
0.0,0.0,0.024703609902740203,0.0,0.0,0.0,0.9633832880157523,0.026340373857072996,0.01725258127648285,0.011613448371174845,0.07991801270255103,0.39788167233802846,H05
0.0,0.0,0.024703609902740203,0.0,0.0,0.0,0.9633832880157523,0.026340373857072996,0.01725258127648285,0.011613448371174845,0.07991801270255103,0.39788167233802846,H05
0.0,0.02923780253427827,0.0006303418803418803,0.0,0.07823643432596754,0.004537776568550165,0.0,0.0,0.0,0.0015572289156626504,0.00912194717118753,0.9087375604263719,H06
0.0,0.02923780253427827,0.0006303418803418803,0.0,0.07823643432596754,0.004537776568550165,0.0,0.0,0.0,0.0015572289156626504,0.00912194717118753,0.9087375604263719,H06
0.0,0.02923780253427827,0.0006303418803418803,0.0,0.07823643432596754,0.004537776568550165,0.0,0.0,0.0,0.0015572289156626504,0.00912194717118753,0.9087375604263719,H06
0.0,0.0,0.018362922985657715,0.0,0.03481920331926704,0.5745642333469317,0.0,0.00792437037456068,0.0,0.01228288155645082,0.0,0.6878039243331847,H01
0.0,0.0,0.018362922985657715,0.0,0.03481920331926704,0.5745642333469317,0.0,0.00792437037456068,0.0,0.01228288155645082,0.0,0.6878039243331847,H01
0.0,0.0,0.018362922985657715,0.0,0.03481920331926704,0.5745642333469317,0.0,0.00792437037456068,0.0,0.01228288155645082,0.0,0.6878039243331847,H01
0.03220654947491258,0.013378562636006777,0.019796391313985542,0.001954253611556982,0.017218226648656607,0.5789132779017299,0.0,0.0,0.0,0.0010341793833696666,0.006591776234066542,0.8193901192029608,H02
0.03220654947491258,0.013378562636006777,0.019796391313985542,0.001954253611556982,0.017218226648656607,0.5789132779017299,0.0,0.0,0.0,0.0010341793833696666,0.006591776234066542,0.8193901192029608,H02
0.03220654947491258,0.013378562636006777,0.019796391313985542,0.001954253611556982,0.017218226648656607,0.5789132779017299,0.0,0.0,0.0,0.0010341793833696666,0.006591776234066542,0.8193901192029608,H02
0.08473353094495124,0.0,0.029694546752959045,0.004124398142840766,0.0,0.0,0.0,0.0,0.036452932857615125,0.0,0.06530410417118748,0.9764088644040056,H03
0.08473353094495124,0.0,0.029694546752959045,0.004124398142840766,0.0,0.0,0.0,0.0,0.036452932857615125,0.0,0.06530410417118748,0.9764088644040056,H03
0.08473353094495124,0.0,0.029694546752959045,0.004124398142840766,0.0,0.0,0.0,0.0,0.036452932857615125,0.0,0.06530410417118748,0.9764088644040056,H03
0.06030459202685514,0.12189713214322596,0.022688039303098494,0.004124398142840766,0.0,0.002190391459074733,0.0,0.0,0.0,0.0010500546694108565,0.0020931142410015647,0.9771885625478771,H04
0.06030459202685514,0.12189713214322596,0.022688039303098494,0.004124398142840766,0.0,0.002190391459074733,0.0,0.0,0.0,0.0010500546694108565,0.0020931142410015647,0.9771885625478771,H04
0.06030459202685514,0.12189713214322596,0.022688039303098494,0.004124398142840766,0.0,0.002190391459074733,0.0,0.0,0.0,0.0010500546694108565,0.0020931142410015647,0.9771885625478771,H04
0.0,0.0,0.024703609902740203,0.0,0.0,0.0,0.9633832880157523,0.026340373857072996,0.01725258127648285,0.011613448371174845,0.07991801270255103,0.39788167233802846,H05
0.0,0.0,0.024703609902740203,0.0,0.0,0.0,0.9633832880157523,0.026340373857072996,0.01725258127648285,0.011613448371174845,0.07991801270255103,0.39788167233802846,H05
0.0,0.0,0.024703609902740203,0.0,0.0,0.0,0.9633832880157523,0.026340373857072996,0.01725258127648285,0.011613448371174845,0.07991801270255103,0.39788167233802846,H05
0.0,0.02923780253427827,0.0006303418803418803,0.0,0.07823643432596754,0.004537776568550165,0.0,0.0,0.0,0.0015572289156626504,0.00912194717118753,0.9087375604263719,H06
0.0,0.02923780253427827,0.0006303418803418803,0.0,0.07823643432596754,0.004537776568550165,0.0,0.0,0.0,0.0015572289156626504,0.00912194717118753,0.9087375604263719,H06
0.0,0.02923780253427827,0.0006303418803418803,0.0,0.07823643432596754,0.004537776568550165,0.0,0.0,0.0,0.0015572289156626504,0.00912194717118753,0.9087375604263719,H06
0.0,0.0,0.018362922985657715,0.0,0.03481920331926704,0.5745642333469317,0.0,0.00792437037456068,0.0,0.01228288155645082,0.0,0.6878039243331847,H01
0.0,0.0,0.018362922985657715,0.0,0.03481920331926704,0.5745642333469317,0.0,0.00792437037456068,0.0,0.01228288155645082,0.0,0.6878039243331847,H01
0.0,0.0,0.018362922985657715,0.0,0.03481920331926704,0.5745642333469317,0.0,0.00792437037456068,0.0,0.01228288155645082,0.0,0.6878039243331847,H01
0.03220654947491258,0.013378562636006777,0.019796391313985542,0.001954253611556982,0.017218226648656607,0.5789132779017299,0.0,0.0,0.0,0.0010341793833696666,0.006591776234066542,0.8193901192029608,H02
0.03220654947491258,0.013378562636006777,0.019796391313985542,0.001954253611556982,0.017218226648656607,0.5789132779017299,0.0,0.0,0.0,0.0010341793833696666,0.006591776234066542,0.8193901192029608,H02
0.03220654947491258,0.013378562636006777,0.019796391313985542,0.001954253611556982,0.017218226648656607,0.5789132779017299,0.0,0.0,0.0,0.0010341793833696666,0.006591776234066542,0.8193901192029608,H02
0.08473353094495124,0.0,0.029694546752959045,0.004124398142840766,0.0,0.0,0.0,0.0,0.036452932857615125,0.0,0.06530410417118748,0.9764088644040056,H03
0.08473353094495124,0.0,0.029694546752959045,0.004124398142840766,0.0,0.0,0.0,0.0,0.036452932857615125,0.0,0.06530410417118748,0.9764088644040056,H03
0.08473353094495124,0.0,0.029694546752959045,0.004124398142840766,0.0,0.0,0.0,0.0,0.036452932857615125,0.0,0.06530410417118748,0.9764088644040056,H03
0.06030459202685514,0.12189713214322596,0.022688039303098494,0.004124398142840766,0.0,0.002190391459074733,0.0,0.0,0.0,0.0010500546694108565,0.0020931142410015647,0.9771885625478771,H04
0.06030459202685514,0.12189713214322596,0.022688039303098494,0.004124398142840766,0.0,0.002190391459074733,0.0,0.0,0.0,0.0010500546694108565,0.0020931142410015647,0.9771885625478771,H04
0.06030459202685514,0.12189713214322596,0.022688039303098494,0.004124398142840766,0.0,0.002190391459074733,0.0,0.0,0.0,0.0010500546694108565,0.0020931142410015647,0.9771885625478771,H04
0.0,0.0,0.024703609902740203,0.0,0.0,0.0,0.9633832880157523,0.026340373857072996,0.01725258127648285,0.011613448371174845,0.07991801270255103,0.39788167233802846,H05
0.0,0.0,0.024703609902740203,0.0,0.0,0.0,0.9633832880157523,0.026340373857072996,0.01725258127648285,0.011613448371174845,0.07991801270255103,0.39788167233802846,H05
0.0,0.0,0.024703609902740203,0.0,0.0,0.0,0.9633832880157523,0.026340373857072996,0.01725258127648285,0.011613448371174845,0.07991801270255103,0.39788167233802846,H05
0.0,0.02923780253427827,0.0006303418803418803,0.0,0.07823643432596754,0.004537776568550165,0.0,0.0,0.0,0.0015572289156626504,0.00912194717118753,0.9087375604263719,H06
0.0,0.02923780253427827,0.0006303418803418803,0.0,0.07823643432596754,0.004537776568550165,0.0,0.0,0.0,0.0015572289156626504,0.00912194717118753,0.9087375604263719,H06
0.0,0.02923780253427827,0.0006303418803418803,0.0,0.07823643432596754,0.004537776568550165,0.0,0.0,0.0,0.0015572289156626504,0.00912194717118753,0.9087375604263719,H06
0.0,0.0,0.5158387918642732,0.0,0.02442372590264605,0.6052694753700643,0.0,0.5103673559217508,0.0,0.6338039235303824,0.0,0.5252672906280517,H01
0.0,0.0,0.5158387918642732,0.0,0.02442372590264605,0.6052694753700643,0.0,0.5103673559217508,0.0,0.6338039235303824,0.0,0.5252672906280517,H01
0.0,0.0,0.5158387918642732,0.0,0.02442372590264605,0.6052694753700643,0.0,0.5103673559217508,0.0,0.6338039235303824,0.0,0.5252672906280517,H01
0.6567098637535896,0.09267948927937197,0.3413046891032907,0.0032041578132322585,0.009697090452414582,0.6084137669001065,0.0,0.0,0.0,0.10155419177550064,0.04895099626298447,0.504958807074018,H02
0.6567098637535896,0.09267948927937197,0.3413046891032907,0.0032041578132322585,0.009697090452414582,0.6084137669001065,0.0,0.0,0.0,0.10155419177550064,0.04895099626298447,0.504958807074018,H02
0.6567098637535896,0.09267948927937197,0.3413046891032907,0.0032041578132322585,0.009697090452414582,0.6084137669001065,0.0,0.0,0.0,0.10155419177550064,0.04895099626298447,0.504958807074018,H02
0.7598895428307292,0.0,0.4013202707449407,0.02145403360418436,0.0,0.0,0.0,0.0,0.036004689418075886,0.0,0.6921422540815736,0.48301173109869433,H03
0.7598895428307292,0.0,0.4013202707449407,0.02145403360418436,0.0,0.0,0.0,0.0,0.036004689418075886,0.0,0.6921422540815736,0.48301173109869433,H03
0.7598895428307292,0.0,0.4013202707449407,0.02145403360418436,0.0,0.0,0.0,0.0,0.036004689418075886,0.0,0.6921422540815736,0.48301173109869433,H03
0.6933963477955589,0.7738502960742123,0.4531190972696033,0.010183358554690491,0.0,0.0024284868810416256,0.0,0.006328141733056287,0.0,0.0997287807389847,0.0022597676874340023,0.29940971262123195,H04
0.6933963477955589,0.7738502960742123,0.4531190972696033,0.010183358554690491,0.0,0.0024284868810416256,0.0,0.006328141733056287,0.0,0.0997287807389847,0.0022597676874340023,0.29940971262123195,H04
0.6933963477955589,0.7738502960742123,0.4531190972696033,0.010183358554690491,0.0,0.0024284868810416256,0.0,0.006328141733056287,0.0,0.0997287807389847,0.0022597676874340023,0.29940971262123195,H04
0.0,0.0,0.4796064784267877,0.0,0.0,0.0,0.956556621757678,0.7923105088594111,0.16344015240899243,0.5172267193805269,0.7751764238760325,0.09419485368780846,H05
0.0,0.0,0.4796064784267877,0.0,0.0,0.0,0.956556621757678,0.7923105088594111,0.16344015240899243,0.5172267193805269,0.7751764238760325,0.09419485368780846,H05
0.0,0.0,0.4796064784267877,0.0,0.0,0.0,0.956556621757678,0.7923105088594111,0.16344015240899243,0.5172267193805269,0.7751764238760325,0.09419485368780846,H05
0.0,0.14947973940231715,0.09863560651455117,0.008144694544093941,0.051873707653981097,0.004386341879380962,0.0,0.0,0.0,0.008564903953366988,0.05344879380582019,0.849092965980131,H06
0.0,0.14947973940231715,0.09863560651455117,0.008144694544093941,0.051873707653981097,0.004386341879380962,0.0,0.0,0.0,0.008564903953366988,0.05344879380582019,0.849092965980131,H06
0.0,0.14947973940231715,0.09863560651455117,0.008144694544093941,0.051873707653981097,0.004386341879380962,0.0,0.0,0.0,0.008564903953366988,0.05344879380582019,0.849092965980131,H06
0.0,0.0,0.5158387918642732,0.0,0.02442372590264605,0.6052694753700643,0.0,0.5103673559217508,0.0,0.6338039235303824,0.0,0.5252672906280517,H01
0.0,0.0,0.5158387918642732,0.0,0.02442372590264605,0.6052694753700643,0.0,0.5103673559217508,0.0,0.6338039235303824,0.0,0.5252672906280517,H01
0.0,0.0,0.5158387918642732,0.0,0.02442372590264605,0.6052694753700643,0.0,0.5103673559217508,0.0,0.6338039235303824,0.0,0.5252672906280517,H01
0.6567098637535896,0.09267948927937197,0.3413046891032907,0.0032041578132322585,0.009697090452414582,0.6084137669001065,0.0,0.0,0.0,0.10155419177550064,0.04895099626298447,0.504958807074018,H02
0.6567098637535896,0.09267948927937197,0.3413046891032907,0.0032041578132322585,0.009697090452414582,0.6084137669001065,0.0,0.0,0.0,0.10155419177550064,0.04895099626298447,0.504958807074018,H02
0.6567098637535896,0.09267948927937197,0.3413046891032907,0.0032041578132322585,0.009697090452414582,0.6084137669001065,0.0,0.0,0.0,0.10155419177550064,0.04895099626298447,0.504958807074018,H02
0.7598895428307292,0.0,0.4013202707449407,0.02145403360418436,0.0,0.0,0.0,0.0,0.036004689418075886,0.0,0.6921422540815736,0.48301173109869433,H03
0.7598895428307292,0.0,0.4013202707449407,0.02145403360418436,0.0,0.0,0.0,0.0,0.036004689418075886,0.0,0.6921422540815736,0.48301173109869433,H03
0.7598895428307292,0.0,0.4013202707449407,0.02145403360418436,0.0,0.0,0.0,0.0,0.036004689418075886,0.0,0.6921422540815736,0.48301173109869433,H03
0.6933963477955589,0.7738502960742123,0.4531190972696033,0.010183358554690491,0.0,0.0024284868810416256,0.0,0.006328141733056287,0.0,0.0997287807389847,0.0022597676874340023,0.29940971262123195,H04
0.6933963477955589,0.7738502960742123,0.4531190972696033,0.010183358554690491,0.0,0.0024284868810416256,0.0,0.006328141733056287,0.0,0.0997287807389847,0.0022597676874340023,0.29940971262123195,H04
0.6933963477955589,0.7738502960742123,0.4531190972696033,0.010183358554690491,0.0,0.0024284868810416256,0.0,0.006328141733056287,0.0,0.0997287807389847,0.0022597676874340023,0.29940971262123195,H04
0.0,0.0,0.4796064784267877,0.0,0.0,0.0,0.956556621757678,0.7923105088594111,0.16344015240899243,0.5172267193805269,0.7751764238760325,0.09419485368780846,H05
0.0,0.0,0.4796064784267877,0.0,0.0,0.0,0.956556621757678,0.7923105088594111,0.16344015240899243,0.5172267193805269,0.7751764238760325,0.09419485368780846,H05
0.0,0.0,0.4796064784267877,0.0,0.0,0.0,0.956556621757678,0.7923105088594111,0.16344015240899243,0.5172267193805269,0.7751764238760325,0.09419485368780846,H05
0.0,0.14947973940231715,0.09863560651455117,0.008144694544093941,0.051873707653981097,0.004386341879380962,0.0,0.0,0.0,0.008564903953366988,0.05344879380582019,0.849092965980131,H06
0.0,0.14947973940231715,0.09863560651455117,0.008144694544093941,0.051873707653981097,0.004386341879380962,0.0,0.0,0.0,0.008564903953366988,0.05344879380582019,0.849092965980131,H06
0.0,0.14947973940231715,0.09863560651455117,0.008144694544093941,0.051873707653981097,0.004386341879380962,0.0,0.0,0.0,0.008564903953366988,0.05344879380582019,0.849092965980131,H06
0.0,0.0,0.5158387918642732,0.0,0.02442372590264605,0.6052694753700643,0.0,0.5103673559217508,0.0,0.6338039235303824,0.0,0.5252672906280517,H01
0.0,0.0,0.5158387918642732,0.0,0.02442372590264605,0.6052694753700643,0.0,0.5103673559217508,0.0,0.6338039235303824,0.0,0.5252672906280517,H01
0.0,0.0,0.5158387918642732,0.0,0.02442372590264605,0.6052694753700643,0.0,0.5103673559217508,0.0,0.6338039235303824,0.0,0.5252672906280517,H01
0.6567098637535896,0.09267948927937197,0.3413046891032907,0.0032041578132322585,0.009697090452414582,0.6084137669001065,0.0,0.0,0.0,0.10155419177550064,0.04895099626298447,0.504958807074018,H02
0.6567098637535896,0.09267948927937197,0.3413046891032907,0.0032041578132322585,0.009697090452414582,0.6084137669001065,0.0,0.0,0.0,0.10155419177550064,0.04895099626298447,0.504958807074018,H02
0.6567098637535896,0.09267948927937197,0.3413046891032907,0.0032041578132322585,0.009697090452414582,0.6084137669001065,0.0,0.0,0.0,0.10155419177550064,0.04895099626298447,0.504958807074018,H02
0.7598895428307292,0.0,0.4013202707449407,0.02145403360418436,0.0,0.0,0.0,0.0,0.036004689418075886,0.0,0.6921422540815736,0.48301173109869433,H03
0.7598895428307292,0.0,0.4013202707449407,0.02145403360418436,0.0,0.0,0.0,0.0,0.036004689418075886,0.0,0.6921422540815736,0.48301173109869433,H03
0.7598895428307292,0.0,0.4013202707449407,0.02145403360418436,0.0,0.0,0.0,0.0,0.036004689418075886,0.0,0.6921422540815736,0.48301173109869433,H03
0.6933963477955589,0.7738502960742123,0.4531190972696033,0.010183358554690491,0.0,0.0024284868810416256,0.0,0.006328141733056287,0.0,0.0997287807389847,0.0022597676874340023,0.29940971262123195,H04
0.6933963477955589,0.7738502960742123,0.4531190972696033,0.010183358554690491,0.0,0.0024284868810416256,0.0,0.006328141733056287,0.0,0.0997287807389847,0.0022597676874340023,0.29940971262123195,H04
0.6933963477955589,0.7738502960742123,0.4531190972696033,0.010183358554690491,0.0,0.0024284868810416256,0.0,0.006328141733056287,0.0,0.0997287807389847,0.0022597676874340023,0.29940971262123195,H04
0.0,0.0,0.4796064784267877,0.0,0.0,0.0,0.956556621757678,0.7923105088594111,0.16344015240899243,0.5172267193805269,0.7751764238760325,0.09419485368780846,H05
0.0,0.0,0.4796064784267877,0.0,0.0,0.0,0.956556621757678,0.7923105088594111,0.16344015240899243,0.5172267193805269,0.7751764238760325,0.09419485368780846,H05
0.0,0.0,0.4796064784267877,0.0,0.0,0.0,0.956556621757678,0.7923105088594111,0.16344015240899243,0.5172267193805269,0.7751764238760325,0.09419485368780846,H05
0.0,0.14947973940231715,0.09863560651455117,0.008144694544093941,0.051873707653981097,0.004386341879380962,0.0,0.0,0.0,0.008564903953366988,0.05344879380582019,0.849092965980131,H06
0.0,0.14947973940231715,0.09863560651455117,0.008144694544093941,0.051873707653981097,0.004386341879380962,0.0,0.0,0.0,0.008564903953366988,0.05344879380582019,0.849092965980131,H06
0.0,0.14947973940231715,0.09863560651455117,0.008144694544093941,0.051873707653981097,0.004386341879380962,0.0,0.0,0.0,0.008564903953366988,0.05344879380582019,0.849092965980131,H06
0.0,0.0,0.5158387918642732,0.0,0.02442372590264605,0.6052694753700643,0.0,0.5103673559217508,0.0,0.6338039235303824,0.0,0.5252672906280517,H01
0.0,0.0,0.5158387918642732,0.0,0.02442372590264605,0.6052694753700643,0.0,0.5103673559217508,0.0,0.6338039235303824,0.0,0.5252672906280517,H01
0.0,0.0,0.5158387918642732,0.0,0.02442372590264605,0.6052694753700643,0.0,0.5103673559217508,0.0,0.6338039235303824,0.0,0.5252672906280517,H01
0.6567098637535896,0.09267948927937197,0.3413046891032907,0.0032041578132322585,0.009697090452414582,0.6084137669001065,0.0,0.0,0.0,0.10155419177550064,0.04895099626298447,0.504958807074018,H02
0.6567098637535896,0.09267948927937197,0.3413046891032907,0.0032041578132322585,0.009697090452414582,0.6084137669001065,0.0,0.0,0.0,0.10155419177550064,0.04895099626298447,0.504958807074018,H02
0.6567098637535896,0.09267948927937197,0.3413046891032907,0.0032041578132322585,0.009697090452414582,0.6084137669001065,0.0,0.0,0.0,0.10155419177550064,0.04895099626298447,0.504958807074018,H02
0.7598895428307292,0.0,0.4013202707449407,0.02145403360418436,0.0,0.0,0.0,0.0,0.036004689418075886,0.0,0.6921422540815736,0.48301173109869433,H03
0.7598895428307292,0.0,0.4013202707449407,0.02145403360418436,0.0,0.0,0.0,0.0,0.036004689418075886,0.0,0.6921422540815736,0.48301173109869433,H03
0.7598895428307292,0.0,0.4013202707449407,0.02145403360418436,0.0,0.0,0.0,0.0,0.036004689418075886,0.0,0.6921422540815736,0.48301173109869433,H03
0.6933963477955589,0.7738502960742123,0.4531190972696033,0.010183358554690491,0.0,0.0024284868810416256,0.0,0.006328141733056287,0.0,0.0997287807389847,0.0022597676874340023,0.29940971262123195,H04
0.6933963477955589,0.7738502960742123,0.4531190972696033,0.010183358554690491,0.0,0.0024284868810416256,0.0,0.006328141733056287,0.0,0.0997287807389847,0.0022597676874340023,0.29940971262123195,H04
0.6933963477955589,0.7738502960742123,0.4531190972696033,0.010183358554690491,0.0,0.0024284868810416256,0.0,0.006328141733056287,0.0,0.0997287807389847,0.0022597676874340023,0.29940971262123195,H04
0.0,0.0,0.4796064784267877,0.0,0.0,0.0,0.956556621757678,0.7923105088594111,0.16344015240899243,0.5172267193805269,0.7751764238760325,0.09419485368780846,H05
0.0,0.0,0.4796064784267877,0.0,0.0,0.0,0.956556621757678,0.7923105088594111,0.16344015240899243,0.5172267193805269,0.7751764238760325,0.09419485368780846,H05
0.0,0.0,0.4796064784267877,0.0,0.0,0.0,0.956556621757678,0.7923105088594111,0.16344015240899243,0.5172267193805269,0.7751764238760325,0.09419485368780846,H05
0.0,0.14947973940231715,0.09863560651455117,0.008144694544093941,0.051873707653981097,0.004386341879380962,0.0,0.0,0.0,0.008564903953366988,0.05344879380582019,0.849092965980131,H06
0.0,0.14947973940231715,0.09863560651455117,0.008144694544093941,0.051873707653981097,0.004386341879380962,0.0,0.0,0.0,0.008564903953366988,0.05344879380582019,0.849092965980131,H06
0.0,0.14947973940231715,0.09863560651455117,0.008144694544093941,0.051873707653981097,0.004386341879380962,0.0,0.0,0.0,0.008564903953366988,0.05344879380582019,0.849092965980131,H06
0.0,0.0,0.6571870342604825,0.0,0.019313121514963175,0.15445308022640725,0.0,0.03239654452928056,0.0,0.139941649461515,0.0,0.5118407493690138,H01
0.0,0.0,0.6571870342604825,0.0,0.019313121514963175,0.15445308022640725,0.0,0.03239654452928056,0.0,0.139941649461515,0.0,0.5118407493690138,H01
0.0,0.0,0.6571870342604825,0.0,0.019313121514963175,0.15445308022640725,0.0,0.03239654452928056,0.0,0.139941649461515,0.0,0.5118407493690138,H01
0.7861309550415289,0.0926257811738514,0.43253168799855657,0.004865744410363765,0.006138259491420852,0.17737360932635998,0.0,0.0,0.0,0.032290682765423934,0.052713487583133475,0.38066778067393264,H02
0.7861309550415289,0.0926257811738514,0.43253168799855657,0.004865744410363765,0.006138259491420852,0.17737360932635998,0.0,0.0,0.0,0.032290682765423934,0.052713487583133475,0.38066778067393264,H02
0.7861309550415289,0.0926257811738514,0.43253168799855657,0.004865744410363765,0.006138259491420852,0.17737360932635998,0.0,0.0,0.0,0.032290682765423934,0.052713487583133475,0.38066778067393264,H02
0.9253649543049007,0.0,0.6799076917179068,0.013650467565755258,0.0,0.0,0.0,0.0,0.05598152018811369,0.0,0.7344933734036984,0.11134016954982194,H03
0.9253649543049007,0.0,0.6799076917179068,0.013650467565755258,0.0,0.0,0.0,0.0,0.05598152018811369,0.0,0.7344933734036984,0.11134016954982194,H03
0.9253649543049007,0.0,0.6799076917179068,0.013650467565755258,0.0,0.0,0.0,0.0,0.05598152018811369,0.0,0.7344933734036984,0.11134016954982194,H03
0.8276149347140648,0.7348854652374893,0.6857757427774716,0.008580901363701538,0.0,0.002190391459074733,0.0,0.0,0.0,0.034820264068026685,0.0020931142410015647,0.10059460422073131,H04
0.8276149347140648,0.7348854652374893,0.6857757427774716,0.008580901363701538,0.0,0.002190391459074733,0.0,0.0,0.0,0.034820264068026685,0.0020931142410015647,0.10059460422073131,H04
0.8276149347140648,0.7348854652374893,0.6857757427774716,0.008580901363701538,0.0,0.002190391459074733,0.0,0.0,0.0,0.034820264068026685,0.0020931142410015647,0.10059460422073131,H04
0.0,0.0,0.6615173038725366,0.0,0.0,0.0,0.9363540274577308,0.06302782698446906,0.04402850988917829,0.12549699023140026,0.8150207418232256,0.09945688226868381,H05
0.0,0.0,0.6615173038725366,0.0,0.0,0.0,0.9363540274577308,0.06302782698446906,0.04402850988917829,0.12549699023140026,0.8150207418232256,0.09945688226868381,H05
0.0,0.0,0.6615173038725366,0.0,0.0,0.0,0.9363540274577308,0.06302782698446906,0.04402850988917829,0.12549699023140026,0.8150207418232256,0.09945688226868381,H05
0.0,0.1514442474279493,0.07745378817494479,0.0013349780701754385,0.032422004740339336,0.004268303470859395,0.0,0.0,0.0,0.002437419219705759,0.08947388502158013,0.46616626449877663,H06
0.0,0.1514442474279493,0.07745378817494479,0.0013349780701754385,0.032422004740339336,0.004268303470859395,0.0,0.0,0.0,0.002437419219705759,0.08947388502158013,0.46616626449877663,H06
0.0,0.1514442474279493,0.07745378817494479,0.0013349780701754385,0.032422004740339336,0.004268303470859395,0.0,0.0,0.0,0.002437419219705759,0.08947388502158013,0.46616626449877663,H06
0.0,0.0,0.5834762642541333,0.0,0.02474654196402287,0.16741985605113463,0.0,0.027935592316398652,0.0,0.04975130950623249,0.0,0.5539623116885842,H01
0.0,0.0,0.5834762642541333,0.0,0.02474654196402287,0.16741985605113463,0.0,0.027935592316398652,0.0,0.04975130950623249,0.0,0.5539623116885842,H01
0.0,0.0,0.5834762642541333,0.0,0.02474654196402287,0.16741985605113463,0.0,0.027935592316398652,0.0,0.04975130950623249,0.0,0.5539623116885842,H01
0.10907119760398701,0.08940805943942999,0.3632032289288704,0.016153907813407795,0.012006176029695139,0.16898426573991565,0.0,0.0,0.014594951247534176,0.01183366444800694,0.036069913053553296,0.45639895068893255,H02
0.10907119760398701,0.08940805943942999,0.3632032289288704,0.016153907813407795,0.012006176029695139,0.16898426573991565,0.0,0.0,0.014594951247534176,0.01183366444800694,0.036069913053553296,0.45639895068893255,H02
0.10907119760398701,0.08940805943942999,0.3632032289288704,0.016153907813407795,0.012006176029695139,0.16898426573991565,0.0,0.0,0.014594951247534176,0.01183366444800694,0.036069913053553296,0.45639895068893255,H02
0.20951547979489585,0.0,0.5085660732855383,0.03420195251629905,0.0,0.0,0.0,0.0,0.7133339401084356,0.0,0.5517028841250053,0.2720583366607586,H03
0.20951547979489585,0.0,0.5085660732855383,0.03420195251629905,0.0,0.0,0.0,0.0,0.7133339401084356,0.0,0.5517028841250053,0.2720583366607586,H03
0.20951547979489585,0.0,0.5085660732855383,0.03420195251629905,0.0,0.0,0.0,0.0,0.7133339401084356,0.0,0.5517028841250053,0.2720583366607586,H03
0.1416007391209292,0.7067359046240804,0.4906187577411444,0.015240725906653046,0.0,0.002190391459074733,0.0,0.0,0.0,0.013308322236500305,0.0020931142410015647,0.29025364390707964,H04
0.1416007391209292,0.7067359046240804,0.4906187577411444,0.015240725906653046,0.0,0.002190391459074733,0.0,0.0,0.0,0.013308322236500305,0.0020931142410015647,0.29025364390707964,H04
0.1416007391209292,0.7067359046240804,0.4906187577411444,0.015240725906653046,0.0,0.002190391459074733,0.0,0.0,0.0,0.013308322236500305,0.0020931142410015647,0.29025364390707964,H04
0.0,0.0,0.6398012491965338,0.0021284965034965033,0.0,0.0,0.9420568289929767,0.06720999617301078,0.38613478890034225,0.05365466707647286,0.7981197204447629,0.10424368518590275,H05
0.0,0.0,0.6398012491965338,0.0021284965034965033,0.0,0.0,0.9420568289929767,0.06720999617301078,0.38613478890034225,0.05365466707647286,0.7981197204447629,0.10424368518590275,H05
0.0,0.0,0.6398012491965338,0.0021284965034965033,0.0,0.0,0.9420568289929767,0.06720999617301078,0.38613478890034225,0.05365466707647286,0.7981197204447629,0.10424368518590275,H05
0.0,0.14237120195681432,0.08535198318462657,0.012208546278361973,0.0336447759883562,0.002301221335992025,0.0,0.0,0.007035996618814195,0.0015572289156626504,0.088660780093485,0.4658812341988843,H06
0.0,0.14237120195681432,0.08535198318462657,0.012208546278361973,0.0336447759883562,0.002301221335992025,0.0,0.0,0.007035996618814195,0.0015572289156626504,0.088660780093485,0.4658812341988843,H06
0.0,0.14237120195681432,0.08535198318462657,0.012208546278361973,0.0336447759883562,0.002301221335992025,0.0,0.0,0.007035996618814195,0.0015572289156626504,0.088660780093485,0.4658812341988843,H06
0.0,0.0,0.5669903211781185,0.0,0.0,0.002314966552937701,0.0,0.0,0.0,0.8823173126293241,0.0,0.4032140305538357,H01
0.0,0.0,0.5669903211781185,0.0,0.0,0.002314966552937701,0.0,0.0,0.0,0.8823173126293241,0.0,0.4032140305538357,H01
0.0,0.0,0.5669903211781185,0.0,0.0,0.002314966552937701,0.0,0.0,0.0,0.8823173126293241,0.0,0.4032140305538357,H01
0.7993873043449088,0.0883304625261197,0.3666484118505176,0.013995132523295801,0.0,0.002314966552937701,0.0,0.0,0.0,0.30621451862247606,0.05540392991175381,0.3916449143337888,H02
0.7993873043449088,0.0883304625261197,0.3666484118505176,0.013995132523295801,0.0,0.002314966552937701,0.0,0.0,0.0,0.30621451862247606,0.05540392991175381,0.3916449143337888,H02
0.7993873043449088,0.0883304625261197,0.3666484118505176,0.013995132523295801,0.0,0.002314966552937701,0.0,0.0,0.0,0.30621451862247606,0.05540392991175381,0.3916449143337888,H02
0.9470982093499964,0.0,0.46736609943874297,0.03607061931914139,0.0,0.0,0.0,0.0,0.0021919368974583683,0.0,0.7887476466741603,0.2192043460089944,H03
0.9470982093499964,0.0,0.46736609943874297,0.03607061931914139,0.0,0.0,0.0,0.0,0.0021919368974583683,0.0,0.7887476466741603,0.2192043460089944,H03
0.9470982093499964,0.0,0.46736609943874297,0.03607061931914139,0.0,0.0,0.0,0.0,0.0021919368974583683,0.0,0.7887476466741603,0.2192043460089944,H03
0.8833539220115343,0.7537550343438438,0.6188227114653194,0.015371819221451938,0.0,0.0,0.0,0.0,0.0,0.2808076999364526,0.0022642079806529623,0.28389775463811767,H04
0.8833539220115343,0.7537550343438438,0.6188227114653194,0.015371819221451938,0.0,0.0,0.0,0.0,0.0,0.2808076999364526,0.0022642079806529623,0.28389775463811767,H04
0.8833539220115343,0.7537550343438438,0.6188227114653194,0.015371819221451938,0.0,0.0,0.0,0.0,0.0,0.2808076999364526,0.0022642079806529623,0.28389775463811767,H04
0.0,0.0,0.5731415760506254,0.0,0.0,0.0,0.8274973549283251,0.0,0.0,0.9350932222082078,0.8230497288189902,0.08065644650721397,H05
0.0,0.0,0.5731415760506254,0.0,0.0,0.0,0.8274973549283251,0.0,0.0,0.9350932222082078,0.8230497288189902,0.08065644650721397,H05
0.0,0.0,0.5731415760506254,0.0,0.0,0.0,0.8274973549283251,0.0,0.0,0.9350932222082078,0.8230497288189902,0.08065644650721397,H05
0.0,0.15169297218663721,0.08730620535812715,0.007002540765535201,0.0,0.0,0.0,0.0,0.0,0.025296926975620377,0.08821016680379953,0.6658178905648994,H06
0.0,0.15169297218663721,0.08730620535812715,0.007002540765535201,0.0,0.0,0.0,0.0,0.0,0.025296926975620377,0.08821016680379953,0.6658178905648994,H06
0.0,0.15169297218663721,0.08730620535812715,0.007002540765535201,0.0,0.0,0.0,0.0,0.0,0.025296926975620377,0.08821016680379953,0.6658178905648994,H06
0.0,0.0,0.6095641884908671,0.0,0.03682525981258515,0.004529298767012943,0.0,0.0,0.0,0.8232047145547883,0.0,0.40555838087789814,H01
0.0,0.0,0.6095641884908671,0.0,0.03682525981258515,0.004529298767012943,0.0,0.0,0.0,0.8232047145547883,0.0,0.40555838087789814,H01
0.0,0.0,0.6095641884908671,0.0,0.03682525981258515,0.004529298767012943,0.0,0.0,0.0,0.8232047145547883,0.0,0.40555838087789814,H01
0.8428532500682491,0.08841301418896545,0.4159409304670297,0.008874733906572646,0.015033336962735575,0.002314966552937701,0.0,0.0,0.0,0.20138306236088738,0.05152720479943623,0.3255916571337828,H02
0.8428532500682491,0.08841301418896545,0.4159409304670297,0.008874733906572646,0.015033336962735575,0.002314966552937701,0.0,0.0,0.0,0.20138306236088738,0.05152720479943623,0.3255916571337828,H02
0.8428532500682491,0.08841301418896545,0.4159409304670297,0.008874733906572646,0.015033336962735575,0.002314966552937701,0.0,0.0,0.0,0.20138306236088738,0.05152720479943623,0.3255916571337828,H02
0.9940686062012075,0.0,0.7203918711935168,0.001843579648697759,0.0,0.0,0.0,0.0,0.00940024017575479,0.0,0.7927510426171971,0.005370190301725558,H03
0.9940686062012075,0.0,0.7203918711935168,0.001843579648697759,0.0,0.0,0.0,0.0,0.00940024017575479,0.0,0.7927510426171971,0.005370190301725558,H03
0.9940686062012075,0.0,0.7203918711935168,0.001843579648697759,0.0,0.0,0.0,0.0,0.00940024017575479,0.0,0.7927510426171971,0.005370190301725558,H03
0.9162943141752681,0.7230508414556216,0.7918345104799174,0.002395919884549788,0.0,0.0,0.0,0.0,0.0,0.186467248395319,0.0022291666666666666,0.02066797434831225,H04
0.9162943141752681,0.7230508414556216,0.7918345104799174,0.002395919884549788,0.0,0.0,0.0,0.0,0.0,0.186467248395319,0.0022291666666666666,0.02066797434831225,H04
0.9162943141752681,0.7230508414556216,0.7918345104799174,0.002395919884549788,0.0,0.0,0.0,0.0,0.0,0.186467248395319,0.0022291666666666666,0.02066797434831225,H04
0.0,0.0,0.779857207568805,0.0,0.0,0.0,0.195056130471643,0.0,0.006490248456506119,0.6717943871501866,0.7790615876785235,0.17944984435071729,H05
0.0,0.0,0.779857207568805,0.0,0.0,0.0,0.195056130471643,0.0,0.006490248456506119,0.6717943871501866,0.7790615876785235,0.17944984435071729,H05
0.0,0.0,0.779857207568805,0.0,0.0,0.0,0.195056130471643,0.0,0.006490248456506119,0.6717943871501866,0.7790615876785235,0.17944984435071729,H05
0.0,0.15958135504082252,0.0836965617062742,0.004456704846110051,0.059990739998981295,0.0,0.0,0.0,0.0,0.02786762780081523,0.10361247896139698,0.3949954575688288,H06
0.0,0.15958135504082252,0.0836965617062742,0.004456704846110051,0.059990739998981295,0.0,0.0,0.0,0.0,0.02786762780081523,0.10361247896139698,0.3949954575688288,H06
0.0,0.15958135504082252,0.0836965617062742,0.004456704846110051,0.059990739998981295,0.0,0.0,0.0,0.0,0.02786762780081523,0.10361247896139698,0.3949954575688288,H06
0.0,0.0,0.5669903211781185,0.0,0.0,0.002314966552937701,0.0,0.0,0.0,0.8823173126293241,0.0,0.4032140305538357,H01
0.0,0.0,0.5669903211781185,0.0,0.0,0.002314966552937701,0.0,0.0,0.0,0.8823173126293241,0.0,0.4032140305538357,H01
0.0,0.0,0.5669903211781185,0.0,0.0,0.002314966552937701,0.0,0.0,0.0,0.8823173126293241,0.0,0.4032140305538357,H01
0.7993873043449088,0.0883304625261197,0.3666484118505176,0.013995132523295801,0.0,0.002314966552937701,0.0,0.0,0.0,0.30621451862247606,0.05540392991175381,0.3916449143337888,H02
0.7993873043449088,0.0883304625261197,0.3666484118505176,0.013995132523295801,0.0,0.002314966552937701,0.0,0.0,0.0,0.30621451862247606,0.05540392991175381,0.3916449143337888,H02
0.7993873043449088,0.0883304625261197,0.3666484118505176,0.013995132523295801,0.0,0.002314966552937701,0.0,0.0,0.0,0.30621451862247606,0.05540392991175381,0.3916449143337888,H02
0.9470982093499964,0.0,0.46736609943874297,0.03607061931914139,0.0,0.0,0.0,0.0,0.0021919368974583683,0.0,0.7887476466741603,0.2192043460089944,H03
0.9470982093499964,0.0,0.46736609943874297,0.03607061931914139,0.0,0.0,0.0,0.0,0.0021919368974583683,0.0,0.7887476466741603,0.2192043460089944,H03
0.9470982093499964,0.0,0.46736609943874297,0.03607061931914139,0.0,0.0,0.0,0.0,0.0021919368974583683,0.0,0.7887476466741603,0.2192043460089944,H03
0.8833539220115343,0.7537550343438438,0.6188227114653194,0.015371819221451938,0.0,0.0,0.0,0.0,0.0,0.2808076999364526,0.0022642079806529623,0.28389775463811767,H04
0.8833539220115343,0.7537550343438438,0.6188227114653194,0.015371819221451938,0.0,0.0,0.0,0.0,0.0,0.2808076999364526,0.0022642079806529623,0.28389775463811767,H04
0.8833539220115343,0.7537550343438438,0.6188227114653194,0.015371819221451938,0.0,0.0,0.0,0.0,0.0,0.2808076999364526,0.0022642079806529623,0.28389775463811767,H04
0.0,0.0,0.5731415760506254,0.0,0.0,0.0,0.8274973549283251,0.0,0.0,0.9350932222082078,0.8230497288189902,0.08065644650721397,H05
0.0,0.0,0.5731415760506254,0.0,0.0,0.0,0.8274973549283251,0.0,0.0,0.9350932222082078,0.8230497288189902,0.08065644650721397,H05
0.0,0.0,0.5731415760506254,0.0,0.0,0.0,0.8274973549283251,0.0,0.0,0.9350932222082078,0.8230497288189902,0.08065644650721397,H05
0.0,0.15169297218663721,0.08730620535812715,0.007002540765535201,0.0,0.0,0.0,0.0,0.0,0.025296926975620377,0.08821016680379953,0.6658178905648994,H06
0.0,0.15169297218663721,0.08730620535812715,0.007002540765535201,0.0,0.0,0.0,0.0,0.0,0.025296926975620377,0.08821016680379953,0.6658178905648994,H06
0.0,0.15169297218663721,0.08730620535812715,0.007002540765535201,0.0,0.0,0.0,0.0,0.0,0.025296926975620377,0.08821016680379953,0.6658178905648994,H06
0.0,0.0,0.5669903211781185,0.0,0.0,0.002314966552937701,0.0,0.0,0.0,0.8823173126293241,0.0,0.4032140305538357,H01
0.0,0.0,0.5669903211781185,0.0,0.0,0.002314966552937701,0.0,0.0,0.0,0.8823173126293241,0.0,0.4032140305538357,H01
0.0,0.0,0.5669903211781185,0.0,0.0,0.002314966552937701,0.0,0.0,0.0,0.8823173126293241,0.0,0.4032140305538357,H01
0.7993873043449088,0.0883304625261197,0.3666484118505176,0.013995132523295801,0.0,0.002314966552937701,0.0,0.0,0.0,0.30621451862247606,0.05540392991175381,0.3916449143337888,H02
0.7993873043449088,0.0883304625261197,0.3666484118505176,0.013995132523295801,0.0,0.002314966552937701,0.0,0.0,0.0,0.30621451862247606,0.05540392991175381,0.3916449143337888,H02
0.7993873043449088,0.0883304625261197,0.3666484118505176,0.013995132523295801,0.0,0.002314966552937701,0.0,0.0,0.0,0.30621451862247606,0.05540392991175381,0.3916449143337888,H02
0.9470982093499964,0.0,0.46736609943874297,0.03607061931914139,0.0,0.0,0.0,0.0,0.0021919368974583683,0.0,0.7887476466741603,0.2192043460089944,H03
0.9470982093499964,0.0,0.46736609943874297,0.03607061931914139,0.0,0.0,0.0,0.0,0.0021919368974583683,0.0,0.7887476466741603,0.2192043460089944,H03
0.9470982093499964,0.0,0.46736609943874297,0.03607061931914139,0.0,0.0,0.0,0.0,0.0021919368974583683,0.0,0.7887476466741603,0.2192043460089944,H03
0.8833539220115343,0.7537550343438438,0.6188227114653194,0.015371819221451938,0.0,0.0,0.0,0.0,0.0,0.2808076999364526,0.0022642079806529623,0.28389775463811767,H04
0.8833539220115343,0.7537550343438438,0.6188227114653194,0.015371819221451938,0.0,0.0,0.0,0.0,0.0,0.2808076999364526,0.0022642079806529623,0.28389775463811767,H04
0.8833539220115343,0.7537550343438438,0.6188227114653194,0.015371819221451938,0.0,0.0,0.0,0.0,0.0,0.2808076999364526,0.0022642079806529623,0.28389775463811767,H04
0.0,0.0,0.5731415760506254,0.0,0.0,0.0,0.8274973549283251,0.0,0.0,0.9350932222082078,0.8230497288189902,0.08065644650721397,H05
0.0,0.0,0.5731415760506254,0.0,0.0,0.0,0.8274973549283251,0.0,0.0,0.9350932222082078,0.8230497288189902,0.08065644650721397,H05
0.0,0.0,0.5731415760506254,0.0,0.0,0.0,0.8274973549283251,0.0,0.0,0.9350932222082078,0.8230497288189902,0.08065644650721397,H05
0.0,0.15169297218663721,0.08730620535812715,0.007002540765535201,0.0,0.0,0.0,0.0,0.0,0.025296926975620377,0.08821016680379953,0.6658178905648994,H06
0.0,0.15169297218663721,0.08730620535812715,0.007002540765535201,0.0,0.0,0.0,0.0,0.0,0.025296926975620377,0.08821016680379953,0.6658178905648994,H06
0.0,0.15169297218663721,0.08730620535812715,0.007002540765535201,0.0,0.0,0.0,0.0,0.0,0.025296926975620377,0.08821016680379953,0.6658178905648994,H06
0.0,0.0,0.44876911349542675,0.0,0.035489700838972134,0.002314966552937701,0.0,0.0,0.0,0.0020555555555555553,0.0,0.6480193333126243,H01
0.0,0.0,0.44876911349542675,0.0,0.035489700838972134,0.002314966552937701,0.0,0.0,0.0,0.0020555555555555553,0.0,0.6480193333126243,H01
0.0,0.0,0.44876911349542675,0.0,0.035489700838972134,0.002314966552937701,0.0,0.0,0.0,0.0020555555555555553,0.0,0.6480193333126243,H01
0.0018032015065913374,0.06952485654897923,0.1925204399012868,0.013796392783432752,0.02200767384803732,0.002314966552937701,0.0,0.0,0.04114266277370131,0.002776002692495979,0.041644010105978735,0.6833156912170081,H02
0.0018032015065913374,0.06952485654897923,0.1925204399012868,0.013796392783432752,0.02200767384803732,0.002314966552937701,0.0,0.0,0.04114266277370131,0.002776002692495979,0.041644010105978735,0.6833156912170081,H02
0.0018032015065913374,0.06952485654897923,0.1925204399012868,0.013796392783432752,0.02200767384803732,0.002314966552937701,0.0,0.0,0.04114266277370131,0.002776002692495979,0.041644010105978735,0.6833156912170081,H02
0.0070111391924135855,0.0,0.16950185967406675,0.03501541958845691,0.0,0.0,0.0,0.0,0.8082088789766368,0.0,0.36232810315700875,0.6034233226374665,H03
0.0070111391924135855,0.0,0.16950185967406675,0.03501541958845691,0.0,0.0,0.0,0.0,0.8082088789766368,0.0,0.36232810315700875,0.6034233226374665,H03
0.0070111391924135855,0.0,0.16950185967406675,0.03501541958845691,0.0,0.0,0.0,0.0,0.8082088789766368,0.0,0.36232810315700875,0.6034233226374665,H03
0.0,0.45310992583931375,0.23233981605350829,0.016567082136671286,0.0,0.0,0.0,0.0,0.0,0.003782920699538903,0.002079015544041451,0.8169624107698553,H04
0.0,0.45310992583931375,0.23233981605350829,0.016567082136671286,0.0,0.0,0.0,0.0,0.0,0.003782920699538903,0.002079015544041451,0.8169624107698553,H04
0.0,0.45310992583931375,0.23233981605350829,0.016567082136671286,0.0,0.0,0.0,0.0,0.0,0.003782920699538903,0.002079015544041451,0.8169624107698553,H04
0.0,0.0,0.5511749797845809,0.0,0.0,0.0,0.8844997046406317,0.0,0.5601177184343127,0.013902869463947443,0.4032112796582124,0.33797767945172713,H05
0.0,0.0,0.5511749797845809,0.0,0.0,0.0,0.8844997046406317,0.0,0.5601177184343127,0.013902869463947443,0.4032112796582124,0.33797767945172713,H05
0.0,0.0,0.5511749797845809,0.0,0.0,0.0,0.8844997046406317,0.0,0.5601177184343127,0.013902869463947443,0.4032112796582124,0.33797767945172713,H05
0.0,0.134464254120263,0.0506628747005725,0.007083908874365191,0.07569177273059563,0.0,0.0,0.0,0.031269460249100406,0.002078651685393258,0.05408983786296163,0.7038884722871227,H06
0.0,0.134464254120263,0.0506628747005725,0.007083908874365191,0.07569177273059563,0.0,0.0,0.0,0.031269460249100406,0.002078651685393258,0.05408983786296163,0.7038884722871227,H06
0.0,0.134464254120263,0.0506628747005725,0.007083908874365191,0.07569177273059563,0.0,0.0,0.0,0.031269460249100406,0.002078651685393258,0.05408983786296163,0.7038884722871227,H06
0.0,0.0,0.44876911349542675,0.0,0.035489700838972134,0.002314966552937701,0.0,0.0,0.0,0.0020555555555555553,0.0,0.6480193333126243,H01
0.0,0.0,0.44876911349542675,0.0,0.035489700838972134,0.002314966552937701,0.0,0.0,0.0,0.0020555555555555553,0.0,0.6480193333126243,H01
0.0,0.0,0.44876911349542675,0.0,0.035489700838972134,0.002314966552937701,0.0,0.0,0.0,0.0020555555555555553,0.0,0.6480193333126243,H01
0.0018032015065913374,0.06952485654897923,0.1925204399012868,0.013796392783432752,0.02200767384803732,0.002314966552937701,0.0,0.0,0.04114266277370131,0.002776002692495979,0.041644010105978735,0.6833156912170081,H02
0.0018032015065913374,0.06952485654897923,0.1925204399012868,0.013796392783432752,0.02200767384803732,0.002314966552937701,0.0,0.0,0.04114266277370131,0.002776002692495979,0.041644010105978735,0.6833156912170081,H02
0.0018032015065913374,0.06952485654897923,0.1925204399012868,0.013796392783432752,0.02200767384803732,0.002314966552937701,0.0,0.0,0.04114266277370131,0.002776002692495979,0.041644010105978735,0.6833156912170081,H02
0.0070111391924135855,0.0,0.16950185967406675,0.03501541958845691,0.0,0.0,0.0,0.0,0.8082088789766368,0.0,0.36232810315700875,0.6034233226374665,H03
0.0070111391924135855,0.0,0.16950185967406675,0.03501541958845691,0.0,0.0,0.0,0.0,0.8082088789766368,0.0,0.36232810315700875,0.6034233226374665,H03
0.0070111391924135855,0.0,0.16950185967406675,0.03501541958845691,0.0,0.0,0.0,0.0,0.8082088789766368,0.0,0.36232810315700875,0.6034233226374665,H03
0.0,0.45310992583931375,0.23233981605350829,0.016567082136671286,0.0,0.0,0.0,0.0,0.0,0.003782920699538903,0.002079015544041451,0.8169624107698553,H04
0.0,0.45310992583931375,0.23233981605350829,0.016567082136671286,0.0,0.0,0.0,0.0,0.0,0.003782920699538903,0.002079015544041451,0.8169624107698553,H04
0.0,0.45310992583931375,0.23233981605350829,0.016567082136671286,0.0,0.0,0.0,0.0,0.0,0.003782920699538903,0.002079015544041451,0.8169624107698553,H04
0.0,0.0,0.5511749797845809,0.0,0.0,0.0,0.8844997046406317,0.0,0.5601177184343127,0.013902869463947443,0.4032112796582124,0.33797767945172713,H05
0.0,0.0,0.5511749797845809,0.0,0.0,0.0,0.8844997046406317,0.0,0.5601177184343127,0.013902869463947443,0.4032112796582124,0.33797767945172713,H05
0.0,0.0,0.5511749797845809,0.0,0.0,0.0,0.8844997046406317,0.0,0.5601177184343127,0.013902869463947443,0.4032112796582124,0.33797767945172713,H05
0.0,0.134464254120263,0.0506628747005725,0.007083908874365191,0.07569177273059563,0.0,0.0,0.0,0.031269460249100406,0.002078651685393258,0.05408983786296163,0.7038884722871227,H06
0.0,0.134464254120263,0.0506628747005725,0.007083908874365191,0.07569177273059563,0.0,0.0,0.0,0.031269460249100406,0.002078651685393258,0.05408983786296163,0.7038884722871227,H06
0.0,0.134464254120263,0.0506628747005725,0.007083908874365191,0.07569177273059563,0.0,0.0,0.0,0.031269460249100406,0.002078651685393258,0.05408983786296163,0.7038884722871227,H06
0.0,0.0,0.5669903211781185,0.0,0.0,0.002314966552937701,0.0,0.0,0.0,0.8823173126293241,0.0,0.4032140305538357,H01
0.0,0.0,0.5669903211781185,0.0,0.0,0.002314966552937701,0.0,0.0,0.0,0.8823173126293241,0.0,0.4032140305538357,H01
0.0,0.0,0.5669903211781185,0.0,0.0,0.002314966552937701,0.0,0.0,0.0,0.8823173126293241,0.0,0.4032140305538357,H01
0.7993873043449088,0.0883304625261197,0.3666484118505176,0.013995132523295801,0.0,0.002314966552937701,0.0,0.0,0.0,0.30621451862247606,0.05540392991175381,0.3916449143337888,H02
0.7993873043449088,0.0883304625261197,0.3666484118505176,0.013995132523295801,0.0,0.002314966552937701,0.0,0.0,0.0,0.30621451862247606,0.05540392991175381,0.3916449143337888,H02
0.7993873043449088,0.0883304625261197,0.3666484118505176,0.013995132523295801,0.0,0.002314966552937701,0.0,0.0,0.0,0.30621451862247606,0.05540392991175381,0.3916449143337888,H02
0.9470982093499964,0.0,0.46736609943874297,0.03607061931914139,0.0,0.0,0.0,0.0,0.0021919368974583683,0.0,0.7887476466741603,0.2192043460089944,H03
0.9470982093499964,0.0,0.46736609943874297,0.03607061931914139,0.0,0.0,0.0,0.0,0.0021919368974583683,0.0,0.7887476466741603,0.2192043460089944,H03
0.9470982093499964,0.0,0.46736609943874297,0.03607061931914139,0.0,0.0,0.0,0.0,0.0021919368974583683,0.0,0.7887476466741603,0.2192043460089944,H03
0.8833539220115343,0.7537550343438438,0.6188227114653194,0.015371819221451938,0.0,0.0,0.0,0.0,0.0,0.2808076999364526,0.0022642079806529623,0.28389775463811767,H04
0.8833539220115343,0.7537550343438438,0.6188227114653194,0.015371819221451938,0.0,0.0,0.0,0.0,0.0,0.2808076999364526,0.0022642079806529623,0.28389775463811767,H04
0.8833539220115343,0.7537550343438438,0.6188227114653194,0.015371819221451938,0.0,0.0,0.0,0.0,0.0,0.2808076999364526,0.0022642079806529623,0.28389775463811767,H04
0.0,0.0,0.5731415760506254,0.0,0.0,0.0,0.8274973549283251,0.0,0.0,0.9350932222082078,0.8230497288189902,0.08065644650721397,H05
0.0,0.0,0.5731415760506254,0.0,0.0,0.0,0.8274973549283251,0.0,0.0,0.9350932222082078,0.8230497288189902,0.08065644650721397,H05
0.0,0.0,0.5731415760506254,0.0,0.0,0.0,0.8274973549283251,0.0,0.0,0.9350932222082078,0.8230497288189902,0.08065644650721397,H05
0.0,0.15169297218663721,0.08730620535812715,0.007002540765535201,0.0,0.0,0.0,0.0,0.0,0.025296926975620377,0.08821016680379953,0.6658178905648994,H06
0.0,0.15169297218663721,0.08730620535812715,0.007002540765535201,0.0,0.0,0.0,0.0,0.0,0.025296926975620377,0.08821016680379953,0.6658178905648994,H06
0.0,0.15169297218663721,0.08730620535812715,0.007002540765535201,0.0,0.0,0.0,0.0,0.0,0.025296926975620377,0.08821016680379953,0.6658178905648994,H06
0.0,0.0,0.6095641884908671,0.0,0.03682525981258515,0.004529298767012943,0.0,0.0,0.0,0.8232047145547883,0.0,0.40555838087789814,H01
0.0,0.0,0.6095641884908671,0.0,0.03682525981258515,0.004529298767012943,0.0,0.0,0.0,0.8232047145547883,0.0,0.40555838087789814,H01
0.0,0.0,0.6095641884908671,0.0,0.03682525981258515,0.004529298767012943,0.0,0.0,0.0,0.8232047145547883,0.0,0.40555838087789814,H01
0.8428532500682491,0.08841301418896545,0.4159409304670297,0.008874733906572646,0.015033336962735575,0.002314966552937701,0.0,0.0,0.0,0.20138306236088738,0.05152720479943623,0.3255916571337828,H02
0.8428532500682491,0.08841301418896545,0.4159409304670297,0.008874733906572646,0.015033336962735575,0.002314966552937701,0.0,0.0,0.0,0.20138306236088738,0.05152720479943623,0.3255916571337828,H02
0.8428532500682491,0.08841301418896545,0.4159409304670297,0.008874733906572646,0.015033336962735575,0.002314966552937701,0.0,0.0,0.0,0.20138306236088738,0.05152720479943623,0.3255916571337828,H02
0.9940686062012075,0.0,0.7203918711935168,0.001843579648697759,0.0,0.0,0.0,0.0,0.00940024017575479,0.0,0.7927510426171971,0.005370190301725558,H03
0.9940686062012075,0.0,0.7203918711935168,0.001843579648697759,0.0,0.0,0.0,0.0,0.00940024017575479,0.0,0.7927510426171971,0.005370190301725558,H03
0.9940686062012075,0.0,0.7203918711935168,0.001843579648697759,0.0,0.0,0.0,0.0,0.00940024017575479,0.0,0.7927510426171971,0.005370190301725558,H03
0.9162943141752681,0.7230508414556216,0.7918345104799174,0.002395919884549788,0.0,0.0,0.0,0.0,0.0,0.186467248395319,0.0022291666666666666,0.02066797434831225,H04
0.9162943141752681,0.7230508414556216,0.7918345104799174,0.002395919884549788,0.0,0.0,0.0,0.0,0.0,0.186467248395319,0.0022291666666666666,0.02066797434831225,H04
0.9162943141752681,0.7230508414556216,0.7918345104799174,0.002395919884549788,0.0,0.0,0.0,0.0,0.0,0.186467248395319,0.0022291666666666666,0.02066797434831225,H04
0.0,0.0,0.779857207568805,0.0,0.0,0.0,0.195056130471643,0.0,0.006490248456506119,0.6717943871501866,0.7790615876785235,0.17944984435071729,H05
0.0,0.0,0.779857207568805,0.0,0.0,0.0,0.195056130471643,0.0,0.006490248456506119,0.6717943871501866,0.7790615876785235,0.17944984435071729,H05
0.0,0.0,0.779857207568805,0.0,0.0,0.0,0.195056130471643,0.0,0.006490248456506119,0.6717943871501866,0.7790615876785235,0.17944984435071729,H05
0.0,0.15958135504082252,0.0836965617062742,0.004456704846110051,0.059990739998981295,0.0,0.0,0.0,0.0,0.02786762780081523,0.10361247896139698,0.3949954575688288,H06
0.0,0.15958135504082252,0.0836965617062742,0.004456704846110051,0.059990739998981295,0.0,0.0,0.0,0.0,0.02786762780081523,0.10361247896139698,0.3949954575688288,H06
0.0,0.15958135504082252,0.0836965617062742,0.004456704846110051,0.059990739998981295,0.0,0.0,0.0,0.0,0.02786762780081523,0.10361247896139698,0.3949954575688288,H06
0.0,0.0,0.6095641884908671,0.0,0.03682525981258515,0.004529298767012943,0.0,0.0,0.0,0.8232047145547883,0.0,0.40555838087789814,H01
0.0,0.0,0.6095641884908671,0.0,0.03682525981258515,0.004529298767012943,0.0,0.0,0.0,0.8232047145547883,0.0,0.40555838087789814,H01
0.0,0.0,0.6095641884908671,0.0,0.03682525981258515,0.004529298767012943,0.0,0.0,0.0,0.8232047145547883,0.0,0.40555838087789814,H01
0.8428532500682491,0.08841301418896545,0.4159409304670297,0.008874733906572646,0.015033336962735575,0.002314966552937701,0.0,0.0,0.0,0.20138306236088738,0.05152720479943623,0.3255916571337828,H02
0.8428532500682491,0.08841301418896545,0.4159409304670297,0.008874733906572646,0.015033336962735575,0.002314966552937701,0.0,0.0,0.0,0.20138306236088738,0.05152720479943623,0.3255916571337828,H02
0.8428532500682491,0.08841301418896545,0.4159409304670297,0.008874733906572646,0.015033336962735575,0.002314966552937701,0.0,0.0,0.0,0.20138306236088738,0.05152720479943623,0.3255916571337828,H02
0.9940686062012075,0.0,0.7203918711935168,0.001843579648697759,0.0,0.0,0.0,0.0,0.00940024017575479,0.0,0.7927510426171971,0.005370190301725558,H03
0.9940686062012075,0.0,0.7203918711935168,0.001843579648697759,0.0,0.0,0.0,0.0,0.00940024017575479,0.0,0.7927510426171971,0.005370190301725558,H03
0.9940686062012075,0.0,0.7203918711935168,0.001843579648697759,0.0,0.0,0.0,0.0,0.00940024017575479,0.0,0.7927510426171971,0.005370190301725558,H03
0.9162943141752681,0.7230508414556216,0.7918345104799174,0.002395919884549788,0.0,0.0,0.0,0.0,0.0,0.186467248395319,0.0022291666666666666,0.02066797434831225,H04
0.9162943141752681,0.7230508414556216,0.7918345104799174,0.002395919884549788,0.0,0.0,0.0,0.0,0.0,0.186467248395319,0.0022291666666666666,0.02066797434831225,H04
0.9162943141752681,0.7230508414556216,0.7918345104799174,0.002395919884549788,0.0,0.0,0.0,0.0,0.0,0.186467248395319,0.0022291666666666666,0.02066797434831225,H04
0.0,0.0,0.779857207568805,0.0,0.0,0.0,0.195056130471643,0.0,0.006490248456506119,0.6717943871501866,0.7790615876785235,0.17944984435071729,H05
0.0,0.0,0.779857207568805,0.0,0.0,0.0,0.195056130471643,0.0,0.006490248456506119,0.6717943871501866,0.7790615876785235,0.17944984435071729,H05
0.0,0.0,0.779857207568805,0.0,0.0,0.0,0.195056130471643,0.0,0.006490248456506119,0.6717943871501866,0.7790615876785235,0.17944984435071729,H05
0.0,0.15958135504082252,0.0836965617062742,0.004456704846110051,0.059990739998981295,0.0,0.0,0.0,0.0,0.02786762780081523,0.10361247896139698,0.3949954575688288,H06
0.0,0.15958135504082252,0.0836965617062742,0.004456704846110051,0.059990739998981295,0.0,0.0,0.0,0.0,0.02786762780081523,0.10361247896139698,0.3949954575688288,H06
0.0,0.15958135504082252,0.0836965617062742,0.004456704846110051,0.059990739998981295,0.0,0.0,0.0,0.0,0.02786762780081523,0.10361247896139698,0.3949954575688288,H06
0.0,0.0,0.5669903211781185,0.0,0.0,0.002314966552937701,0.0,0.0,0.0,0.8823173126293241,0.0,0.4032140305538357,H01
0.0,0.0,0.5669903211781185,0.0,0.0,0.002314966552937701,0.0,0.0,0.0,0.8823173126293241,0.0,0.4032140305538357,H01
0.0,0.0,0.5669903211781185,0.0,0.0,0.002314966552937701,0.0,0.0,0.0,0.8823173126293241,0.0,0.4032140305538357,H01
0.7993873043449088,0.0883304625261197,0.3666484118505176,0.013995132523295801,0.0,0.002314966552937701,0.0,0.0,0.0,0.30621451862247606,0.05540392991175381,0.3916449143337888,H02
0.7993873043449088,0.0883304625261197,0.3666484118505176,0.013995132523295801,0.0,0.002314966552937701,0.0,0.0,0.0,0.30621451862247606,0.05540392991175381,0.3916449143337888,H02
0.7993873043449088,0.0883304625261197,0.3666484118505176,0.013995132523295801,0.0,0.002314966552937701,0.0,0.0,0.0,0.30621451862247606,0.05540392991175381,0.3916449143337888,H02
0.9470982093499964,0.0,0.46736609943874297,0.03607061931914139,0.0,0.0,0.0,0.0,0.0021919368974583683,0.0,0.7887476466741603,0.2192043460089944,H03
0.9470982093499964,0.0,0.46736609943874297,0.03607061931914139,0.0,0.0,0.0,0.0,0.0021919368974583683,0.0,0.7887476466741603,0.2192043460089944,H03
0.9470982093499964,0.0,0.46736609943874297,0.03607061931914139,0.0,0.0,0.0,0.0,0.0021919368974583683,0.0,0.7887476466741603,0.2192043460089944,H03
0.8833539220115343,0.7537550343438438,0.6188227114653194,0.015371819221451938,0.0,0.0,0.0,0.0,0.0,0.2808076999364526,0.0022642079806529623,0.28389775463811767,H04
0.8833539220115343,0.7537550343438438,0.6188227114653194,0.015371819221451938,0.0,0.0,0.0,0.0,0.0,0.2808076999364526,0.0022642079806529623,0.28389775463811767,H04
0.8833539220115343,0.7537550343438438,0.6188227114653194,0.015371819221451938,0.0,0.0,0.0,0.0,0.0,0.2808076999364526,0.0022642079806529623,0.28389775463811767,H04
0.0,0.0,0.5731415760506254,0.0,0.0,0.0,0.8274973549283251,0.0,0.0,0.9350932222082078,0.8230497288189902,0.08065644650721397,H05
0.0,0.0,0.5731415760506254,0.0,0.0,0.0,0.8274973549283251,0.0,0.0,0.9350932222082078,0.8230497288189902,0.08065644650721397,H05
0.0,0.0,0.5731415760506254,0.0,0.0,0.0,0.8274973549283251,0.0,0.0,0.9350932222082078,0.8230497288189902,0.08065644650721397,H05
0.0,0.15169297218663721,0.08730620535812715,0.007002540765535201,0.0,0.0,0.0,0.0,0.0,0.025296926975620377,0.08821016680379953,0.6658178905648994,H06
0.0,0.15169297218663721,0.08730620535812715,0.007002540765535201,0.0,0.0,0.0,0.0,0.0,0.025296926975620377,0.08821016680379953,0.6658178905648994,H06
0.0,0.15169297218663721,0.08730620535812715,0.007002540765535201,0.0,0.0,0.0,0.0,0.0,0.025296926975620377,0.08821016680379953,0.6658178905648994,H06
0.0,0.0,0.44876911349542675,0.0,0.035489700838972134,0.002314966552937701,0.0,0.0,0.0,0.0020555555555555553,0.0,0.6480193333126243,H01
0.0,0.0,0.44876911349542675,0.0,0.035489700838972134,0.002314966552937701,0.0,0.0,0.0,0.0020555555555555553,0.0,0.6480193333126243,H01
0.0,0.0,0.44876911349542675,0.0,0.035489700838972134,0.002314966552937701,0.0,0.0,0.0,0.0020555555555555553,0.0,0.6480193333126243,H01
0.0018032015065913374,0.06952485654897923,0.1925204399012868,0.013796392783432752,0.02200767384803732,0.002314966552937701,0.0,0.0,0.04114266277370131,0.002776002692495979,0.041644010105978735,0.6833156912170081,H02
0.0018032015065913374,0.06952485654897923,0.1925204399012868,0.013796392783432752,0.02200767384803732,0.002314966552937701,0.0,0.0,0.04114266277370131,0.002776002692495979,0.041644010105978735,0.6833156912170081,H02
0.0018032015065913374,0.06952485654897923,0.1925204399012868,0.013796392783432752,0.02200767384803732,0.002314966552937701,0.0,0.0,0.04114266277370131,0.002776002692495979,0.041644010105978735,0.6833156912170081,H02
0.0070111391924135855,0.0,0.16950185967406675,0.03501541958845691,0.0,0.0,0.0,0.0,0.8082088789766368,0.0,0.36232810315700875,0.6034233226374665,H03
0.0070111391924135855,0.0,0.16950185967406675,0.03501541958845691,0.0,0.0,0.0,0.0,0.8082088789766368,0.0,0.36232810315700875,0.6034233226374665,H03
0.0070111391924135855,0.0,0.16950185967406675,0.03501541958845691,0.0,0.0,0.0,0.0,0.8082088789766368,0.0,0.36232810315700875,0.6034233226374665,H03
0.0,0.45310992583931375,0.23233981605350829,0.016567082136671286,0.0,0.0,0.0,0.0,0.0,0.003782920699538903,0.002079015544041451,0.8169624107698553,H04
0.0,0.45310992583931375,0.23233981605350829,0.016567082136671286,0.0,0.0,0.0,0.0,0.0,0.003782920699538903,0.002079015544041451,0.8169624107698553,H04
0.0,0.45310992583931375,0.23233981605350829,0.016567082136671286,0.0,0.0,0.0,0.0,0.0,0.003782920699538903,0.002079015544041451,0.8169624107698553,H04
0.0,0.0,0.5511749797845809,0.0,0.0,0.0,0.8844997046406317,0.0,0.5601177184343127,0.013902869463947443,0.4032112796582124,0.33797767945172713,H05
0.0,0.0,0.5511749797845809,0.0,0.0,0.0,0.8844997046406317,0.0,0.5601177184343127,0.013902869463947443,0.4032112796582124,0.33797767945172713,H05
0.0,0.0,0.5511749797845809,0.0,0.0,0.0,0.8844997046406317,0.0,0.5601177184343127,0.013902869463947443,0.4032112796582124,0.33797767945172713,H05
0.0,0.134464254120263,0.0506628747005725,0.007083908874365191,0.07569177273059563,0.0,0.0,0.0,0.031269460249100406,0.002078651685393258,0.05408983786296163,0.7038884722871227,H06
0.0,0.134464254120263,0.0506628747005725,0.007083908874365191,0.07569177273059563,0.0,0.0,0.0,0.031269460249100406,0.002078651685393258,0.05408983786296163,0.7038884722871227,H06
0.0,0.134464254120263,0.0506628747005725,0.007083908874365191,0.07569177273059563,0.0,0.0,0.0,0.031269460249100406,0.002078651685393258,0.05408983786296163,0.7038884722871227,H06
0.0,0.0,0.5669903211781185,0.0,0.0,0.002314966552937701,0.0,0.0,0.0,0.8823173126293241,0.0,0.4032140305538357,H01
0.0,0.0,0.5669903211781185,0.0,0.0,0.002314966552937701,0.0,0.0,0.0,0.8823173126293241,0.0,0.4032140305538357,H01
0.0,0.0,0.5669903211781185,0.0,0.0,0.002314966552937701,0.0,0.0,0.0,0.8823173126293241,0.0,0.4032140305538357,H01
0.7993873043449088,0.0883304625261197,0.3666484118505176,0.013995132523295801,0.0,0.002314966552937701,0.0,0.0,0.0,0.30621451862247606,0.05540392991175381,0.3916449143337888,H02
0.7993873043449088,0.0883304625261197,0.3666484118505176,0.013995132523295801,0.0,0.002314966552937701,0.0,0.0,0.0,0.30621451862247606,0.05540392991175381,0.3916449143337888,H02
0.7993873043449088,0.0883304625261197,0.3666484118505176,0.013995132523295801,0.0,0.002314966552937701,0.0,0.0,0.0,0.30621451862247606,0.05540392991175381,0.3916449143337888,H02
0.9470982093499964,0.0,0.46736609943874297,0.03607061931914139,0.0,0.0,0.0,0.0,0.0021919368974583683,0.0,0.7887476466741603,0.2192043460089944,H03
0.9470982093499964,0.0,0.46736609943874297,0.03607061931914139,0.0,0.0,0.0,0.0,0.0021919368974583683,0.0,0.7887476466741603,0.2192043460089944,H03
0.9470982093499964,0.0,0.46736609943874297,0.03607061931914139,0.0,0.0,0.0,0.0,0.0021919368974583683,0.0,0.7887476466741603,0.2192043460089944,H03
0.8833539220115343,0.7537550343438438,0.6188227114653194,0.015371819221451938,0.0,0.0,0.0,0.0,0.0,0.2808076999364526,0.0022642079806529623,0.28389775463811767,H04
0.8833539220115343,0.7537550343438438,0.6188227114653194,0.015371819221451938,0.0,0.0,0.0,0.0,0.0,0.2808076999364526,0.0022642079806529623,0.28389775463811767,H04
0.8833539220115343,0.7537550343438438,0.6188227114653194,0.015371819221451938,0.0,0.0,0.0,0.0,0.0,0.2808076999364526,0.0022642079806529623,0.28389775463811767,H04
0.0,0.0,0.5731415760506254,0.0,0.0,0.0,0.8274973549283251,0.0,0.0,0.9350932222082078,0.8230497288189902,0.08065644650721397,H05
0.0,0.0,0.5731415760506254,0.0,0.0,0.0,0.8274973549283251,0.0,0.0,0.9350932222082078,0.8230497288189902,0.08065644650721397,H05
0.0,0.0,0.5731415760506254,0.0,0.0,0.0,0.8274973549283251,0.0,0.0,0.9350932222082078,0.8230497288189902,0.08065644650721397,H05
0.0,0.15169297218663721,0.08730620535812715,0.007002540765535201,0.0,0.0,0.0,0.0,0.0,0.025296926975620377,0.08821016680379953,0.6658178905648994,H06
0.0,0.15169297218663721,0.08730620535812715,0.007002540765535201,0.0,0.0,0.0,0.0,0.0,0.025296926975620377,0.08821016680379953,0.6658178905648994,H06
0.0,0.15169297218663721,0.08730620535812715,0.007002540765535201,0.0,0.0,0.0,0.0,0.0,0.025296926975620377,0.08821016680379953,0.6658178905648994,H06
