p_O_demethylation,p_aldehyde_oxidation,p_aromatic_hydroxylation,p_decarboxylation,p_deglycosylation,p_desulfation,p_ester_hydrolysis,p_methylation,p_reduction,p_ring_cleavage,p_side_chain_cleavage,p_none,compound_id
0.0,0.0,0.6142408074669863,0.006540081286315707,0.10604808377182817,0.491317673468305,0.0,0.643760454013011,0.0,0.7949018622713063,0.0,0.3426859819341566,H01
0.0,0.0,0.6142408074669863,0.006540081286315707,0.10604808377182817,0.491317673468305,0.0,0.643760454013011,0.0,0.7949018622713063,0.0,0.3426859819341566,H01
0.0,0.0,0.6142408074669863,0.006540081286315707,0.10604808377182817,0.491317673468305,0.0,0.643760454013011,0.0,0.7949018622713063,0.0,0.3426859819341566,H01
0.6760651940927276,0.14150701061325088,0.3817326909787736,0.038012194042923865,0.013647253574055485,0.5037696745046955,0.0,0.018624997886305877,0.002128148400272292,0.33657500571124366,0.13745310726093493,0.3504479055688354,H02
0.6760651940927276,0.14150701061325088,0.3817326909787736,0.038012194042923865,0.013647253574055485,0.5037696745046955,0.0,0.018624997886305877,0.002128148400272292,0.33657500571124366,0.13745310726093493,0.3504479055688354,H02
0.6760651940927276,0.14150701061325088,0.3817326909787736,0.038012194042923865,0.013647253574055485,0.5037696745046955,0.0,0.018624997886305877,0.002128148400272292,0.33657500571124366,0.13745310726093493,0.3504479055688354,H02
0.9162454367954308,0.0,0.5143757402645287,0.09146622672509577,0.0,0.0,0.0,0.0,0.0,0.0,0.6520804835073841,0.2930003959572949,H03
0.9162454367954308,0.0,0.5143757402645287,0.09146622672509577,0.0,0.0,0.0,0.0,0.0,0.0,0.6520804835073841,0.2930003959572949,H03
0.9162454367954308,0.0,0.5143757402645287,0.09146622672509577,0.0,0.0,0.0,0.0,0.0,0.0,0.6520804835073841,0.2930003959572949,H03
0.7238051035828508,0.5779469600217193,0.5738427390243005,0.03404982095395894,0.0,0.007154843903695754,0.023535701791474527,0.0240176905670976,0.006111065771398568,0.29313229704421245,0.011362163787880995,0.24086958764038185,H04
0.7238051035828508,0.5779469600217193,0.5738427390243005,0.03404982095395894,0.0,0.007154843903695754,0.023535701791474527,0.0240176905670976,0.006111065771398568,0.29313229704421245,0.011362163787880995,0.24086958764038185,H04
0.7238051035828508,0.5779469600217193,0.5738427390243005,0.03404982095395894,0.0,0.007154843903695754,0.023535701791474527,0.0240176905670976,0.006111065771398568,0.29313229704421245,0.011362163787880995,0.24086958764038185,H04
0.0,0.0,0.7491959929825436,0.0,0.0,0.0,0.9638343703304255,0.811876615829138,0.3927841821045288,0.7017611653199188,0.8087016867254089,0.05858313599189904,H05
0.0,0.0,0.7491959929825436,0.0,0.0,0.0,0.9638343703304255,0.811876615829138,0.3927841821045288,0.7017611653199188,0.8087016867254089,0.05858313599189904,H05
0.0,0.0,0.7491959929825436,0.0,0.0,0.0,0.9638343703304255,0.811876615829138,0.3927841821045288,0.7017611653199188,0.8087016867254089,0.05858313599189904,H05
0.0,0.19529371223048628,0.12689489066694704,0.016172018133973037,0.14150419584719245,0.024599449863993046,0.0,0.0,0.07505667623756457,0.012383573500676166,0.21321155091861219,0.6128836395007955,H06
0.0,0.19529371223048628,0.12689489066694704,0.016172018133973037,0.14150419584719245,0.024599449863993046,0.0,0.0,0.07505667623756457,0.012383573500676166,0.21321155091861219,0.6128836395007955,H06
0.0,0.19529371223048628,0.12689489066694704,0.016172018133973037,0.14150419584719245,0.024599449863993046,0.0,0.0,0.07505667623756457,0.012383573500676166,0.21321155091861219,0.6128836395007955,H06
0.0,0.0,0.6142408074669863,0.006540081286315707,0.10604808377182817,0.491317673468305,0.0,0.643760454013011,0.0,0.7949018622713063,0.0,0.3426859819341566,H01
0.0,0.0,0.6142408074669863,0.006540081286315707,0.10604808377182817,0.491317673468305,0.0,0.643760454013011,0.0,0.7949018622713063,0.0,0.3426859819341566,H01
0.0,0.0,0.6142408074669863,0.006540081286315707,0.10604808377182817,0.491317673468305,0.0,0.643760454013011,0.0,0.7949018622713063,0.0,0.3426859819341566,H01
0.6760651940927276,0.14150701061325088,0.3817326909787736,0.038012194042923865,0.013647253574055485,0.5037696745046955,0.0,0.018624997886305877,0.002128148400272292,0.33657500571124366,0.13745310726093493,0.3504479055688354,H02
0.6760651940927276,0.14150701061325088,0.3817326909787736,0.038012194042923865,0.013647253574055485,0.5037696745046955,0.0,0.018624997886305877,0.002128148400272292,0.33657500571124366,0.13745310726093493,0.3504479055688354,H02
0.6760651940927276,0.14150701061325088,0.3817326909787736,0.038012194042923865,0.013647253574055485,0.5037696745046955,0.0,0.018624997886305877,0.002128148400272292,0.33657500571124366,0.13745310726093493,0.3504479055688354,H02
0.9162454367954308,0.0,0.5143757402645287,0.09146622672509577,0.0,0.0,0.0,0.0,0.0,0.0,0.6520804835073841,0.2930003959572949,H03
0.9162454367954308,0.0,0.5143757402645287,0.09146622672509577,0.0,0.0,0.0,0.0,0.0,0.0,0.6520804835073841,0.2930003959572949,H03
0.9162454367954308,0.0,0.5143757402645287,0.09146622672509577,0.0,0.0,0.0,0.0,0.0,0.0,0.6520804835073841,0.2930003959572949,H03
0.7238051035828508,0.5779469600217193,0.5738427390243005,0.03404982095395894,0.0,0.007154843903695754,0.023535701791474527,0.0240176905670976,0.006111065771398568,0.29313229704421245,0.011362163787880995,0.24086958764038185,H04
0.7238051035828508,0.5779469600217193,0.5738427390243005,0.03404982095395894,0.0,0.007154843903695754,0.023535701791474527,0.0240176905670976,0.006111065771398568,0.29313229704421245,0.011362163787880995,0.24086958764038185,H04
0.7238051035828508,0.5779469600217193,0.5738427390243005,0.03404982095395894,0.0,0.007154843903695754,0.023535701791474527,0.0240176905670976,0.006111065771398568,0.29313229704421245,0.011362163787880995,0.24086958764038185,H04
0.0,0.0,0.7491959929825436,0.0,0.0,0.0,0.9638343703304255,0.811876615829138,0.3927841821045288,0.7017611653199188,0.8087016867254089,0.05858313599189904,H05
0.0,0.0,0.7491959929825436,0.0,0.0,0.0,0.9638343703304255,0.811876615829138,0.3927841821045288,0.7017611653199188,0.8087016867254089,0.05858313599189904,H05
0.0,0.0,0.7491959929825436,0.0,0.0,0.0,0.9638343703304255,0.811876615829138,0.3927841821045288,0.7017611653199188,0.8087016867254089,0.05858313599189904,H05
0.0,0.19529371223048628,0.12689489066694704,0.016172018133973037,0.14150419584719245,0.024599449863993046,0.0,0.0,0.07505667623756457,0.012383573500676166,0.21321155091861219,0.6128836395007955,H06
0.0,0.19529371223048628,0.12689489066694704,0.016172018133973037,0.14150419584719245,0.024599449863993046,0.0,0.0,0.07505667623756457,0.012383573500676166,0.21321155091861219,0.6128836395007955,H06
0.0,0.19529371223048628,0.12689489066694704,0.016172018133973037,0.14150419584719245,0.024599449863993046,0.0,0.0,0.07505667623756457,0.012383573500676166,0.21321155091861219,0.6128836395007955,H06
0.0,0.0,0.6142408074669863,0.006540081286315707,0.10604808377182817,0.491317673468305,0.0,0.643760454013011,0.0,0.7949018622713063,0.0,0.3426859819341566,H01
0.0,0.0,0.6142408074669863,0.006540081286315707,0.10604808377182817,0.491317673468305,0.0,0.643760454013011,0.0,0.7949018622713063,0.0,0.3426859819341566,H01
0.0,0.0,0.6142408074669863,0.006540081286315707,0.10604808377182817,0.491317673468305,0.0,0.643760454013011,0.0,0.7949018622713063,0.0,0.3426859819341566,H01
0.6760651940927276,0.14150701061325088,0.3817326909787736,0.038012194042923865,0.013647253574055485,0.5037696745046955,0.0,0.018624997886305877,0.002128148400272292,0.33657500571124366,0.13745310726093493,0.3504479055688354,H02
0.6760651940927276,0.14150701061325088,0.3817326909787736,0.038012194042923865,0.013647253574055485,0.5037696745046955,0.0,0.018624997886305877,0.002128148400272292,0.33657500571124366,0.13745310726093493,0.3504479055688354,H02
0.6760651940927276,0.14150701061325088,0.3817326909787736,0.038012194042923865,0.013647253574055485,0.5037696745046955,0.0,0.018624997886305877,0.002128148400272292,0.33657500571124366,0.13745310726093493,0.3504479055688354,H02
0.9162454367954308,0.0,0.5143757402645287,0.09146622672509577,0.0,0.0,0.0,0.0,0.0,0.0,0.6520804835073841,0.2930003959572949,H03
0.9162454367954308,0.0,0.5143757402645287,0.09146622672509577,0.0,0.0,0.0,0.0,0.0,0.0,0.6520804835073841,0.2930003959572949,H03
0.9162454367954308,0.0,0.5143757402645287,0.09146622672509577,0.0,0.0,0.0,0.0,0.0,0.0,0.6520804835073841,0.2930003959572949,H03
0.7238051035828508,0.5779469600217193,0.5738427390243005,0.03404982095395894,0.0,0.007154843903695754,0.023535701791474527,0.0240176905670976,0.006111065771398568,0.29313229704421245,0.011362163787880995,0.24086958764038185,H04
0.7238051035828508,0.5779469600217193,0.5738427390243005,0.03404982095395894,0.0,0.007154843903695754,0.023535701791474527,0.0240176905670976,0.006111065771398568,0.29313229704421245,0.011362163787880995,0.24086958764038185,H04
0.7238051035828508,0.5779469600217193,0.5738427390243005,0.03404982095395894,0.0,0.007154843903695754,0.023535701791474527,0.0240176905670976,0.006111065771398568,0.29313229704421245,0.011362163787880995,0.24086958764038185,H04
0.0,0.0,0.7491959929825436,0.0,0.0,0.0,0.9638343703304255,0.811876615829138,0.3927841821045288,0.7017611653199188,0.8087016867254089,0.05858313599189904,H05
0.0,0.0,0.7491959929825436,0.0,0.0,0.0,0.9638343703304255,0.811876615829138,0.3927841821045288,0.7017611653199188,0.8087016867254089,0.05858313599189904,H05
0.0,0.0,0.7491959929825436,0.0,0.0,0.0,0.9638343703304255,0.811876615829138,0.3927841821045288,0.7017611653199188,0.8087016867254089,0.05858313599189904,H05
0.0,0.19529371223048628,0.12689489066694704,0.016172018133973037,0.14150419584719245,0.024599449863993046,0.0,0.0,0.07505667623756457,0.012383573500676166,0.21321155091861219,0.6128836395007955,H06
0.0,0.19529371223048628,0.12689489066694704,0.016172018133973037,0.14150419584719245,0.024599449863993046,0.0,0.0,0.07505667623756457,0.012383573500676166,0.21321155091861219,0.6128836395007955,H06
0.0,0.19529371223048628,0.12689489066694704,0.016172018133973037,0.14150419584719245,0.024599449863993046,0.0,0.0,0.07505667623756457,0.012383573500676166,0.21321155091861219,0.6128836395007955,H06
0.0,0.0,0.6142408074669863,0.006540081286315707,0.10604808377182817,0.491317673468305,0.0,0.643760454013011,0.0,0.7949018622713063,0.0,0.3426859819341566,H01
0.0,0.0,0.6142408074669863,0.006540081286315707,0.10604808377182817,0.491317673468305,0.0,0.643760454013011,0.0,0.7949018622713063,0.0,0.3426859819341566,H01
0.0,0.0,0.6142408074669863,0.006540081286315707,0.10604808377182817,0.491317673468305,0.0,0.643760454013011,0.0,0.7949018622713063,0.0,0.3426859819341566,H01
0.6760651940927276,0.14150701061325088,0.3817326909787736,0.038012194042923865,0.013647253574055485,0.5037696745046955,0.0,0.018624997886305877,0.002128148400272292,0.33657500571124366,0.13745310726093493,0.3504479055688354,H02
0.6760651940927276,0.14150701061325088,0.3817326909787736,0.038012194042923865,0.013647253574055485,0.5037696745046955,0.0,0.018624997886305877,0.002128148400272292,0.33657500571124366,0.13745310726093493,0.3504479055688354,H02
0.6760651940927276,0.14150701061325088,0.3817326909787736,0.038012194042923865,0.013647253574055485,0.5037696745046955,0.0,0.018624997886305877,0.002128148400272292,0.33657500571124366,0.13745310726093493,0.3504479055688354,H02
0.9162454367954308,0.0,0.5143757402645287,0.09146622672509577,0.0,0.0,0.0,0.0,0.0,0.0,0.6520804835073841,0.2930003959572949,H03
0.9162454367954308,0.0,0.5143757402645287,0.09146622672509577,0.0,0.0,0.0,0.0,0.0,0.0,0.6520804835073841,0.2930003959572949,H03
0.9162454367954308,0.0,0.5143757402645287,0.09146622672509577,0.0,0.0,0.0,0.0,0.0,0.0,0.6520804835073841,0.2930003959572949,H03
0.7238051035828508,0.5779469600217193,0.5738427390243005,0.03404982095395894,0.0,0.007154843903695754,0.023535701791474527,0.0240176905670976,0.006111065771398568,0.29313229704421245,0.011362163787880995,0.24086958764038185,H04
0.7238051035828508,0.5779469600217193,0.5738427390243005,0.03404982095395894,0.0,0.007154843903695754,0.023535701791474527,0.0240176905670976,0.006111065771398568,0.29313229704421245,0.011362163787880995,0.24086958764038185,H04
0.7238051035828508,0.5779469600217193,0.5738427390243005,0.03404982095395894,0.0,0.007154843903695754,0.023535701791474527,0.0240176905670976,0.006111065771398568,0.29313229704421245,0.011362163787880995,0.24086958764038185,H04
0.0,0.0,0.7491959929825436,0.0,0.0,0.0,0.9638343703304255,0.811876615829138,0.3927841821045288,0.7017611653199188,0.8087016867254089,0.05858313599189904,H05
0.0,0.0,0.7491959929825436,0.0,0.0,0.0,0.9638343703304255,0.811876615829138,0.3927841821045288,0.7017611653199188,0.8087016867254089,0.05858313599189904,H05
0.0,0.0,0.7491959929825436,0.0,0.0,0.0,0.9638343703304255,0.811876615829138,0.3927841821045288,0.7017611653199188,0.8087016867254089,0.05858313599189904,H05
0.0,0.19529371223048628,0.12689489066694704,0.016172018133973037,0.14150419584719245,0.024599449863993046,0.0,0.0,0.07505667623756457,0.012383573500676166,0.21321155091861219,0.6128836395007955,H06
0.0,0.19529371223048628,0.12689489066694704,0.016172018133973037,0.14150419584719245,0.024599449863993046,0.0,0.0,0.07505667623756457,0.012383573500676166,0.21321155091861219,0.6128836395007955,H06
0.0,0.19529371223048628,0.12689489066694704,0.016172018133973037,0.14150419584719245,0.024599449863993046,0.0,0.0,0.07505667623756457,0.012383573500676166,0.21321155091861219,0.6128836395007955,H06
0.0,0.0,0.6142408074669863,0.006540081286315707,0.10604808377182817,0.491317673468305,0.0,0.643760454013011,0.0,0.7949018622713063,0.0,0.3426859819341566,H01
0.0,0.0,0.6142408074669863,0.006540081286315707,0.10604808377182817,0.491317673468305,0.0,0.643760454013011,0.0,0.7949018622713063,0.0,0.3426859819341566,H01
0.0,0.0,0.6142408074669863,0.006540081286315707,0.10604808377182817,0.491317673468305,0.0,0.643760454013011,0.0,0.7949018622713063,0.0,0.3426859819341566,H01
0.6760651940927276,0.14150701061325088,0.3817326909787736,0.038012194042923865,0.013647253574055485,0.5037696745046955,0.0,0.018624997886305877,0.002128148400272292,0.33657500571124366,0.13745310726093493,0.3504479055688354,H02
0.6760651940927276,0.14150701061325088,0.3817326909787736,0.038012194042923865,0.013647253574055485,0.5037696745046955,0.0,0.018624997886305877,0.002128148400272292,0.33657500571124366,0.13745310726093493,0.3504479055688354,H02
0.6760651940927276,0.14150701061325088,0.3817326909787736,0.038012194042923865,0.013647253574055485,0.5037696745046955,0.0,0.018624997886305877,0.002128148400272292,0.33657500571124366,0.13745310726093493,0.3504479055688354,H02
0.9162454367954308,0.0,0.5143757402645287,0.09146622672509577,0.0,0.0,0.0,0.0,0.0,0.0,0.6520804835073841,0.2930003959572949,H03
0.9162454367954308,0.0,0.5143757402645287,0.09146622672509577,0.0,0.0,0.0,0.0,0.0,0.0,0.6520804835073841,0.2930003959572949,H03
0.9162454367954308,0.0,0.5143757402645287,0.09146622672509577,0.0,0.0,0.0,0.0,0.0,0.0,0.6520804835073841,0.2930003959572949,H03
0.7238051035828508,0.5779469600217193,0.5738427390243005,0.03404982095395894,0.0,0.007154843903695754,0.023535701791474527,0.0240176905670976,0.006111065771398568,0.29313229704421245,0.011362163787880995,0.24086958764038185,H04
0.7238051035828508,0.5779469600217193,0.5738427390243005,0.03404982095395894,0.0,0.007154843903695754,0.023535701791474527,0.0240176905670976,0.006111065771398568,0.29313229704421245,0.011362163787880995,0.24086958764038185,H04
0.7238051035828508,0.5779469600217193,0.5738427390243005,0.03404982095395894,0.0,0.007154843903695754,0.023535701791474527,0.0240176905670976,0.006111065771398568,0.29313229704421245,0.011362163787880995,0.24086958764038185,H04
0.0,0.0,0.7491959929825436,0.0,0.0,0.0,0.9638343703304255,0.811876615829138,0.3927841821045288,0.7017611653199188,0.8087016867254089,0.05858313599189904,H05
0.0,0.0,0.7491959929825436,0.0,0.0,0.0,0.9638343703304255,0.811876615829138,0.3927841821045288,0.7017611653199188,0.8087016867254089,0.05858313599189904,H05
0.0,0.0,0.7491959929825436,0.0,0.0,0.0,0.9638343703304255,0.811876615829138,0.3927841821045288,0.7017611653199188,0.8087016867254089,0.05858313599189904,H05
0.0,0.19529371223048628,0.12689489066694704,0.016172018133973037,0.14150419584719245,0.024599449863993046,0.0,0.0,0.07505667623756457,0.012383573500676166,0.21321155091861219,0.6128836395007955,H06
0.0,0.19529371223048628,0.12689489066694704,0.016172018133973037,0.14150419584719245,0.024599449863993046,0.0,0.0,0.07505667623756457,0.012383573500676166,0.21321155091861219,0.6128836395007955,H06
0.0,0.19529371223048628,0.12689489066694704,0.016172018133973037,0.14150419584719245,0.024599449863993046,0.0,0.0,0.07505667623756457,0.012383573500676166,0.21321155091861219,0.6128836395007955,H06
0.0,0.0,0.6142408074669863,0.006540081286315707,0.10604808377182817,0.491317673468305,0.0,0.643760454013011,0.0,0.7949018622713063,0.0,0.3426859819341566,H01
0.0,0.0,0.6142408074669863,0.006540081286315707,0.10604808377182817,0.491317673468305,0.0,0.643760454013011,0.0,0.7949018622713063,0.0,0.3426859819341566,H01
0.0,0.0,0.6142408074669863,0.006540081286315707,0.10604808377182817,0.491317673468305,0.0,0.643760454013011,0.0,0.7949018622713063,0.0,0.3426859819341566,H01
0.6760651940927276,0.14150701061325088,0.3817326909787736,0.038012194042923865,0.013647253574055485,0.5037696745046955,0.0,0.018624997886305877,0.002128148400272292,0.33657500571124366,0.13745310726093493,0.3504479055688354,H02
0.6760651940927276,0.14150701061325088,0.3817326909787736,0.038012194042923865,0.013647253574055485,0.5037696745046955,0.0,0.018624997886305877,0.002128148400272292,0.33657500571124366,0.13745310726093493,0.3504479055688354,H02
0.6760651940927276,0.14150701061325088,0.3817326909787736,0.038012194042923865,0.013647253574055485,0.5037696745046955,0.0,0.018624997886305877,0.002128148400272292,0.33657500571124366,0.13745310726093493,0.3504479055688354,H02
0.9162454367954308,0.0,0.5143757402645287,0.09146622672509577,0.0,0.0,0.0,0.0,0.0,0.0,0.6520804835073841,0.2930003959572949,H03
0.9162454367954308,0.0,0.5143757402645287,0.09146622672509577,0.0,0.0,0.0,0.0,0.0,0.0,0.6520804835073841,0.2930003959572949,H03
0.9162454367954308,0.0,0.5143757402645287,0.09146622672509577,0.0,0.0,0.0,0.0,0.0,0.0,0.6520804835073841,0.2930003959572949,H03
0.7238051035828508,0.5779469600217193,0.5738427390243005,0.03404982095395894,0.0,0.007154843903695754,0.023535701791474527,0.0240176905670976,0.006111065771398568,0.29313229704421245,0.011362163787880995,0.24086958764038185,H04
0.7238051035828508,0.5779469600217193,0.5738427390243005,0.03404982095395894,0.0,0.007154843903695754,0.023535701791474527,0.0240176905670976,0.006111065771398568,0.29313229704421245,0.011362163787880995,0.24086958764038185,H04
0.7238051035828508,0.5779469600217193,0.5738427390243005,0.03404982095395894,0.0,0.007154843903695754,0.023535701791474527,0.0240176905670976,0.006111065771398568,0.29313229704421245,0.011362163787880995,0.24086958764038185,H04
0.0,0.0,0.7491959929825436,0.0,0.0,0.0,0.9638343703304255,0.811876615829138,0.3927841821045288,0.7017611653199188,0.8087016867254089,0.05858313599189904,H05
0.0,0.0,0.7491959929825436,0.0,0.0,0.0,0.9638343703304255,0.811876615829138,0.3927841821045288,0.7017611653199188,0.8087016867254089,0.05858313599189904,H05
0.0,0.0,0.7491959929825436,0.0,0.0,0.0,0.9638343703304255,0.811876615829138,0.3927841821045288,0.7017611653199188,0.8087016867254089,0.05858313599189904,H05
0.0,0.19529371223048628,0.12689489066694704,0.016172018133973037,0.14150419584719245,0.024599449863993046,0.0,0.0,0.07505667623756457,0.012383573500676166,0.21321155091861219,0.6128836395007955,H06
0.0,0.19529371223048628,0.12689489066694704,0.016172018133973037,0.14150419584719245,0.024599449863993046,0.0,0.0,0.07505667623756457,0.012383573500676166,0.21321155091861219,0.6128836395007955,H06
0.0,0.19529371223048628,0.12689489066694704,0.016172018133973037,0.14150419584719245,0.024599449863993046,0.0,0.0,0.07505667623756457,0.012383573500676166,0.21321155091861219,0.6128836395007955,H06
0.0,0.0,0.6142408074669863,0.006540081286315707,0.10604808377182817,0.491317673468305,0.0,0.643760454013011,0.0,0.7949018622713063,0.0,0.3426859819341566,H01
0.0,0.0,0.6142408074669863,0.006540081286315707,0.10604808377182817,0.491317673468305,0.0,0.643760454013011,0.0,0.7949018622713063,0.0,0.3426859819341566,H01
0.0,0.0,0.6142408074669863,0.006540081286315707,0.10604808377182817,0.491317673468305,0.0,0.643760454013011,0.0,0.7949018622713063,0.0,0.3426859819341566,H01
0.6760651940927276,0.14150701061325088,0.3817326909787736,0.038012194042923865,0.013647253574055485,0.5037696745046955,0.0,0.018624997886305877,0.002128148400272292,0.33657500571124366,0.13745310726093493,0.3504479055688354,H02
0.6760651940927276,0.14150701061325088,0.3817326909787736,0.038012194042923865,0.013647253574055485,0.5037696745046955,0.0,0.018624997886305877,0.002128148400272292,0.33657500571124366,0.13745310726093493,0.3504479055688354,H02
0.6760651940927276,0.14150701061325088,0.3817326909787736,0.038012194042923865,0.013647253574055485,0.5037696745046955,0.0,0.018624997886305877,0.002128148400272292,0.33657500571124366,0.13745310726093493,0.3504479055688354,H02
0.9162454367954308,0.0,0.5143757402645287,0.09146622672509577,0.0,0.0,0.0,0.0,0.0,0.0,0.6520804835073841,0.2930003959572949,H03
0.9162454367954308,0.0,0.5143757402645287,0.09146622672509577,0.0,0.0,0.0,0.0,0.0,0.0,0.6520804835073841,0.2930003959572949,H03
0.9162454367954308,0.0,0.5143757402645287,0.09146622672509577,0.0,0.0,0.0,0.0,0.0,0.0,0.6520804835073841,0.2930003959572949,H03
0.7238051035828508,0.5779469600217193,0.5738427390243005,0.03404982095395894,0.0,0.007154843903695754,0.023535701791474527,0.0240176905670976,0.006111065771398568,0.29313229704421245,0.011362163787880995,0.24086958764038185,H04
0.7238051035828508,0.5779469600217193,0.5738427390243005,0.03404982095395894,0.0,0.007154843903695754,0.023535701791474527,0.0240176905670976,0.006111065771398568,0.29313229704421245,0.011362163787880995,0.24086958764038185,H04
0.7238051035828508,0.5779469600217193,0.5738427390243005,0.03404982095395894,0.0,0.007154843903695754,0.023535701791474527,0.0240176905670976,0.006111065771398568,0.29313229704421245,0.011362163787880995,0.24086958764038185,H04
0.0,0.0,0.7491959929825436,0.0,0.0,0.0,0.9638343703304255,0.811876615829138,0.3927841821045288,0.7017611653199188,0.8087016867254089,0.05858313599189904,H05
0.0,0.0,0.7491959929825436,0.0,0.0,0.0,0.9638343703304255,0.811876615829138,0.3927841821045288,0.7017611653199188,0.8087016867254089,0.05858313599189904,H05
0.0,0.0,0.7491959929825436,0.0,0.0,0.0,0.9638343703304255,0.811876615829138,0.3927841821045288,0.7017611653199188,0.8087016867254089,0.05858313599189904,H05
0.0,0.19529371223048628,0.12689489066694704,0.016172018133973037,0.14150419584719245,0.024599449863993046,0.0,0.0,0.07505667623756457,0.012383573500676166,0.21321155091861219,0.6128836395007955,H06
0.0,0.19529371223048628,0.12689489066694704,0.016172018133973037,0.14150419584719245,0.024599449863993046,0.0,0.0,0.07505667623756457,0.012383573500676166,0.21321155091861219,0.6128836395007955,H06
0.0,0.19529371223048628,0.12689489066694704,0.016172018133973037,0.14150419584719245,0.024599449863993046,0.0,0.0,0.07505667623756457,0.012383573500676166,0.21321155091861219,0.6128836395007955,H06
0.0,0.0,0.6142408074669863,0.006540081286315707,0.10604808377182817,0.491317673468305,0.0,0.643760454013011,0.0,0.7949018622713063,0.0,0.3426859819341566,H01
0.0,0.0,0.6142408074669863,0.006540081286315707,0.10604808377182817,0.491317673468305,0.0,0.643760454013011,0.0,0.7949018622713063,0.0,0.3426859819341566,H01
0.0,0.0,0.6142408074669863,0.006540081286315707,0.10604808377182817,0.491317673468305,0.0,0.643760454013011,0.0,0.7949018622713063,0.0,0.3426859819341566,H01
0.6760651940927276,0.14150701061325088,0.3817326909787736,0.038012194042923865,0.013647253574055485,0.5037696745046955,0.0,0.018624997886305877,0.002128148400272292,0.33657500571124366,0.13745310726093493,0.3504479055688354,H02
0.6760651940927276,0.14150701061325088,0.3817326909787736,0.038012194042923865,0.013647253574055485,0.5037696745046955,0.0,0.018624997886305877,0.002128148400272292,0.33657500571124366,0.13745310726093493,0.3504479055688354,H02
0.6760651940927276,0.14150701061325088,0.3817326909787736,0.038012194042923865,0.013647253574055485,0.5037696745046955,0.0,0.018624997886305877,0.002128148400272292,0.33657500571124366,0.13745310726093493,0.3504479055688354,H02
0.9162454367954308,0.0,0.5143757402645287,0.09146622672509577,0.0,0.0,0.0,0.0,0.0,0.0,0.6520804835073841,0.2930003959572949,H03
0.9162454367954308,0.0,0.5143757402645287,0.09146622672509577,0.0,0.0,0.0,0.0,0.0,0.0,0.6520804835073841,0.2930003959572949,H03
0.9162454367954308,0.0,0.5143757402645287,0.09146622672509577,0.0,0.0,0.0,0.0,0.0,0.0,0.6520804835073841,0.2930003959572949,H03
0.7238051035828508,0.5779469600217193,0.5738427390243005,0.03404982095395894,0.0,0.007154843903695754,0.023535701791474527,0.0240176905670976,0.006111065771398568,0.29313229704421245,0.011362163787880995,0.24086958764038185,H04
0.7238051035828508,0.5779469600217193,0.5738427390243005,0.03404982095395894,0.0,0.007154843903695754,0.023535701791474527,0.0240176905670976,0.006111065771398568,0.29313229704421245,0.011362163787880995,0.24086958764038185,H04
0.7238051035828508,0.5779469600217193,0.5738427390243005,0.03404982095395894,0.0,0.007154843903695754,0.023535701791474527,0.0240176905670976,0.006111065771398568,0.29313229704421245,0.011362163787880995,0.24086958764038185,H04
0.0,0.0,0.7491959929825436,0.0,0.0,0.0,0.9638343703304255,0.811876615829138,0.3927841821045288,0.7017611653199188,0.8087016867254089,0.05858313599189904,H05
0.0,0.0,0.7491959929825436,0.0,0.0,0.0,0.9638343703304255,0.811876615829138,0.3927841821045288,0.7017611653199188,0.8087016867254089,0.05858313599189904,H05
0.0,0.0,0.7491959929825436,0.0,0.0,0.0,0.9638343703304255,0.811876615829138,0.3927841821045288,0.7017611653199188,0.8087016867254089,0.05858313599189904,H05
0.0,0.19529371223048628,0.12689489066694704,0.016172018133973037,0.14150419584719245,0.024599449863993046,0.0,0.0,0.07505667623756457,0.012383573500676166,0.21321155091861219,0.6128836395007955,H06
0.0,0.19529371223048628,0.12689489066694704,0.016172018133973037,0.14150419584719245,0.024599449863993046,0.0,0.0,0.07505667623756457,0.012383573500676166,0.21321155091861219,0.6128836395007955,H06
0.0,0.19529371223048628,0.12689489066694704,0.016172018133973037,0.14150419584719245,0.024599449863993046,0.0,0.0,0.07505667623756457,0.012383573500676166,0.21321155091861219,0.6128836395007955,H06
0.0,0.0,0.017452407154425677,0.0,0.13202437446264442,0.5022912756186908,0.0,0.0045450966632708005,0.0,0.01455040512165083,0.0,0.5614419119672902,H01
0.0,0.0,0.017452407154425677,0.0,0.13202437446264442,0.5022912756186908,0.0,0.0045450966632708005,0.0,0.01455040512165083,0.0,0.5614419119672902,H01
0.0,0.0,0.017452407154425677,0.0,0.13202437446264442,0.5022912756186908,0.0,0.0045450966632708005,0.0,0.01455040512165083,0.0,0.5614419119672902,H01
0.02626946899890651,0.025106517390057398,0.012615124884844078,0.0,0.009958427117277522,0.5177226538841414,0.0,0.0,0.0,0.005113334045838922,0.008612674546827183,0.7274644746553028,H02
0.02626946899890651,0.025106517390057398,0.012615124884844078,0.0,0.009958427117277522,0.5177226538841414,0.0,0.0,0.0,0.005113334045838922,0.008612674546827183,0.7274644746553028,H02
0.02626946899890651,0.025106517390057398,0.012615124884844078,0.0,0.009958427117277522,0.5177226538841414,0.0,0.0,0.0,0.005113334045838922,0.008612674546827183,0.7274644746553028,H02
0.07161034903985071,0.0,0.023042720257324435,0.009935646244071982,0.0,0.0,0.0,0.0,0.0,0.0,0.016907802297274607,0.9858913962498768,H03
0.07161034903985071,0.0,0.023042720257324435,0.009935646244071982,0.0,0.0,0.0,0.0,0.0,0.0,0.016907802297274607,0.9858913962498768,H03
0.07161034903985071,0.0,0.023042720257324435,0.009935646244071982,0.0,0.0,0.0,0.0,0.0,0.0,0.016907802297274607,0.9858913962498768,H03
0.043995927273442724,0.06624644413415001,0.016073380128727253,0.005809870634893122,0.0,0.0074391177885390096,0.0214997120923509,0.0,0.0,0.002749384369464726,0.0,0.9820069358839218,H04
0.043995927273442724,0.06624644413415001,0.016073380128727253,0.005809870634893122,0.0,0.0074391177885390096,0.0214997120923509,0.0,0.0,0.002749384369464726,0.0,0.9820069358839218,H04
0.043995927273442724,0.06624644413415001,0.016073380128727253,0.005809870634893122,0.0,0.0074391177885390096,0.0214997120923509,0.0,0.0,0.002749384369464726,0.0,0.9820069358839218,H04
0.0,0.0,0.03076812350959941,0.0,0.0,0.0,0.9676739808343676,0.01843370442463349,0.02935500628199983,0.01131384519289051,0.06062606441909564,0.36697614328404804,H05
0.0,0.0,0.03076812350959941,0.0,0.0,0.0,0.9676739808343676,0.01843370442463349,0.02935500628199983,0.01131384519289051,0.06062606441909564,0.36697614328404804,H05
0.0,0.0,0.03076812350959941,0.0,0.0,0.0,0.9676739808343676,0.01843370442463349,0.02935500628199983,0.01131384519289051,0.06062606441909564,0.36697614328404804,H05
0.0,0.020268444310666878,0.002844038110628749,0.0,0.15582176983363738,0.025954031579866352,0.0,0.0,0.0015261166707346847,0.0,0.015498041935409084,0.8861379892428873,H06
0.0,0.020268444310666878,0.002844038110628749,0.0,0.15582176983363738,0.025954031579866352,0.0,0.0,0.0015261166707346847,0.0,0.015498041935409084,0.8861379892428873,H06
0.0,0.020268444310666878,0.002844038110628749,0.0,0.15582176983363738,0.025954031579866352,0.0,0.0,0.0015261166707346847,0.0,0.015498041935409084,0.8861379892428873,H06
0.0,0.0,0.017452407154425677,0.0,0.13202437446264442,0.5022912756186908,0.0,0.0045450966632708005,0.0,0.01455040512165083,0.0,0.5614419119672902,H01
0.0,0.0,0.017452407154425677,0.0,0.13202437446264442,0.5022912756186908,0.0,0.0045450966632708005,0.0,0.01455040512165083,0.0,0.5614419119672902,H01
0.0,0.0,0.017452407154425677,0.0,0.13202437446264442,0.5022912756186908,0.0,0.0045450966632708005,0.0,0.01455040512165083,0.0,0.5614419119672902,H01
0.02626946899890651,0.025106517390057398,0.012615124884844078,0.0,0.009958427117277522,0.5177226538841414,0.0,0.0,0.0,0.005113334045838922,0.008612674546827183,0.7274644746553028,H02
0.02626946899890651,0.025106517390057398,0.012615124884844078,0.0,0.009958427117277522,0.5177226538841414,0.0,0.0,0.0,0.005113334045838922,0.008612674546827183,0.7274644746553028,H02
0.02626946899890651,0.025106517390057398,0.012615124884844078,0.0,0.009958427117277522,0.5177226538841414,0.0,0.0,0.0,0.005113334045838922,0.008612674546827183,0.7274644746553028,H02
0.07161034903985071,0.0,0.023042720257324435,0.009935646244071982,0.0,0.0,0.0,0.0,0.0,0.0,0.016907802297274607,0.9858913962498768,H03
0.07161034903985071,0.0,0.023042720257324435,0.009935646244071982,0.0,0.0,0.0,0.0,0.0,0.0,0.016907802297274607,0.9858913962498768,H03
0.07161034903985071,0.0,0.023042720257324435,0.009935646244071982,0.0,0.0,0.0,0.0,0.0,0.0,0.016907802297274607,0.9858913962498768,H03
0.043995927273442724,0.06624644413415001,0.016073380128727253,0.005809870634893122,0.0,0.0074391177885390096,0.0214997120923509,0.0,0.0,0.002749384369464726,0.0,0.9820069358839218,H04
0.043995927273442724,0.06624644413415001,0.016073380128727253,0.005809870634893122,0.0,0.0074391177885390096,0.0214997120923509,0.0,0.0,0.002749384369464726,0.0,0.9820069358839218,H04
0.043995927273442724,0.06624644413415001,0.016073380128727253,0.005809870634893122,0.0,0.0074391177885390096,0.0214997120923509,0.0,0.0,0.002749384369464726,0.0,0.9820069358839218,H04
0.0,0.0,0.03076812350959941,0.0,0.0,0.0,0.9676739808343676,0.01843370442463349,0.02935500628199983,0.01131384519289051,0.06062606441909564,0.36697614328404804,H05
0.0,0.0,0.03076812350959941,0.0,0.0,0.0,0.9676739808343676,0.01843370442463349,0.02935500628199983,0.01131384519289051,0.06062606441909564,0.36697614328404804,H05
0.0,0.0,0.03076812350959941,0.0,0.0,0.0,0.9676739808343676,0.01843370442463349,0.02935500628199983,0.01131384519289051,0.06062606441909564,0.36697614328404804,H05
0.0,0.020268444310666878,0.002844038110628749,0.0,0.15582176983363738,0.025954031579866352,0.0,0.0,0.0015261166707346847,0.0,0.015498041935409084,0.8861379892428873,H06
0.0,0.020268444310666878,0.002844038110628749,0.0,0.15582176983363738,0.025954031579866352,0.0,0.0,0.0015261166707346847,0.0,0.015498041935409084,0.8861379892428873,H06
0.0,0.020268444310666878,0.002844038110628749,0.0,0.15582176983363738,0.025954031579866352,0.0,0.0,0.0015261166707346847,0.0,0.015498041935409084,0.8861379892428873,H06
0.0,0.0,0.017452407154425677,0.0,0.13202437446264442,0.5022912756186908,0.0,0.0045450966632708005,0.0,0.01455040512165083,0.0,0.5614419119672902,H01
0.0,0.0,0.017452407154425677,0.0,0.13202437446264442,0.5022912756186908,0.0,0.0045450966632708005,0.0,0.01455040512165083,0.0,0.5614419119672902,H01
0.0,0.0,0.017452407154425677,0.0,0.13202437446264442,0.5022912756186908,0.0,0.0045450966632708005,0.0,0.01455040512165083,0.0,0.5614419119672902,H01
0.02626946899890651,0.025106517390057398,0.012615124884844078,0.0,0.009958427117277522,0.5177226538841414,0.0,0.0,0.0,0.005113334045838922,0.008612674546827183,0.7274644746553028,H02
0.02626946899890651,0.025106517390057398,0.012615124884844078,0.0,0.009958427117277522,0.5177226538841414,0.0,0.0,0.0,0.005113334045838922,0.008612674546827183,0.7274644746553028,H02
0.02626946899890651,0.025106517390057398,0.012615124884844078,0.0,0.009958427117277522,0.5177226538841414,0.0,0.0,0.0,0.005113334045838922,0.008612674546827183,0.7274644746553028,H02
0.07161034903985071,0.0,0.023042720257324435,0.009935646244071982,0.0,0.0,0.0,0.0,0.0,0.0,0.016907802297274607,0.9858913962498768,H03
0.07161034903985071,0.0,0.023042720257324435,0.009935646244071982,0.0,0.0,0.0,0.0,0.0,0.0,0.016907802297274607,0.9858913962498768,H03
0.07161034903985071,0.0,0.023042720257324435,0.009935646244071982,0.0,0.0,0.0,0.0,0.0,0.0,0.016907802297274607,0.9858913962498768,H03
0.043995927273442724,0.06624644413415001,0.016073380128727253,0.005809870634893122,0.0,0.0074391177885390096,0.0214997120923509,0.0,0.0,0.002749384369464726,0.0,0.9820069358839218,H04
0.043995927273442724,0.06624644413415001,0.016073380128727253,0.005809870634893122,0.0,0.0074391177885390096,0.0214997120923509,0.0,0.0,0.002749384369464726,0.0,0.9820069358839218,H04
0.043995927273442724,0.06624644413415001,0.016073380128727253,0.005809870634893122,0.0,0.0074391177885390096,0.0214997120923509,0.0,0.0,0.002749384369464726,0.0,0.9820069358839218,H04
0.0,0.0,0.03076812350959941,0.0,0.0,0.0,0.9676739808343676,0.01843370442463349,0.02935500628199983,0.01131384519289051,0.06062606441909564,0.36697614328404804,H05
0.0,0.0,0.03076812350959941,0.0,0.0,0.0,0.9676739808343676,0.01843370442463349,0.02935500628199983,0.01131384519289051,0.06062606441909564,0.36697614328404804,H05
0.0,0.0,0.03076812350959941,0.0,0.0,0.0,0.9676739808343676,0.01843370442463349,0.02935500628199983,0.01131384519289051,0.06062606441909564,0.36697614328404804,H05
0.0,0.020268444310666878,0.002844038110628749,0.0,0.15582176983363738,0.025954031579866352,0.0,0.0,0.0015261166707346847,0.0,0.015498041935409084,0.8861379892428873,H06
0.0,0.020268444310666878,0.002844038110628749,0.0,0.15582176983363738,0.025954031579866352,0.0,0.0,0.0015261166707346847,0.0,0.015498041935409084,0.8861379892428873,H06
0.0,0.020268444310666878,0.002844038110628749,0.0,0.15582176983363738,0.025954031579866352,0.0,0.0,0.0015261166707346847,0.0,0.015498041935409084,0.8861379892428873,H06
0.0,0.0,0.6142408074669863,0.006540081286315707,0.10604808377182817,0.491317673468305,0.0,0.643760454013011,0.0,0.7949018622713063,0.0,0.3426859819341566,H01
0.0,0.0,0.6142408074669863,0.006540081286315707,0.10604808377182817,0.491317673468305,0.0,0.643760454013011,0.0,0.7949018622713063,0.0,0.3426859819341566,H01
0.0,0.0,0.6142408074669863,0.006540081286315707,0.10604808377182817,0.491317673468305,0.0,0.643760454013011,0.0,0.7949018622713063,0.0,0.3426859819341566,H01
0.6760651940927276,0.14150701061325088,0.3817326909787736,0.038012194042923865,0.013647253574055485,0.5037696745046955,0.0,0.018624997886305877,0.002128148400272292,0.33657500571124366,0.13745310726093493,0.3504479055688354,H02
0.6760651940927276,0.14150701061325088,0.3817326909787736,0.038012194042923865,0.013647253574055485,0.5037696745046955,0.0,0.018624997886305877,0.002128148400272292,0.33657500571124366,0.13745310726093493,0.3504479055688354,H02
0.6760651940927276,0.14150701061325088,0.3817326909787736,0.038012194042923865,0.013647253574055485,0.5037696745046955,0.0,0.018624997886305877,0.002128148400272292,0.33657500571124366,0.13745310726093493,0.3504479055688354,H02
0.9162454367954308,0.0,0.5143757402645287,0.09146622672509577,0.0,0.0,0.0,0.0,0.0,0.0,0.6520804835073841,0.2930003959572949,H03
0.9162454367954308,0.0,0.5143757402645287,0.09146622672509577,0.0,0.0,0.0,0.0,0.0,0.0,0.6520804835073841,0.2930003959572949,H03
0.9162454367954308,0.0,0.5143757402645287,0.09146622672509577,0.0,0.0,0.0,0.0,0.0,0.0,0.6520804835073841,0.2930003959572949,H03
0.7238051035828508,0.5779469600217193,0.5738427390243005,0.03404982095395894,0.0,0.007154843903695754,0.023535701791474527,0.0240176905670976,0.006111065771398568,0.29313229704421245,0.011362163787880995,0.24086958764038185,H04
0.7238051035828508,0.5779469600217193,0.5738427390243005,0.03404982095395894,0.0,0.007154843903695754,0.023535701791474527,0.0240176905670976,0.006111065771398568,0.29313229704421245,0.011362163787880995,0.24086958764038185,H04
0.7238051035828508,0.5779469600217193,0.5738427390243005,0.03404982095395894,0.0,0.007154843903695754,0.023535701791474527,0.0240176905670976,0.006111065771398568,0.29313229704421245,0.011362163787880995,0.24086958764038185,H04
0.0,0.0,0.7491959929825436,0.0,0.0,0.0,0.9638343703304255,0.811876615829138,0.3927841821045288,0.7017611653199188,0.8087016867254089,0.05858313599189904,H05
0.0,0.0,0.7491959929825436,0.0,0.0,0.0,0.9638343703304255,0.811876615829138,0.3927841821045288,0.7017611653199188,0.8087016867254089,0.05858313599189904,H05
0.0,0.0,0.7491959929825436,0.0,0.0,0.0,0.9638343703304255,0.811876615829138,0.3927841821045288,0.7017611653199188,0.8087016867254089,0.05858313599189904,H05
0.0,0.19529371223048628,0.12689489066694704,0.016172018133973037,0.14150419584719245,0.024599449863993046,0.0,0.0,0.07505667623756457,0.012383573500676166,0.21321155091861219,0.6128836395007955,H06
0.0,0.19529371223048628,0.12689489066694704,0.016172018133973037,0.14150419584719245,0.024599449863993046,0.0,0.0,0.07505667623756457,0.012383573500676166,0.21321155091861219,0.6128836395007955,H06
0.0,0.19529371223048628,0.12689489066694704,0.016172018133973037,0.14150419584719245,0.024599449863993046,0.0,0.0,0.07505667623756457,0.012383573500676166,0.21321155091861219,0.6128836395007955,H06
0.0,0.0,0.6142408074669863,0.006540081286315707,0.10604808377182817,0.491317673468305,0.0,0.643760454013011,0.0,0.7949018622713063,0.0,0.3426859819341566,H01
0.0,0.0,0.6142408074669863,0.006540081286315707,0.10604808377182817,0.491317673468305,0.0,0.643760454013011,0.0,0.7949018622713063,0.0,0.3426859819341566,H01
0.0,0.0,0.6142408074669863,0.006540081286315707,0.10604808377182817,0.491317673468305,0.0,0.643760454013011,0.0,0.7949018622713063,0.0,0.3426859819341566,H01
0.6760651940927276,0.14150701061325088,0.3817326909787736,0.038012194042923865,0.013647253574055485,0.5037696745046955,0.0,0.018624997886305877,0.002128148400272292,0.33657500571124366,0.13745310726093493,0.3504479055688354,H02
0.6760651940927276,0.14150701061325088,0.3817326909787736,0.038012194042923865,0.013647253574055485,0.5037696745046955,0.0,0.018624997886305877,0.002128148400272292,0.33657500571124366,0.13745310726093493,0.3504479055688354,H02
0.6760651940927276,0.14150701061325088,0.3817326909787736,0.038012194042923865,0.013647253574055485,0.5037696745046955,0.0,0.018624997886305877,0.002128148400272292,0.33657500571124366,0.13745310726093493,0.3504479055688354,H02
0.9162454367954308,0.0,0.5143757402645287,0.09146622672509577,0.0,0.0,0.0,0.0,0.0,0.0,0.6520804835073841,0.2930003959572949,H03
0.9162454367954308,0.0,0.5143757402645287,0.09146622672509577,0.0,0.0,0.0,0.0,0.0,0.0,0.6520804835073841,0.2930003959572949,H03
0.9162454367954308,0.0,0.5143757402645287,0.09146622672509577,0.0,0.0,0.0,0.0,0.0,0.0,0.6520804835073841,0.2930003959572949,H03
0.7238051035828508,0.5779469600217193,0.5738427390243005,0.03404982095395894,0.0,0.007154843903695754,0.023535701791474527,0.0240176905670976,0.006111065771398568,0.29313229704421245,0.011362163787880995,0.24086958764038185,H04
0.7238051035828508,0.5779469600217193,0.5738427390243005,0.03404982095395894,0.0,0.007154843903695754,0.023535701791474527,0.0240176905670976,0.006111065771398568,0.29313229704421245,0.011362163787880995,0.24086958764038185,H04
0.7238051035828508,0.5779469600217193,0.5738427390243005,0.03404982095395894,0.0,0.007154843903695754,0.023535701791474527,0.0240176905670976,0.006111065771398568,0.29313229704421245,0.011362163787880995,0.24086958764038185,H04
0.0,0.0,0.7491959929825436,0.0,0.0,0.0,0.9638343703304255,0.811876615829138,0.3927841821045288,0.7017611653199188,0.8087016867254089,0.05858313599189904,H05
0.0,0.0,0.7491959929825436,0.0,0.0,0.0,0.9638343703304255,0.811876615829138,0.3927841821045288,0.7017611653199188,0.8087016867254089,0.05858313599189904,H05
0.0,0.0,0.7491959929825436,0.0,0.0,0.0,0.9638343703304255,0.811876615829138,0.3927841821045288,0.7017611653199188,0.8087016867254089,0.05858313599189904,H05
0.0,0.19529371223048628,0.12689489066694704,0.016172018133973037,0.14150419584719245,0.024599449863993046,0.0,0.0,0.07505667623756457,0.012383573500676166,0.21321155091861219,0.6128836395007955,H06
0.0,0.19529371223048628,0.12689489066694704,0.016172018133973037,0.14150419584719245,0.024599449863993046,0.0,0.0,0.07505667623756457,0.012383573500676166,0.21321155091861219,0.6128836395007955,H06
0.0,0.19529371223048628,0.12689489066694704,0.016172018133973037,0.14150419584719245,0.024599449863993046,0.0,0.0,0.07505667623756457,0.012383573500676166,0.21321155091861219,0.6128836395007955,H06
0.004596206692743272,0.002363095238095238,0.6182085915188487,0.007381283255354778,0.07189927257894516,0.13045545486981083,0.0,0.024625642286197232,0.0,0.124049346648879,0.0,0.4886001264022197,H01
0.004596206692743272,0.002363095238095238,0.6182085915188487,0.007381283255354778,0.07189927257894516,0.13045545486981083,0.0,0.024625642286197232,0.0,0.124049346648879,0.0,0.4886001264022197,H01
0.004596206692743272,0.002363095238095238,0.6182085915188487,0.007381283255354778,0.07189927257894516,0.13045545486981083,0.0,0.024625642286197232,0.0,0.124049346648879,0.0,0.4886001264022197,H01
0.6926714818153457,0.13136065011268322,0.33916062734691943,0.035736743957637755,0.00466871514149969,0.1420289031206512,0.0,0.0,0.004492534189377777,0.0640231156346855,0.12059457795139306,0.36508924161215717,H02
0.6926714818153457,0.13136065011268322,0.33916062734691943,0.035736743957637755,0.00466871514149969,0.1420289031206512,0.0,0.0,0.004492534189377777,0.0640231156346855,0.12059457795139306,0.36508924161215717,H02
0.6926714818153457,0.13136065011268322,0.33916062734691943,0.035736743957637755,0.00466871514149969,0.1420289031206512,0.0,0.0,0.004492534189377777,0.0640231156346855,0.12059457795139306,0.36508924161215717,H02
0.9210531538443736,0.001708261617900172,0.666275493061469,0.06917658780008433,0.0,0.0,0.0,0.0,0.0,0.0,0.6025144965267136,0.09842506579626972,H03
0.9210531538443736,0.001708261617900172,0.666275493061469,0.06917658780008433,0.0,0.0,0.0,0.0,0.0,0.0,0.6025144965267136,0.09842506579626972,H03
0.9210531538443736,0.001708261617900172,0.666275493061469,0.06917658780008433,0.0,0.0,0.0,0.0,0.0,0.0,0.6025144965267136,0.09842506579626972,H03
0.745175909579931,0.5106775465186552,0.5750173331429503,0.021735365504890625,0.0,0.0,0.02165699539933946,0.0035890694923859214,0.002087646076794658,0.05764898530267985,0.005639816503784614,0.12862679266471924,H04
0.745175909579931,0.5106775465186552,0.5750173331429503,0.021735365504890625,0.0,0.0,0.02165699539933946,0.0035890694923859214,0.002087646076794658,0.05764898530267985,0.005639816503784614,0.12862679266471924,H04
0.745175909579931,0.5106775465186552,0.5750173331429503,0.021735365504890625,0.0,0.0,0.02165699539933946,0.0035890694923859214,0.002087646076794658,0.05764898530267985,0.005639816503784614,0.12862679266471924,H04
0.0,0.0,0.5058137835540079,0.0,0.0,0.0,0.9403279145629456,0.05589072982536284,0.06956050082767883,0.16153366180837508,0.6177996668346792,0.1694481072100617,H05
0.0,0.0,0.5058137835540079,0.0,0.0,0.0,0.9403279145629456,0.05589072982536284,0.06956050082767883,0.16153366180837508,0.6177996668346792,0.1694481072100617,H05
0.0,0.0,0.5058137835540079,0.0,0.0,0.0,0.9403279145629456,0.05589072982536284,0.06956050082767883,0.16153366180837508,0.6177996668346792,0.1694481072100617,H05
0.0023068583360102792,0.2351054458877941,0.10261522741701569,0.01216664486263232,0.06305638693574518,0.01813757350619636,0.0,0.0,0.014120890627057228,0.0018500000000000003,0.22336039326096263,0.48972215831201493,H06
0.0023068583360102792,0.2351054458877941,0.10261522741701569,0.01216664486263232,0.06305638693574518,0.01813757350619636,0.0,0.0,0.014120890627057228,0.0018500000000000003,0.22336039326096263,0.48972215831201493,H06
0.0023068583360102792,0.2351054458877941,0.10261522741701569,0.01216664486263232,0.06305638693574518,0.01813757350619636,0.0,0.0,0.014120890627057228,0.0018500000000000003,0.22336039326096263,0.48972215831201493,H06
0.0,0.0,0.5939699032670123,0.007369586739190161,0.058211647576415004,0.15259658929103398,0.0,0.024262702907317593,0.0,0.05380212994431703,0.0,0.529228186877376,H01
0.0,0.0,0.5939699032670123,0.007369586739190161,0.058211647576415004,0.15259658929103398,0.0,0.024262702907317593,0.0,0.05380212994431703,0.0,0.529228186877376,H01
0.0,0.0,0.5939699032670123,0.007369586739190161,0.058211647576415004,0.15259658929103398,0.0,0.024262702907317593,0.0,0.05380212994431703,0.0,0.529228186877376,H01
0.0711406455604939,0.12585476529183515,0.3924159455039129,0.03733894715374785,0.004621327254305977,0.12363279952321683,0.0,0.0,0.014041195337567695,0.0248847826522214,0.10171498255348116,0.493649377634664,H02
0.0711406455604939,0.12585476529183515,0.3924159455039129,0.03733894715374785,0.004621327254305977,0.12363279952321683,0.0,0.0,0.014041195337567695,0.0248847826522214,0.10171498255348116,0.493649377634664,H02
0.0711406455604939,0.12585476529183515,0.3924159455039129,0.03733894715374785,0.004621327254305977,0.12363279952321683,0.0,0.0,0.014041195337567695,0.0248847826522214,0.10171498255348116,0.493649377634664,H02
0.1459720101898977,0.004270058672280003,0.5516181434326431,0.07944295157128523,0.0,0.0,0.0,0.0,0.20936672918050778,0.0,0.27738594116751336,0.47891396869450953,H03
0.1459720101898977,0.004270058672280003,0.5516181434326431,0.07944295157128523,0.0,0.0,0.0,0.0,0.20936672918050778,0.0,0.27738594116751336,0.47891396869450953,H03
0.1459720101898977,0.004270058672280003,0.5516181434326431,0.07944295157128523,0.0,0.0,0.0,0.0,0.20936672918050778,0.0,0.27738594116751336,0.47891396869450953,H03
0.11126477753535316,0.4928235149920529,0.5050700945671851,0.025369619692594342,0.0,0.0,0.02082048600267861,0.0016826663061114116,0.002469624014896458,0.019277896925749164,0.007853344327658192,0.4819197796057455,H04
0.11126477753535316,0.4928235149920529,0.5050700945671851,0.025369619692594342,0.0,0.0,0.02082048600267861,0.0016826663061114116,0.002469624014896458,0.019277896925749164,0.007853344327658192,0.4819197796057455,H04
0.11126477753535316,0.4928235149920529,0.5050700945671851,0.025369619692594342,0.0,0.0,0.02082048600267861,0.0016826663061114116,0.002469624014896458,0.019277896925749164,0.007853344327658192,0.4819197796057455,H04
0.0,0.0,0.742928209330951,0.0,0.0,0.0,0.9586871744835541,0.06399584957530036,0.404759246929492,0.04539419980949984,0.7655831694607285,0.12437487846615725,H05
0.0,0.0,0.742928209330951,0.0,0.0,0.0,0.9586871744835541,0.06399584957530036,0.404759246929492,0.04539419980949984,0.7655831694607285,0.12437487846615725,H05
0.0,0.0,0.742928209330951,0.0,0.0,0.0,0.9586871744835541,0.06399584957530036,0.404759246929492,0.04539419980949984,0.7655831694607285,0.12437487846615725,H05
0.0,0.2195241636358634,0.12488510105227117,0.01947100375116845,0.08398583446625789,0.015719937450484677,0.0,0.0,0.013561461601528286,0.0018500000000000003,0.21406125740648574,0.4775381759556451,H06
0.0,0.2195241636358634,0.12488510105227117,0.01947100375116845,0.08398583446625789,0.015719937450484677,0.0,0.0,0.013561461601528286,0.0018500000000000003,0.21406125740648574,0.4775381759556451,H06
0.0,0.2195241636358634,0.12488510105227117,0.01947100375116845,0.08398583446625789,0.015719937450484677,0.0,0.0,0.013561461601528286,0.0018500000000000003,0.21406125740648574,0.4775381759556451,H06
0.0,0.0,0.5179686000598851,0.004732664194608275,0.055792393406453235,0.5046108916244749,0.0,0.4069034151915756,0.00379684969635975,0.5516630091504271,0.0,0.5204793794331164,H01
0.0,0.0,0.5179686000598851,0.004732664194608275,0.055792393406453235,0.5046108916244749,0.0,0.4069034151915756,0.00379684969635975,0.5516630091504271,0.0,0.5204793794331164,H01
0.0,0.0,0.5179686000598851,0.004732664194608275,0.055792393406453235,0.5046108916244749,0.0,0.4069034151915756,0.00379684969635975,0.5516630091504271,0.0,0.5204793794331164,H01
0.5885457593360897,0.15666842393370978,0.3395280020416191,0.01768331485266133,0.015083483747428551,0.5047997017293913,0.0,0.009201944074423814,0.00456709844313842,0.14494753164007185,0.12587082446787967,0.482189786593282,H02
0.5885457593360897,0.15666842393370978,0.3395280020416191,0.01768331485266133,0.015083483747428551,0.5047997017293913,0.0,0.009201944074423814,0.00456709844313842,0.14494753164007185,0.12587082446787967,0.482189786593282,H02
0.5885457593360897,0.15666842393370978,0.3395280020416191,0.01768331485266133,0.015083483747428551,0.5047997017293913,0.0,0.009201944074423814,0.00456709844313842,0.14494753164007185,0.12587082446787967,0.482189786593282,H02
0.7574984772626985,0.0,0.40915919936880096,0.04160134731023688,0.0,0.0,0.0,0.0,0.018762269971102245,0.0,0.6192226695788797,0.5011925722024821,H03
0.7574984772626985,0.0,0.40915919936880096,0.04160134731023688,0.0,0.0,0.0,0.0,0.018762269971102245,0.0,0.6192226695788797,0.5011925722024821,H03
0.7574984772626985,0.0,0.40915919936880096,0.04160134731023688,0.0,0.0,0.0,0.0,0.018762269971102245,0.0,0.6192226695788797,0.5011925722024821,H03
0.6186265836849046,0.5809285386219263,0.45871983647761355,0.014736391477622948,0.0,0.004817801721733713,0.023937820543784082,0.009201944074423814,0.002345567087657872,0.14073963136549664,0.016979105847510705,0.35143910546521395,H04
0.6186265836849046,0.5809285386219263,0.45871983647761355,0.014736391477622948,0.0,0.004817801721733713,0.023937820543784082,0.009201944074423814,0.002345567087657872,0.14073963136549664,0.016979105847510705,0.35143910546521395,H04
0.6186265836849046,0.5809285386219263,0.45871983647761355,0.014736391477622948,0.0,0.004817801721733713,0.023937820543784082,0.009201944074423814,0.002345567087657872,0.14073963136549664,0.016979105847510705,0.35143910546521395,H04
0.0,0.0,0.48004130544031215,0.0,0.0,0.0,0.9591419579384289,0.8133948774527489,0.1710357495593555,0.5427002710128662,0.7884374407274776,0.08994630949601097,H05
0.0,0.0,0.48004130544031215,0.0,0.0,0.0,0.9591419579384289,0.8133948774527489,0.1710357495593555,0.5427002710128662,0.7884374407274776,0.08994630949601097,H05
0.0,0.0,0.48004130544031215,0.0,0.0,0.0,0.9591419579384289,0.8133948774527489,0.1710357495593555,0.5427002710128662,0.7884374407274776,0.08994630949601097,H05
0.0,0.20714088952183274,0.14470704515036314,0.014725386165465289,0.10591962964791936,0.02223265722161292,0.0,0.0,0.0,0.0058992388110975956,0.13181194859031206,0.810515344758887,H06
0.0,0.20714088952183274,0.14470704515036314,0.014725386165465289,0.10591962964791936,0.02223265722161292,0.0,0.0,0.0,0.0058992388110975956,0.13181194859031206,0.810515344758887,H06
0.0,0.20714088952183274,0.14470704515036314,0.014725386165465289,0.10591962964791936,0.02223265722161292,0.0,0.0,0.0,0.0058992388110975956,0.13181194859031206,0.810515344758887,H06
0.0,0.0,0.5179686000598851,0.004732664194608275,0.055792393406453235,0.5046108916244749,0.0,0.4069034151915756,0.00379684969635975,0.5516630091504271,0.0,0.5204793794331164,H01
0.0,0.0,0.5179686000598851,0.004732664194608275,0.055792393406453235,0.5046108916244749,0.0,0.4069034151915756,0.00379684969635975,0.5516630091504271,0.0,0.5204793794331164,H01
0.0,0.0,0.5179686000598851,0.004732664194608275,0.055792393406453235,0.5046108916244749,0.0,0.4069034151915756,0.00379684969635975,0.5516630091504271,0.0,0.5204793794331164,H01
0.5885457593360897,0.15666842393370978,0.3395280020416191,0.01768331485266133,0.015083483747428551,0.5047997017293913,0.0,0.009201944074423814,0.00456709844313842,0.14494753164007185,0.12587082446787967,0.482189786593282,H02
0.5885457593360897,0.15666842393370978,0.3395280020416191,0.01768331485266133,0.015083483747428551,0.5047997017293913,0.0,0.009201944074423814,0.00456709844313842,0.14494753164007185,0.12587082446787967,0.482189786593282,H02
0.5885457593360897,0.15666842393370978,0.3395280020416191,0.01768331485266133,0.015083483747428551,0.5047997017293913,0.0,0.009201944074423814,0.00456709844313842,0.14494753164007185,0.12587082446787967,0.482189786593282,H02
0.7574984772626985,0.0,0.40915919936880096,0.04160134731023688,0.0,0.0,0.0,0.0,0.018762269971102245,0.0,0.6192226695788797,0.5011925722024821,H03
0.7574984772626985,0.0,0.40915919936880096,0.04160134731023688,0.0,0.0,0.0,0.0,0.018762269971102245,0.0,0.6192226695788797,0.5011925722024821,H03
0.7574984772626985,0.0,0.40915919936880096,0.04160134731023688,0.0,0.0,0.0,0.0,0.018762269971102245,0.0,0.6192226695788797,0.5011925722024821,H03
0.6186265836849046,0.5809285386219263,0.45871983647761355,0.014736391477622948,0.0,0.004817801721733713,0.023937820543784082,0.009201944074423814,0.002345567087657872,0.14073963136549664,0.016979105847510705,0.35143910546521395,H04
0.6186265836849046,0.5809285386219263,0.45871983647761355,0.014736391477622948,0.0,0.004817801721733713,0.023937820543784082,0.009201944074423814,0.002345567087657872,0.14073963136549664,0.016979105847510705,0.35143910546521395,H04
0.6186265836849046,0.5809285386219263,0.45871983647761355,0.014736391477622948,0.0,0.004817801721733713,0.023937820543784082,0.009201944074423814,0.002345567087657872,0.14073963136549664,0.016979105847510705,0.35143910546521395,H04
0.0,0.0,0.48004130544031215,0.0,0.0,0.0,0.9591419579384289,0.8133948774527489,0.1710357495593555,0.5427002710128662,0.7884374407274776,0.08994630949601097,H05
0.0,0.0,0.48004130544031215,0.0,0.0,0.0,0.9591419579384289,0.8133948774527489,0.1710357495593555,0.5427002710128662,0.7884374407274776,0.08994630949601097,H05
0.0,0.0,0.48004130544031215,0.0,0.0,0.0,0.9591419579384289,0.8133948774527489,0.1710357495593555,0.5427002710128662,0.7884374407274776,0.08994630949601097,H05
0.0,0.20714088952183274,0.14470704515036314,0.014725386165465289,0.10591962964791936,0.02223265722161292,0.0,0.0,0.0,0.0058992388110975956,0.13181194859031206,0.810515344758887,H06
0.0,0.20714088952183274,0.14470704515036314,0.014725386165465289,0.10591962964791936,0.02223265722161292,0.0,0.0,0.0,0.0058992388110975956,0.13181194859031206,0.810515344758887,H06
0.0,0.20714088952183274,0.14470704515036314,0.014725386165465289,0.10591962964791936,0.02223265722161292,0.0,0.0,0.0,0.0058992388110975956,0.13181194859031206,0.810515344758887,H06
0.0,0.0,0.5179686000598851,0.004732664194608275,0.055792393406453235,0.5046108916244749,0.0,0.4069034151915756,0.00379684969635975,0.5516630091504271,0.0,0.5204793794331164,H01
0.0,0.0,0.5179686000598851,0.004732664194608275,0.055792393406453235,0.5046108916244749,0.0,0.4069034151915756,0.00379684969635975,0.5516630091504271,0.0,0.5204793794331164,H01
0.0,0.0,0.5179686000598851,0.004732664194608275,0.055792393406453235,0.5046108916244749,0.0,0.4069034151915756,0.00379684969635975,0.5516630091504271,0.0,0.5204793794331164,H01
0.5885457593360897,0.15666842393370978,0.3395280020416191,0.01768331485266133,0.015083483747428551,0.5047997017293913,0.0,0.009201944074423814,0.00456709844313842,0.14494753164007185,0.12587082446787967,0.482189786593282,H02
0.5885457593360897,0.15666842393370978,0.3395280020416191,0.01768331485266133,0.015083483747428551,0.5047997017293913,0.0,0.009201944074423814,0.00456709844313842,0.14494753164007185,0.12587082446787967,0.482189786593282,H02
0.5885457593360897,0.15666842393370978,0.3395280020416191,0.01768331485266133,0.015083483747428551,0.5047997017293913,0.0,0.009201944074423814,0.00456709844313842,0.14494753164007185,0.12587082446787967,0.482189786593282,H02
0.7574984772626985,0.0,0.40915919936880096,0.04160134731023688,0.0,0.0,0.0,0.0,0.018762269971102245,0.0,0.6192226695788797,0.5011925722024821,H03
0.7574984772626985,0.0,0.40915919936880096,0.04160134731023688,0.0,0.0,0.0,0.0,0.018762269971102245,0.0,0.6192226695788797,0.5011925722024821,H03
0.7574984772626985,0.0,0.40915919936880096,0.04160134731023688,0.0,0.0,0.0,0.0,0.018762269971102245,0.0,0.6192226695788797,0.5011925722024821,H03
0.6186265836849046,0.5809285386219263,0.45871983647761355,0.014736391477622948,0.0,0.004817801721733713,0.023937820543784082,0.009201944074423814,0.002345567087657872,0.14073963136549664,0.016979105847510705,0.35143910546521395,H04
0.6186265836849046,0.5809285386219263,0.45871983647761355,0.014736391477622948,0.0,0.004817801721733713,0.023937820543784082,0.009201944074423814,0.002345567087657872,0.14073963136549664,0.016979105847510705,0.35143910546521395,H04
0.6186265836849046,0.5809285386219263,0.45871983647761355,0.014736391477622948,0.0,0.004817801721733713,0.023937820543784082,0.009201944074423814,0.002345567087657872,0.14073963136549664,0.016979105847510705,0.35143910546521395,H04
0.0,0.0,0.48004130544031215,0.0,0.0,0.0,0.9591419579384289,0.8133948774527489,0.1710357495593555,0.5427002710128662,0.7884374407274776,0.08994630949601097,H05
0.0,0.0,0.48004130544031215,0.0,0.0,0.0,0.9591419579384289,0.8133948774527489,0.1710357495593555,0.5427002710128662,0.7884374407274776,0.08994630949601097,H05
0.0,0.0,0.48004130544031215,0.0,0.0,0.0,0.9591419579384289,0.8133948774527489,0.1710357495593555,0.5427002710128662,0.7884374407274776,0.08994630949601097,H05
0.0,0.20714088952183274,0.14470704515036314,0.014725386165465289,0.10591962964791936,0.02223265722161292,0.0,0.0,0.0,0.0058992388110975956,0.13181194859031206,0.810515344758887,H06
0.0,0.20714088952183274,0.14470704515036314,0.014725386165465289,0.10591962964791936,0.02223265722161292,0.0,0.0,0.0,0.0058992388110975956,0.13181194859031206,0.810515344758887,H06
0.0,0.20714088952183274,0.14470704515036314,0.014725386165465289,0.10591962964791936,0.02223265722161292,0.0,0.0,0.0,0.0058992388110975956,0.13181194859031206,0.810515344758887,H06
0.0,0.0,0.5179686000598851,0.004732664194608275,0.055792393406453235,0.5046108916244749,0.0,0.4069034151915756,0.00379684969635975,0.5516630091504271,0.0,0.5204793794331164,H01
0.0,0.0,0.5179686000598851,0.004732664194608275,0.055792393406453235,0.5046108916244749,0.0,0.4069034151915756,0.00379684969635975,0.5516630091504271,0.0,0.5204793794331164,H01
0.0,0.0,0.5179686000598851,0.004732664194608275,0.055792393406453235,0.5046108916244749,0.0,0.4069034151915756,0.00379684969635975,0.5516630091504271,0.0,0.5204793794331164,H01
0.5885457593360897,0.15666842393370978,0.3395280020416191,0.01768331485266133,0.015083483747428551,0.5047997017293913,0.0,0.009201944074423814,0.00456709844313842,0.14494753164007185,0.12587082446787967,0.482189786593282,H02
0.5885457593360897,0.15666842393370978,0.3395280020416191,0.01768331485266133,0.015083483747428551,0.5047997017293913,0.0,0.009201944074423814,0.00456709844313842,0.14494753164007185,0.12587082446787967,0.482189786593282,H02
0.5885457593360897,0.15666842393370978,0.3395280020416191,0.01768331485266133,0.015083483747428551,0.5047997017293913,0.0,0.009201944074423814,0.00456709844313842,0.14494753164007185,0.12587082446787967,0.482189786593282,H02
0.7574984772626985,0.0,0.40915919936880096,0.04160134731023688,0.0,0.0,0.0,0.0,0.018762269971102245,0.0,0.6192226695788797,0.5011925722024821,H03
0.7574984772626985,0.0,0.40915919936880096,0.04160134731023688,0.0,0.0,0.0,0.0,0.018762269971102245,0.0,0.6192226695788797,0.5011925722024821,H03
0.7574984772626985,0.0,0.40915919936880096,0.04160134731023688,0.0,0.0,0.0,0.0,0.018762269971102245,0.0,0.6192226695788797,0.5011925722024821,H03
0.6186265836849046,0.5809285386219263,0.45871983647761355,0.014736391477622948,0.0,0.004817801721733713,0.023937820543784082,0.009201944074423814,0.002345567087657872,0.14073963136549664,0.016979105847510705,0.35143910546521395,H04
0.6186265836849046,0.5809285386219263,0.45871983647761355,0.014736391477622948,0.0,0.004817801721733713,0.023937820543784082,0.009201944074423814,0.002345567087657872,0.14073963136549664,0.016979105847510705,0.35143910546521395,H04
0.6186265836849046,0.5809285386219263,0.45871983647761355,0.014736391477622948,0.0,0.004817801721733713,0.023937820543784082,0.009201944074423814,0.002345567087657872,0.14073963136549664,0.016979105847510705,0.35143910546521395,H04
0.0,0.0,0.48004130544031215,0.0,0.0,0.0,0.9591419579384289,0.8133948774527489,0.1710357495593555,0.5427002710128662,0.7884374407274776,0.08994630949601097,H05
0.0,0.0,0.48004130544031215,0.0,0.0,0.0,0.9591419579384289,0.8133948774527489,0.1710357495593555,0.5427002710128662,0.7884374407274776,0.08994630949601097,H05
0.0,0.0,0.48004130544031215,0.0,0.0,0.0,0.9591419579384289,0.8133948774527489,0.1710357495593555,0.5427002710128662,0.7884374407274776,0.08994630949601097,H05
0.0,0.20714088952183274,0.14470704515036314,0.014725386165465289,0.10591962964791936,0.02223265722161292,0.0,0.0,0.0,0.0058992388110975956,0.13181194859031206,0.810515344758887,H06
0.0,0.20714088952183274,0.14470704515036314,0.014725386165465289,0.10591962964791936,0.02223265722161292,0.0,0.0,0.0,0.0058992388110975956,0.13181194859031206,0.810515344758887,H06
0.0,0.20714088952183274,0.14470704515036314,0.014725386165465289,0.10591962964791936,0.02223265722161292,0.0,0.0,0.0,0.0058992388110975956,0.13181194859031206,0.810515344758887,H06
0.0,0.0,0.5179686000598851,0.004732664194608275,0.055792393406453235,0.5046108916244749,0.0,0.4069034151915756,0.00379684969635975,0.5516630091504271,0.0,0.5204793794331164,H01
0.0,0.0,0.5179686000598851,0.004732664194608275,0.055792393406453235,0.5046108916244749,0.0,0.4069034151915756,0.00379684969635975,0.5516630091504271,0.0,0.5204793794331164,H01
0.0,0.0,0.5179686000598851,0.004732664194608275,0.055792393406453235,0.5046108916244749,0.0,0.4069034151915756,0.00379684969635975,0.5516630091504271,0.0,0.5204793794331164,H01
0.5885457593360897,0.15666842393370978,0.3395280020416191,0.01768331485266133,0.015083483747428551,0.5047997017293913,0.0,0.009201944074423814,0.00456709844313842,0.14494753164007185,0.12587082446787967,0.482189786593282,H02
0.5885457593360897,0.15666842393370978,0.3395280020416191,0.01768331485266133,0.015083483747428551,0.5047997017293913,0.0,0.009201944074423814,0.00456709844313842,0.14494753164007185,0.12587082446787967,0.482189786593282,H02
0.5885457593360897,0.15666842393370978,0.3395280020416191,0.01768331485266133,0.015083483747428551,0.5047997017293913,0.0,0.009201944074423814,0.00456709844313842,0.14494753164007185,0.12587082446787967,0.482189786593282,H02
0.7574984772626985,0.0,0.40915919936880096,0.04160134731023688,0.0,0.0,0.0,0.0,0.018762269971102245,0.0,0.6192226695788797,0.5011925722024821,H03
0.7574984772626985,0.0,0.40915919936880096,0.04160134731023688,0.0,0.0,0.0,0.0,0.018762269971102245,0.0,0.6192226695788797,0.5011925722024821,H03
0.7574984772626985,0.0,0.40915919936880096,0.04160134731023688,0.0,0.0,0.0,0.0,0.018762269971102245,0.0,0.6192226695788797,0.5011925722024821,H03
0.6186265836849046,0.5809285386219263,0.45871983647761355,0.014736391477622948,0.0,0.004817801721733713,0.023937820543784082,0.009201944074423814,0.002345567087657872,0.14073963136549664,0.016979105847510705,0.35143910546521395,H04
0.6186265836849046,0.5809285386219263,0.45871983647761355,0.014736391477622948,0.0,0.004817801721733713,0.023937820543784082,0.009201944074423814,0.002345567087657872,0.14073963136549664,0.016979105847510705,0.35143910546521395,H04
0.6186265836849046,0.5809285386219263,0.45871983647761355,0.014736391477622948,0.0,0.004817801721733713,0.023937820543784082,0.009201944074423814,0.002345567087657872,0.14073963136549664,0.016979105847510705,0.35143910546521395,H04
0.0,0.0,0.48004130544031215,0.0,0.0,0.0,0.9591419579384289,0.8133948774527489,0.1710357495593555,0.5427002710128662,0.7884374407274776,0.08994630949601097,H05
0.0,0.0,0.48004130544031215,0.0,0.0,0.0,0.9591419579384289,0.8133948774527489,0.1710357495593555,0.5427002710128662,0.7884374407274776,0.08994630949601097,H05
0.0,0.0,0.48004130544031215,0.0,0.0,0.0,0.9591419579384289,0.8133948774527489,0.1710357495593555,0.5427002710128662,0.7884374407274776,0.08994630949601097,H05
0.0,0.20714088952183274,0.14470704515036314,0.014725386165465289,0.10591962964791936,0.02223265722161292,0.0,0.0,0.0,0.0058992388110975956,0.13181194859031206,0.810515344758887,H06
0.0,0.20714088952183274,0.14470704515036314,0.014725386165465289,0.10591962964791936,0.02223265722161292,0.0,0.0,0.0,0.0058992388110975956,0.13181194859031206,0.810515344758887,H06
0.0,0.20714088952183274,0.14470704515036314,0.014725386165465289,0.10591962964791936,0.02223265722161292,0.0,0.0,0.0,0.0058992388110975956,0.13181194859031206,0.810515344758887,H06
0.0,0.0,0.5179686000598851,0.004732664194608275,0.055792393406453235,0.5046108916244749,0.0,0.4069034151915756,0.00379684969635975,0.5516630091504271,0.0,0.5204793794331164,H01
0.0,0.0,0.5179686000598851,0.004732664194608275,0.055792393406453235,0.5046108916244749,0.0,0.4069034151915756,0.00379684969635975,0.5516630091504271,0.0,0.5204793794331164,H01
0.0,0.0,0.5179686000598851,0.004732664194608275,0.055792393406453235,0.5046108916244749,0.0,0.4069034151915756,0.00379684969635975,0.5516630091504271,0.0,0.5204793794331164,H01
0.5885457593360897,0.15666842393370978,0.3395280020416191,0.01768331485266133,0.015083483747428551,0.5047997017293913,0.0,0.009201944074423814,0.00456709844313842,0.14494753164007185,0.12587082446787967,0.482189786593282,H02
0.5885457593360897,0.15666842393370978,0.3395280020416191,0.01768331485266133,0.015083483747428551,0.5047997017293913,0.0,0.009201944074423814,0.00456709844313842,0.14494753164007185,0.12587082446787967,0.482189786593282,H02
0.5885457593360897,0.15666842393370978,0.3395280020416191,0.01768331485266133,0.015083483747428551,0.5047997017293913,0.0,0.009201944074423814,0.00456709844313842,0.14494753164007185,0.12587082446787967,0.482189786593282,H02
0.7574984772626985,0.0,0.40915919936880096,0.04160134731023688,0.0,0.0,0.0,0.0,0.018762269971102245,0.0,0.6192226695788797,0.5011925722024821,H03
0.7574984772626985,0.0,0.40915919936880096,0.04160134731023688,0.0,0.0,0.0,0.0,0.018762269971102245,0.0,0.6192226695788797,0.5011925722024821,H03
0.7574984772626985,0.0,0.40915919936880096,0.04160134731023688,0.0,0.0,0.0,0.0,0.018762269971102245,0.0,0.6192226695788797,0.5011925722024821,H03
0.6186265836849046,0.5809285386219263,0.45871983647761355,0.014736391477622948,0.0,0.004817801721733713,0.023937820543784082,0.009201944074423814,0.002345567087657872,0.14073963136549664,0.016979105847510705,0.35143910546521395,H04
0.6186265836849046,0.5809285386219263,0.45871983647761355,0.014736391477622948,0.0,0.004817801721733713,0.023937820543784082,0.009201944074423814,0.002345567087657872,0.14073963136549664,0.016979105847510705,0.35143910546521395,H04
0.6186265836849046,0.5809285386219263,0.45871983647761355,0.014736391477622948,0.0,0.004817801721733713,0.023937820543784082,0.009201944074423814,0.002345567087657872,0.14073963136549664,0.016979105847510705,0.35143910546521395,H04
0.0,0.0,0.48004130544031215,0.0,0.0,0.0,0.9591419579384289,0.8133948774527489,0.1710357495593555,0.5427002710128662,0.7884374407274776,0.08994630949601097,H05
0.0,0.0,0.48004130544031215,0.0,0.0,0.0,0.9591419579384289,0.8133948774527489,0.1710357495593555,0.5427002710128662,0.7884374407274776,0.08994630949601097,H05
0.0,0.0,0.48004130544031215,0.0,0.0,0.0,0.9591419579384289,0.8133948774527489,0.1710357495593555,0.5427002710128662,0.7884374407274776,0.08994630949601097,H05
0.0,0.20714088952183274,0.14470704515036314,0.014725386165465289,0.10591962964791936,0.02223265722161292,0.0,0.0,0.0,0.0058992388110975956,0.13181194859031206,0.810515344758887,H06
0.0,0.20714088952183274,0.14470704515036314,0.014725386165465289,0.10591962964791936,0.02223265722161292,0.0,0.0,0.0,0.0058992388110975956,0.13181194859031206,0.810515344758887,H06
0.0,0.20714088952183274,0.14470704515036314,0.014725386165465289,0.10591962964791936,0.02223265722161292,0.0,0.0,0.0,0.0058992388110975956,0.13181194859031206,0.810515344758887,H06
0.0,0.0,0.02349706405306061,0.0,0.1520873498889227,0.4643816023691131,0.0,0.009288054982997904,0.0,0.006927129105746797,0.0,0.6563429346895292,H01
0.0,0.0,0.02349706405306061,0.0,0.1520873498889227,0.4643816023691131,0.0,0.009288054982997904,0.0,0.006927129105746797,0.0,0.6563429346895292,H01
0.0,0.0,0.02349706405306061,0.0,0.1520873498889227,0.4643816023691131,0.0,0.009288054982997904,0.0,0.006927129105746797,0.0,0.6563429346895292,H01
0.027332436834833784,0.015754086643392808,0.014453729540675227,0.0,0.014873085144872879,0.4717435151592359,0.0,0.0,0.0,0.00649845803063952,0.008200902982109362,0.8341910431728538,H02
0.027332436834833784,0.015754086643392808,0.014453729540675227,0.0,0.014873085144872879,0.4717435151592359,0.0,0.0,0.0,0.00649845803063952,0.008200902982109362,0.8341910431728538,H02
0.027332436834833784,0.015754086643392808,0.014453729540675227,0.0,0.014873085144872879,0.4717435151592359,0.0,0.0,0.0,0.00649845803063952,0.008200902982109362,0.8341910431728538,H02
0.06867819320229399,0.0,0.023122328720268173,0.004619082753770976,0.0,0.0,0.0,0.0,0.01112637286860531,0.0,0.0413358160996509,0.9833750301542313,H03
0.06867819320229399,0.0,0.023122328720268173,0.004619082753770976,0.0,0.0,0.0,0.0,0.01112637286860531,0.0,0.0413358160996509,0.9833750301542313,H03
0.06867819320229399,0.0,0.023122328720268173,0.004619082753770976,0.0,0.0,0.0,0.0,0.01112637286860531,0.0,0.0413358160996509,0.9833750301542313,H03
0.038619680496904625,0.07226974426058384,0.01485112383101459,0.00235607160135462,0.0,0.004881465046229817,0.021855782938449298,0.0,0.0,0.0038657046899856673,0.0,0.9793404171493983,H04
0.038619680496904625,0.07226974426058384,0.01485112383101459,0.00235607160135462,0.0,0.004881465046229817,0.021855782938449298,0.0,0.0,0.0038657046899856673,0.0,0.9793404171493983,H04
0.038619680496904625,0.07226974426058384,0.01485112383101459,0.00235607160135462,0.0,0.004881465046229817,0.021855782938449298,0.0,0.0,0.0038657046899856673,0.0,0.9793404171493983,H04
0.0,0.0,0.03293714555136537,0.0,0.0,0.0,0.9574636107842445,0.016210985617195986,0.01308064296671041,0.012860902670533508,0.052802641765917493,0.38768114458532976,H05
0.0,0.0,0.03293714555136537,0.0,0.0,0.0,0.9574636107842445,0.016210985617195986,0.01308064296671041,0.012860902670533508,0.052802641765917493,0.38768114458532976,H05
0.0,0.0,0.03293714555136537,0.0,0.0,0.0,0.9574636107842445,0.016210985617195986,0.01308064296671041,0.012860902670533508,0.052802641765917493,0.38768114458532976,H05
0.0,0.03220776019699759,0.0010362997658079625,0.0,0.1547685991028912,0.016343384954775192,0.0,0.0,0.0,0.0,0.01736934467932108,0.9000557564336893,H06
0.0,0.03220776019699759,0.0010362997658079625,0.0,0.1547685991028912,0.016343384954775192,0.0,0.0,0.0,0.0,0.01736934467932108,0.9000557564336893,H06
0.0,0.03220776019699759,0.0010362997658079625,0.0,0.1547685991028912,0.016343384954775192,0.0,0.0,0.0,0.0,0.01736934467932108,0.9000557564336893,H06
0.0,0.0,0.02349706405306061,0.0,0.1520873498889227,0.4643816023691131,0.0,0.009288054982997904,0.0,0.006927129105746797,0.0,0.6563429346895292,H01
0.0,0.0,0.02349706405306061,0.0,0.1520873498889227,0.4643816023691131,0.0,0.009288054982997904,0.0,0.006927129105746797,0.0,0.6563429346895292,H01
0.0,0.0,0.02349706405306061,0.0,0.1520873498889227,0.4643816023691131,0.0,0.009288054982997904,0.0,0.006927129105746797,0.0,0.6563429346895292,H01
0.027332436834833784,0.015754086643392808,0.014453729540675227,0.0,0.014873085144872879,0.4717435151592359,0.0,0.0,0.0,0.00649845803063952,0.008200902982109362,0.8341910431728538,H02
0.027332436834833784,0.015754086643392808,0.014453729540675227,0.0,0.014873085144872879,0.4717435151592359,0.0,0.0,0.0,0.00649845803063952,0.008200902982109362,0.8341910431728538,H02
0.027332436834833784,0.015754086643392808,0.014453729540675227,0.0,0.014873085144872879,0.4717435151592359,0.0,0.0,0.0,0.00649845803063952,0.008200902982109362,0.8341910431728538,H02
0.06867819320229399,0.0,0.023122328720268173,0.004619082753770976,0.0,0.0,0.0,0.0,0.01112637286860531,0.0,0.0413358160996509,0.9833750301542313,H03
0.06867819320229399,0.0,0.023122328720268173,0.004619082753770976,0.0,0.0,0.0,0.0,0.01112637286860531,0.0,0.0413358160996509,0.9833750301542313,H03
0.06867819320229399,0.0,0.023122328720268173,0.004619082753770976,0.0,0.0,0.0,0.0,0.01112637286860531,0.0,0.0413358160996509,0.9833750301542313,H03
0.038619680496904625,0.07226974426058384,0.01485112383101459,0.00235607160135462,0.0,0.004881465046229817,0.021855782938449298,0.0,0.0,0.0038657046899856673,0.0,0.9793404171493983,H04
0.038619680496904625,0.07226974426058384,0.01485112383101459,0.00235607160135462,0.0,0.004881465046229817,0.021855782938449298,0.0,0.0,0.0038657046899856673,0.0,0.9793404171493983,H04
0.038619680496904625,0.07226974426058384,0.01485112383101459,0.00235607160135462,0.0,0.004881465046229817,0.021855782938449298,0.0,0.0,0.0038657046899856673,0.0,0.9793404171493983,H04
0.0,0.0,0.03293714555136537,0.0,0.0,0.0,0.9574636107842445,0.016210985617195986,0.01308064296671041,0.012860902670533508,0.052802641765917493,0.38768114458532976,H05
0.0,0.0,0.03293714555136537,0.0,0.0,0.0,0.9574636107842445,0.016210985617195986,0.01308064296671041,0.012860902670533508,0.052802641765917493,0.38768114458532976,H05
0.0,0.0,0.03293714555136537,0.0,0.0,0.0,0.9574636107842445,0.016210985617195986,0.01308064296671041,0.012860902670533508,0.052802641765917493,0.38768114458532976,H05
0.0,0.03220776019699759,0.0010362997658079625,0.0,0.1547685991028912,0.016343384954775192,0.0,0.0,0.0,0.0,0.01736934467932108,0.9000557564336893,H06
0.0,0.03220776019699759,0.0010362997658079625,0.0,0.1547685991028912,0.016343384954775192,0.0,0.0,0.0,0.0,0.01736934467932108,0.9000557564336893,H06
0.0,0.03220776019699759,0.0010362997658079625,0.0,0.1547685991028912,0.016343384954775192,0.0,0.0,0.0,0.0,0.01736934467932108,0.9000557564336893,H06
0.0,0.0,0.02349706405306061,0.0,0.1520873498889227,0.4643816023691131,0.0,0.009288054982997904,0.0,0.006927129105746797,0.0,0.6563429346895292,H01
0.0,0.0,0.02349706405306061,0.0,0.1520873498889227,0.4643816023691131,0.0,0.009288054982997904,0.0,0.006927129105746797,0.0,0.6563429346895292,H01
0.0,0.0,0.02349706405306061,0.0,0.1520873498889227,0.4643816023691131,0.0,0.009288054982997904,0.0,0.006927129105746797,0.0,0.6563429346895292,H01
0.027332436834833784,0.015754086643392808,0.014453729540675227,0.0,0.014873085144872879,0.4717435151592359,0.0,0.0,0.0,0.00649845803063952,0.008200902982109362,0.8341910431728538,H02
0.027332436834833784,0.015754086643392808,0.014453729540675227,0.0,0.014873085144872879,0.4717435151592359,0.0,0.0,0.0,0.00649845803063952,0.008200902982109362,0.8341910431728538,H02
0.027332436834833784,0.015754086643392808,0.014453729540675227,0.0,0.014873085144872879,0.4717435151592359,0.0,0.0,0.0,0.00649845803063952,0.008200902982109362,0.8341910431728538,H02
0.06867819320229399,0.0,0.023122328720268173,0.004619082753770976,0.0,0.0,0.0,0.0,0.01112637286860531,0.0,0.0413358160996509,0.9833750301542313,H03
0.06867819320229399,0.0,0.023122328720268173,0.004619082753770976,0.0,0.0,0.0,0.0,0.01112637286860531,0.0,0.0413358160996509,0.9833750301542313,H03
0.06867819320229399,0.0,0.023122328720268173,0.004619082753770976,0.0,0.0,0.0,0.0,0.01112637286860531,0.0,0.0413358160996509,0.9833750301542313,H03
0.038619680496904625,0.07226974426058384,0.01485112383101459,0.00235607160135462,0.0,0.004881465046229817,0.021855782938449298,0.0,0.0,0.0038657046899856673,0.0,0.9793404171493983,H04
0.038619680496904625,0.07226974426058384,0.01485112383101459,0.00235607160135462,0.0,0.004881465046229817,0.021855782938449298,0.0,0.0,0.0038657046899856673,0.0,0.9793404171493983,H04
0.038619680496904625,0.07226974426058384,0.01485112383101459,0.00235607160135462,0.0,0.004881465046229817,0.021855782938449298,0.0,0.0,0.0038657046899856673,0.0,0.9793404171493983,H04
0.0,0.0,0.03293714555136537,0.0,0.0,0.0,0.9574636107842445,0.016210985617195986,0.01308064296671041,0.012860902670533508,0.052802641765917493,0.38768114458532976,H05
0.0,0.0,0.03293714555136537,0.0,0.0,0.0,0.9574636107842445,0.016210985617195986,0.01308064296671041,0.012860902670533508,0.052802641765917493,0.38768114458532976,H05
0.0,0.0,0.03293714555136537,0.0,0.0,0.0,0.9574636107842445,0.016210985617195986,0.01308064296671041,0.012860902670533508,0.052802641765917493,0.38768114458532976,H05
0.0,0.03220776019699759,0.0010362997658079625,0.0,0.1547685991028912,0.016343384954775192,0.0,0.0,0.0,0.0,0.01736934467932108,0.9000557564336893,H06
0.0,0.03220776019699759,0.0010362997658079625,0.0,0.1547685991028912,0.016343384954775192,0.0,0.0,0.0,0.0,0.01736934467932108,0.9000557564336893,H06
0.0,0.03220776019699759,0.0010362997658079625,0.0,0.1547685991028912,0.016343384954775192,0.0,0.0,0.0,0.0,0.01736934467932108,0.9000557564336893,H06
0.0,0.0,0.5179686000598851,0.004732664194608275,0.055792393406453235,0.5046108916244749,0.0,0.4069034151915756,0.00379684969635975,0.5516630091504271,0.0,0.5204793794331164,H01
0.0,0.0,0.5179686000598851,0.004732664194608275,0.055792393406453235,0.5046108916244749,0.0,0.4069034151915756,0.00379684969635975,0.5516630091504271,0.0,0.5204793794331164,H01
0.0,0.0,0.5179686000598851,0.004732664194608275,0.055792393406453235,0.5046108916244749,0.0,0.4069034151915756,0.00379684969635975,0.5516630091504271,0.0,0.5204793794331164,H01
0.5885457593360897,0.15666842393370978,0.3395280020416191,0.01768331485266133,0.015083483747428551,0.5047997017293913,0.0,0.009201944074423814,0.00456709844313842,0.14494753164007185,0.12587082446787967,0.482189786593282,H02
0.5885457593360897,0.15666842393370978,0.3395280020416191,0.01768331485266133,0.015083483747428551,0.5047997017293913,0.0,0.009201944074423814,0.00456709844313842,0.14494753164007185,0.12587082446787967,0.482189786593282,H02
0.5885457593360897,0.15666842393370978,0.3395280020416191,0.01768331485266133,0.015083483747428551,0.5047997017293913,0.0,0.009201944074423814,0.00456709844313842,0.14494753164007185,0.12587082446787967,0.482189786593282,H02
0.7574984772626985,0.0,0.40915919936880096,0.04160134731023688,0.0,0.0,0.0,0.0,0.018762269971102245,0.0,0.6192226695788797,0.5011925722024821,H03
0.7574984772626985,0.0,0.40915919936880096,0.04160134731023688,0.0,0.0,0.0,0.0,0.018762269971102245,0.0,0.6192226695788797,0.5011925722024821,H03
0.7574984772626985,0.0,0.40915919936880096,0.04160134731023688,0.0,0.0,0.0,0.0,0.018762269971102245,0.0,0.6192226695788797,0.5011925722024821,H03
0.6186265836849046,0.5809285386219263,0.45871983647761355,0.014736391477622948,0.0,0.004817801721733713,0.023937820543784082,0.009201944074423814,0.002345567087657872,0.14073963136549664,0.016979105847510705,0.35143910546521395,H04
0.6186265836849046,0.5809285386219263,0.45871983647761355,0.014736391477622948,0.0,0.004817801721733713,0.023937820543784082,0.009201944074423814,0.002345567087657872,0.14073963136549664,0.016979105847510705,0.35143910546521395,H04
0.6186265836849046,0.5809285386219263,0.45871983647761355,0.014736391477622948,0.0,0.004817801721733713,0.023937820543784082,0.009201944074423814,0.002345567087657872,0.14073963136549664,0.016979105847510705,0.35143910546521395,H04
0.0,0.0,0.48004130544031215,0.0,0.0,0.0,0.9591419579384289,0.8133948774527489,0.1710357495593555,0.5427002710128662,0.7884374407274776,0.08994630949601097,H05
0.0,0.0,0.48004130544031215,0.0,0.0,0.0,0.9591419579384289,0.8133948774527489,0.1710357495593555,0.5427002710128662,0.7884374407274776,0.08994630949601097,H05
0.0,0.0,0.48004130544031215,0.0,0.0,0.0,0.9591419579384289,0.8133948774527489,0.1710357495593555,0.5427002710128662,0.7884374407274776,0.08994630949601097,H05
0.0,0.20714088952183274,0.14470704515036314,0.014725386165465289,0.10591962964791936,0.02223265722161292,0.0,0.0,0.0,0.0058992388110975956,0.13181194859031206,0.810515344758887,H06
0.0,0.20714088952183274,0.14470704515036314,0.014725386165465289,0.10591962964791936,0.02223265722161292,0.0,0.0,0.0,0.0058992388110975956,0.13181194859031206,0.810515344758887,H06
0.0,0.20714088952183274,0.14470704515036314,0.014725386165465289,0.10591962964791936,0.02223265722161292,0.0,0.0,0.0,0.0058992388110975956,0.13181194859031206,0.810515344758887,H06
0.0,0.0,0.5179686000598851,0.004732664194608275,0.055792393406453235,0.5046108916244749,0.0,0.4069034151915756,0.00379684969635975,0.5516630091504271,0.0,0.5204793794331164,H01
0.0,0.0,0.5179686000598851,0.004732664194608275,0.055792393406453235,0.5046108916244749,0.0,0.4069034151915756,0.00379684969635975,0.5516630091504271,0.0,0.5204793794331164,H01
0.0,0.0,0.5179686000598851,0.004732664194608275,0.055792393406453235,0.5046108916244749,0.0,0.4069034151915756,0.00379684969635975,0.5516630091504271,0.0,0.5204793794331164,H01
0.5885457593360897,0.15666842393370978,0.3395280020416191,0.01768331485266133,0.015083483747428551,0.5047997017293913,0.0,0.009201944074423814,0.00456709844313842,0.14494753164007185,0.12587082446787967,0.482189786593282,H02
0.5885457593360897,0.15666842393370978,0.3395280020416191,0.01768331485266133,0.015083483747428551,0.5047997017293913,0.0,0.009201944074423814,0.00456709844313842,0.14494753164007185,0.12587082446787967,0.482189786593282,H02
0.5885457593360897,0.15666842393370978,0.3395280020416191,0.01768331485266133,0.015083483747428551,0.5047997017293913,0.0,0.009201944074423814,0.00456709844313842,0.14494753164007185,0.12587082446787967,0.482189786593282,H02
0.7574984772626985,0.0,0.40915919936880096,0.04160134731023688,0.0,0.0,0.0,0.0,0.018762269971102245,0.0,0.6192226695788797,0.5011925722024821,H03
0.7574984772626985,0.0,0.40915919936880096,0.04160134731023688,0.0,0.0,0.0,0.0,0.018762269971102245,0.0,0.6192226695788797,0.5011925722024821,H03
0.7574984772626985,0.0,0.40915919936880096,0.04160134731023688,0.0,0.0,0.0,0.0,0.018762269971102245,0.0,0.6192226695788797,0.5011925722024821,H03
0.6186265836849046,0.5809285386219263,0.45871983647761355,0.014736391477622948,0.0,0.004817801721733713,0.023937820543784082,0.009201944074423814,0.002345567087657872,0.14073963136549664,0.016979105847510705,0.35143910546521395,H04
0.6186265836849046,0.5809285386219263,0.45871983647761355,0.014736391477622948,0.0,0.004817801721733713,0.023937820543784082,0.009201944074423814,0.002345567087657872,0.14073963136549664,0.016979105847510705,0.35143910546521395,H04
0.6186265836849046,0.5809285386219263,0.45871983647761355,0.014736391477622948,0.0,0.004817801721733713,0.023937820543784082,0.009201944074423814,0.002345567087657872,0.14073963136549664,0.016979105847510705,0.35143910546521395,H04
0.0,0.0,0.48004130544031215,0.0,0.0,0.0,0.9591419579384289,0.8133948774527489,0.1710357495593555,0.5427002710128662,0.7884374407274776,0.08994630949601097,H05
0.0,0.0,0.48004130544031215,0.0,0.0,0.0,0.9591419579384289,0.8133948774527489,0.1710357495593555,0.5427002710128662,0.7884374407274776,0.08994630949601097,H05
0.0,0.0,0.48004130544031215,0.0,0.0,0.0,0.9591419579384289,0.8133948774527489,0.1710357495593555,0.5427002710128662,0.7884374407274776,0.08994630949601097,H05
0.0,0.20714088952183274,0.14470704515036314,0.014725386165465289,0.10591962964791936,0.02223265722161292,0.0,0.0,0.0,0.0058992388110975956,0.13181194859031206,0.810515344758887,H06
0.0,0.20714088952183274,0.14470704515036314,0.014725386165465289,0.10591962964791936,0.02223265722161292,0.0,0.0,0.0,0.0058992388110975956,0.13181194859031206,0.810515344758887,H06
0.0,0.20714088952183274,0.14470704515036314,0.014725386165465289,0.10591962964791936,0.02223265722161292,0.0,0.0,0.0,0.0058992388110975956,0.13181194859031206,0.810515344758887,H06
0.0,0.0,0.5179686000598851,0.004732664194608275,0.055792393406453235,0.5046108916244749,0.0,0.4069034151915756,0.00379684969635975,0.5516630091504271,0.0,0.5204793794331164,H01
0.0,0.0,0.5179686000598851,0.004732664194608275,0.055792393406453235,0.5046108916244749,0.0,0.4069034151915756,0.00379684969635975,0.5516630091504271,0.0,0.5204793794331164,H01
0.0,0.0,0.5179686000598851,0.004732664194608275,0.055792393406453235,0.5046108916244749,0.0,0.4069034151915756,0.00379684969635975,0.5516630091504271,0.0,0.5204793794331164,H01
0.5885457593360897,0.15666842393370978,0.3395280020416191,0.01768331485266133,0.015083483747428551,0.5047997017293913,0.0,0.009201944074423814,0.00456709844313842,0.14494753164007185,0.12587082446787967,0.482189786593282,H02
0.5885457593360897,0.15666842393370978,0.3395280020416191,0.01768331485266133,0.015083483747428551,0.5047997017293913,0.0,0.009201944074423814,0.00456709844313842,0.14494753164007185,0.12587082446787967,0.482189786593282,H02
0.5885457593360897,0.15666842393370978,0.3395280020416191,0.01768331485266133,0.015083483747428551,0.5047997017293913,0.0,0.009201944074423814,0.00456709844313842,0.14494753164007185,0.12587082446787967,0.482189786593282,H02
0.7574984772626985,0.0,0.40915919936880096,0.04160134731023688,0.0,0.0,0.0,0.0,0.018762269971102245,0.0,0.6192226695788797,0.5011925722024821,H03
0.7574984772626985,0.0,0.40915919936880096,0.04160134731023688,0.0,0.0,0.0,0.0,0.018762269971102245,0.0,0.6192226695788797,0.5011925722024821,H03
0.7574984772626985,0.0,0.40915919936880096,0.04160134731023688,0.0,0.0,0.0,0.0,0.018762269971102245,0.0,0.6192226695788797,0.5011925722024821,H03
0.6186265836849046,0.5809285386219263,0.45871983647761355,0.014736391477622948,0.0,0.004817801721733713,0.023937820543784082,0.009201944074423814,0.002345567087657872,0.14073963136549664,0.016979105847510705,0.35143910546521395,H04
0.6186265836849046,0.5809285386219263,0.45871983647761355,0.014736391477622948,0.0,0.004817801721733713,0.023937820543784082,0.009201944074423814,0.002345567087657872,0.14073963136549664,0.016979105847510705,0.35143910546521395,H04
0.6186265836849046,0.5809285386219263,0.45871983647761355,0.014736391477622948,0.0,0.004817801721733713,0.023937820543784082,0.009201944074423814,0.002345567087657872,0.14073963136549664,0.016979105847510705,0.35143910546521395,H04
0.0,0.0,0.48004130544031215,0.0,0.0,0.0,0.9591419579384289,0.8133948774527489,0.1710357495593555,0.5427002710128662,0.7884374407274776,0.08994630949601097,H05
0.0,0.0,0.48004130544031215,0.0,0.0,0.0,0.9591419579384289,0.8133948774527489,0.1710357495593555,0.5427002710128662,0.7884374407274776,0.08994630949601097,H05
0.0,0.0,0.48004130544031215,0.0,0.0,0.0,0.9591419579384289,0.8133948774527489,0.1710357495593555,0.5427002710128662,0.7884374407274776,0.08994630949601097,H05
0.0,0.20714088952183274,0.14470704515036314,0.014725386165465289,0.10591962964791936,0.02223265722161292,0.0,0.0,0.0,0.0058992388110975956,0.13181194859031206,0.810515344758887,H06
0.0,0.20714088952183274,0.14470704515036314,0.014725386165465289,0.10591962964791936,0.02223265722161292,0.0,0.0,0.0,0.0058992388110975956,0.13181194859031206,0.810515344758887,H06
0.0,0.20714088952183274,0.14470704515036314,0.014725386165465289,0.10591962964791936,0.02223265722161292,0.0,0.0,0.0,0.0058992388110975956,0.13181194859031206,0.810515344758887,H06
0.0,0.0,0.5179686000598851,0.004732664194608275,0.055792393406453235,0.5046108916244749,0.0,0.4069034151915756,0.00379684969635975,0.5516630091504271,0.0,0.5204793794331164,H01
0.0,0.0,0.5179686000598851,0.004732664194608275,0.055792393406453235,0.5046108916244749,0.0,0.4069034151915756,0.00379684969635975,0.5516630091504271,0.0,0.5204793794331164,H01
0.0,0.0,0.5179686000598851,0.004732664194608275,0.055792393406453235,0.5046108916244749,0.0,0.4069034151915756,0.00379684969635975,0.5516630091504271,0.0,0.5204793794331164,H01
0.5885457593360897,0.15666842393370978,0.3395280020416191,0.01768331485266133,0.015083483747428551,0.5047997017293913,0.0,0.009201944074423814,0.00456709844313842,0.14494753164007185,0.12587082446787967,0.482189786593282,H02
0.5885457593360897,0.15666842393370978,0.3395280020416191,0.01768331485266133,0.015083483747428551,0.5047997017293913,0.0,0.009201944074423814,0.00456709844313842,0.14494753164007185,0.12587082446787967,0.482189786593282,H02
0.5885457593360897,0.15666842393370978,0.3395280020416191,0.01768331485266133,0.015083483747428551,0.5047997017293913,0.0,0.009201944074423814,0.00456709844313842,0.14494753164007185,0.12587082446787967,0.482189786593282,H02
0.7574984772626985,0.0,0.40915919936880096,0.04160134731023688,0.0,0.0,0.0,0.0,0.018762269971102245,0.0,0.6192226695788797,0.5011925722024821,H03
0.7574984772626985,0.0,0.40915919936880096,0.04160134731023688,0.0,0.0,0.0,0.0,0.018762269971102245,0.0,0.6192226695788797,0.5011925722024821,H03
0.7574984772626985,0.0,0.40915919936880096,0.04160134731023688,0.0,0.0,0.0,0.0,0.018762269971102245,0.0,0.6192226695788797,0.5011925722024821,H03
0.6186265836849046,0.5809285386219263,0.45871983647761355,0.014736391477622948,0.0,0.004817801721733713,0.023937820543784082,0.009201944074423814,0.002345567087657872,0.14073963136549664,0.016979105847510705,0.35143910546521395,H04
0.6186265836849046,0.5809285386219263,0.45871983647761355,0.014736391477622948,0.0,0.004817801721733713,0.023937820543784082,0.009201944074423814,0.002345567087657872,0.14073963136549664,0.016979105847510705,0.35143910546521395,H04
0.6186265836849046,0.5809285386219263,0.45871983647761355,0.014736391477622948,0.0,0.004817801721733713,0.023937820543784082,0.009201944074423814,0.002345567087657872,0.14073963136549664,0.016979105847510705,0.35143910546521395,H04
0.0,0.0,0.48004130544031215,0.0,0.0,0.0,0.9591419579384289,0.8133948774527489,0.1710357495593555,0.5427002710128662,0.7884374407274776,0.08994630949601097,H05
0.0,0.0,0.48004130544031215,0.0,0.0,0.0,0.9591419579384289,0.8133948774527489,0.1710357495593555,0.5427002710128662,0.7884374407274776,0.08994630949601097,H05
0.0,0.0,0.48004130544031215,0.0,0.0,0.0,0.9591419579384289,0.8133948774527489,0.1710357495593555,0.5427002710128662,0.7884374407274776,0.08994630949601097,H05
0.0,0.20714088952183274,0.14470704515036314,0.014725386165465289,0.10591962964791936,0.02223265722161292,0.0,0.0,0.0,0.0058992388110975956,0.13181194859031206,0.810515344758887,H06
0.0,0.20714088952183274,0.14470704515036314,0.014725386165465289,0.10591962964791936,0.02223265722161292,0.0,0.0,0.0,0.0058992388110975956,0.13181194859031206,0.810515344758887,H06
0.0,0.20714088952183274,0.14470704515036314,0.014725386165465289,0.10591962964791936,0.02223265722161292,0.0,0.0,0.0,0.0058992388110975956,0.13181194859031206,0.810515344758887,H06
0.00236557186455457,0.0,0.6864120204034725,0.003815719341633976,0.04643122946583118,0.14143555590104917,0.0,0.026217099785806934,0.0017353594227033037,0.0981751502650957,0.0,0.4585560801199852,H01
0.00236557186455457,0.0,0.6864120204034725,0.003815719341633976,0.04643122946583118,0.14143555590104917,0.0,0.026217099785806934,0.0017353594227033037,0.0981751502650957,0.0,0.4585560801199852,H01
0.00236557186455457,0.0,0.6864120204034725,0.003815719341633976,0.04643122946583118,0.14143555590104917,0.0,0.026217099785806934,0.0017353594227033037,0.0981751502650957,0.0,0.4585560801199852,H01
0.7050959994096724,0.13493444051178846,0.43315164654686944,0.013186625543426343,0.006532497730987301,0.12467142922761058,0.0,0.0,0.002364385789105485,0.03337993712171276,0.1335596179514179,0.37234189991480243,H02
0.7050959994096724,0.13493444051178846,0.43315164654686944,0.013186625543426343,0.006532497730987301,0.12467142922761058,0.0,0.0,0.002364385789105485,0.03337993712171276,0.1335596179514179,0.37234189991480243,H02
0.7050959994096724,0.13493444051178846,0.43315164654686944,0.013186625543426343,0.006532497730987301,0.12467142922761058,0.0,0.0,0.002364385789105485,0.03337993712171276,0.1335596179514179,0.37234189991480243,H02
0.931123701446936,0.0023958961979480987,0.711320272061203,0.03460508876969923,0.0,0.0,0.0,0.0,0.0183299390153609,0.0,0.6566067080804641,0.12582121717494166,H03
0.931123701446936,0.0023958961979480987,0.711320272061203,0.03460508876969923,0.0,0.0,0.0,0.0,0.0183299390153609,0.0,0.6566067080804641,0.12582121717494166,H03
0.931123701446936,0.0023958961979480987,0.711320272061203,0.03460508876969923,0.0,0.0,0.0,0.0,0.0183299390153609,0.0,0.6566067080804641,0.12582121717494166,H03
0.7325894187007259,0.5462528365327228,0.7095471426986977,0.008459938492146596,0.0,0.0,0.02406075659157293,0.0,0.0,0.038722670144989146,0.015468569883125784,0.11018804094320636,H04
0.7325894187007259,0.5462528365327228,0.7095471426986977,0.008459938492146596,0.0,0.0,0.02406075659157293,0.0,0.0,0.038722670144989146,0.015468569883125784,0.11018804094320636,H04
0.7325894187007259,0.5462528365327228,0.7095471426986977,0.008459938492146596,0.0,0.0,0.02406075659157293,0.0,0.0,0.038722670144989146,0.015468569883125784,0.11018804094320636,H04
0.0,0.0,0.6781216295944199,0.0,0.0,0.0,0.9520398472833729,0.06581533485881896,0.02969317984436645,0.1206631505962796,0.816977090438869,0.09678106734479311,H05
0.0,0.0,0.6781216295944199,0.0,0.0,0.0,0.9520398472833729,0.06581533485881896,0.02969317984436645,0.1206631505962796,0.816977090438869,0.09678106734479311,H05
0.0,0.0,0.6781216295944199,0.0,0.0,0.0,0.9520398472833729,0.06581533485881896,0.02969317984436645,0.1206631505962796,0.816977090438869,0.09678106734479311,H05
0.0,0.22925234864011618,0.12462837763360862,0.004846471689203896,0.049741392882113995,0.008966930241118271,0.0,0.0,0.0,0.0,0.21914776295099192,0.46494727265378727,H06
0.0,0.22925234864011618,0.12462837763360862,0.004846471689203896,0.049741392882113995,0.008966930241118271,0.0,0.0,0.0,0.0,0.21914776295099192,0.46494727265378727,H06
0.0,0.22925234864011618,0.12462837763360862,0.004846471689203896,0.049741392882113995,0.008966930241118271,0.0,0.0,0.0,0.0,0.21914776295099192,0.46494727265378727,H06
0.0,0.0,0.5937159561671964,0.0062430134027840825,0.0399301897779341,0.1623211884754657,0.0,0.02117820941049303,0.002426270857586341,0.03582543419435384,0.0,0.543735122587762,H01
0.0,0.0,0.5937159561671964,0.0062430134027840825,0.0399301897779341,0.1623211884754657,0.0,0.02117820941049303,0.002426270857586341,0.03582543419435384,0.0,0.543735122587762,H01
0.0,0.0,0.5937159561671964,0.0062430134027840825,0.0399301897779341,0.1623211884754657,0.0,0.02117820941049303,0.002426270857586341,0.03582543419435384,0.0,0.543735122587762,H01
0.08452193057954192,0.13151871729449993,0.3503279420854694,0.03561281104465825,0.004056652320359282,0.15479584287724504,0.0,0.0,0.0434948063760751,0.014838655667894728,0.09687203870010204,0.47018420310391407,H02
0.08452193057954192,0.13151871729449993,0.3503279420854694,0.03561281104465825,0.004056652320359282,0.15479584287724504,0.0,0.0,0.0434948063760751,0.014838655667894728,0.09687203870010204,0.47018420310391407,H02
0.08452193057954192,0.13151871729449993,0.3503279420854694,0.03561281104465825,0.004056652320359282,0.15479584287724504,0.0,0.0,0.0434948063760751,0.014838655667894728,0.09687203870010204,0.47018420310391407,H02
0.18481198722191997,0.0,0.5094479981734865,0.10859833625337006,0.0,0.0,0.0,0.0,0.6416952006706625,0.0,0.5198894179212731,0.21642288823396214,H03
0.18481198722191997,0.0,0.5094479981734865,0.10859833625337006,0.0,0.0,0.0,0.0,0.6416952006706625,0.0,0.5198894179212731,0.21642288823396214,H03
0.18481198722191997,0.0,0.5094479981734865,0.10859833625337006,0.0,0.0,0.0,0.0,0.6416952006706625,0.0,0.5198894179212731,0.21642288823396214,H03
0.12149210431430207,0.535534577967145,0.4939884652595501,0.04182673843732133,0.0,0.0,0.02038462122187085,0.0,0.009750266260369938,0.008122139744340916,0.01648387348138989,0.3117558125568717,H04
0.12149210431430207,0.535534577967145,0.4939884652595501,0.04182673843732133,0.0,0.0,0.02038462122187085,0.0,0.009750266260369938,0.008122139744340916,0.01648387348138989,0.3117558125568717,H04
0.12149210431430207,0.535534577967145,0.4939884652595501,0.04182673843732133,0.0,0.0,0.02038462122187085,0.0,0.009750266260369938,0.008122139744340916,0.01648387348138989,0.3117558125568717,H04
0.0,0.0,0.6538020440567136,0.0,0.0,0.0,0.9401654130915296,0.065143429722586,0.3918550122178509,0.029859831586346516,0.7997329732935475,0.11233186167109352,H05
0.0,0.0,0.6538020440567136,0.0,0.0,0.0,0.9401654130915296,0.065143429722586,0.3918550122178509,0.029859831586346516,0.7997329732935475,0.11233186167109352,H05
0.0,0.0,0.6538020440567136,0.0,0.0,0.0,0.9401654130915296,0.065143429722586,0.3918550122178509,0.029859831586346516,0.7997329732935475,0.11233186167109352,H05
0.0,0.22516590217832735,0.13924531129133425,0.025868134629571875,0.051323125319856965,0.008390665245654148,0.0,0.0,0.02609637112527901,0.0007283464566929134,0.2156055050211364,0.45339306078043956,H06
0.0,0.22516590217832735,0.13924531129133425,0.025868134629571875,0.051323125319856965,0.008390665245654148,0.0,0.0,0.02609637112527901,0.0007283464566929134,0.2156055050211364,0.45339306078043956,H06
0.0,0.22516590217832735,0.13924531129133425,0.025868134629571875,0.051323125319856965,0.008390665245654148,0.0,0.0,0.02609637112527901,0.0007283464566929134,0.2156055050211364,0.45339306078043956,H06
0.0,0.0,0.5726320414196087,0.006827669678838893,0.0,0.0,0.0,0.0,0.0,0.8538809898735121,0.0,0.42128220500454766,H01
0.0,0.0,0.5726320414196087,0.006827669678838893,0.0,0.0,0.0,0.0,0.0,0.8538809898735121,0.0,0.42128220500454766,H01
0.0,0.0,0.5726320414196087,0.006827669678838893,0.0,0.0,0.0,0.0,0.0,0.8538809898735121,0.0,0.42128220500454766,H01
0.7169095363829086,0.13583355881960882,0.3680176715285192,0.038233111087983336,0.0,0.0,0.0,0.0,0.0,0.37464713704690067,0.1453012466534066,0.37882721676128583,H02
0.7169095363829086,0.13583355881960882,0.3680176715285192,0.038233111087983336,0.0,0.0,0.0,0.0,0.0,0.37464713704690067,0.1453012466534066,0.37882721676128583,H02
0.7169095363829086,0.13583355881960882,0.3680176715285192,0.038233111087983336,0.0,0.0,0.0,0.0,0.0,0.37464713704690067,0.1453012466534066,0.37882721676128583,H02
0.9449887837354196,0.0,0.4544127448934889,0.09836616910045409,0.0,0.0,0.0,0.0,0.002291132282887503,0.0,0.7083743683507238,0.22552830932125573,H03
0.9449887837354196,0.0,0.4544127448934889,0.09836616910045409,0.0,0.0,0.0,0.0,0.002291132282887503,0.0,0.7083743683507238,0.22552830932125573,H03
0.9449887837354196,0.0,0.4544127448934889,0.09836616910045409,0.0,0.0,0.0,0.0,0.002291132282887503,0.0,0.7083743683507238,0.22552830932125573,H03
0.7836867451991033,0.5635207039739311,0.5901449743888963,0.04017262285458512,0.0,0.0,0.018674189480306334,0.0,0.0,0.31619078771707376,0.013486491072541325,0.2962280724485386,H04
0.7836867451991033,0.5635207039739311,0.5901449743888963,0.04017262285458512,0.0,0.0,0.018674189480306334,0.0,0.0,0.31619078771707376,0.013486491072541325,0.2962280724485386,H04
0.7836867451991033,0.5635207039739311,0.5901449743888963,0.04017262285458512,0.0,0.0,0.018674189480306334,0.0,0.0,0.31619078771707376,0.013486491072541325,0.2962280724485386,H04
0.0,0.0,0.5712336417871915,0.0,0.0,0.0,0.8431224130485683,0.0,0.0,0.9334863666794213,0.8296573981353355,0.08021468174884663,H05
0.0,0.0,0.5712336417871915,0.0,0.0,0.0,0.8431224130485683,0.0,0.0,0.9334863666794213,0.8296573981353355,0.08021468174884663,H05
0.0,0.0,0.5712336417871915,0.0,0.0,0.0,0.8431224130485683,0.0,0.0,0.9334863666794213,0.8296573981353355,0.08021468174884663,H05
0.0,0.19004226945370103,0.12664303459643655,0.018537506523198827,0.0,0.0,0.0,0.0,0.0,0.017328062633435993,0.21124695743028885,0.6590779939612481,H06
0.0,0.19004226945370103,0.12664303459643655,0.018537506523198827,0.0,0.0,0.0,0.0,0.0,0.017328062633435993,0.21124695743028885,0.6590779939612481,H06
0.0,0.19004226945370103,0.12664303459643655,0.018537506523198827,0.0,0.0,0.0,0.0,0.0,0.017328062633435993,0.21124695743028885,0.6590779939612481,H06
0.002470170912608836,0.0,0.6280018706273496,0.006377605109893048,0.12053132988091814,0.0,0.0,0.0,0.0,0.8003606696193073,0.0,0.37003607312670667,H01
0.002470170912608836,0.0,0.6280018706273496,0.006377605109893048,0.12053132988091814,0.0,0.0,0.0,0.0,0.8003606696193073,0.0,0.37003607312670667,H01
0.002470170912608836,0.0,0.6280018706273496,0.006377605109893048,0.12053132988091814,0.0,0.0,0.0,0.0,0.8003606696193073,0.0,0.37003607312670667,H01
0.7527946091269762,0.12728759108674892,0.4106091519311552,0.022093723960964522,0.011717807921938796,0.0,0.0,0.0,0.002364385789105485,0.23566801716410005,0.12601955099851872,0.3163781838810088,H02
0.7527946091269762,0.12728759108674892,0.4106091519311552,0.022093723960964522,0.011717807921938796,0.0,0.0,0.0,0.002364385789105485,0.23566801716410005,0.12601955099851872,0.3163781838810088,H02
0.7527946091269762,0.12728759108674892,0.4106091519311552,0.022093723960964522,0.011717807921938796,0.0,0.0,0.0,0.002364385789105485,0.23566801716410005,0.12601955099851872,0.3163781838810088,H02
0.9935038509924603,0.0,0.7454391334521808,0.008625586457457542,0.0,0.0,0.0,0.0,0.002316942118135329,0.0,0.7153688818539758,0.004933487781175647,H03
0.9935038509924603,0.0,0.7454391334521808,0.008625586457457542,0.0,0.0,0.0,0.0,0.002316942118135329,0.0,0.7153688818539758,0.004933487781175647,H03
0.9935038509924603,0.0,0.7454391334521808,0.008625586457457542,0.0,0.0,0.0,0.0,0.002316942118135329,0.0,0.7153688818539758,0.004933487781175647,H03
0.8000547934054564,0.5293630937255582,0.8004224136654396,0.00473487132461065,0.0,0.0,0.0021472890170434068,0.0,0.0,0.2722542725999164,0.006339581086866782,0.027919093290873626,H04
0.8000547934054564,0.5293630937255582,0.8004224136654396,0.00473487132461065,0.0,0.0,0.0021472890170434068,0.0,0.0,0.2722542725999164,0.006339581086866782,0.027919093290873626,H04
0.8000547934054564,0.5293630937255582,0.8004224136654396,0.00473487132461065,0.0,0.0,0.0021472890170434068,0.0,0.0,0.2722542725999164,0.006339581086866782,0.027919093290873626,H04
0.0,0.0,0.7722473440227727,0.0,0.0,0.0,0.21007452281810793,0.0,0.001937678195115904,0.6730093274435576,0.7718976780458507,0.18727023889518424,H05
0.0,0.0,0.7722473440227727,0.0,0.0,0.0,0.21007452281810793,0.0,0.001937678195115904,0.6730093274435576,0.7718976780458507,0.18727023889518424,H05
0.0,0.0,0.7722473440227727,0.0,0.0,0.0,0.21007452281810793,0.0,0.001937678195115904,0.6730093274435576,0.7718976780458507,0.18727023889518424,H05
0.0,0.21443758494334916,0.14291330310323175,0.009802702782039261,0.12855153532801375,0.0,0.0,0.0,0.0,0.010586071940107043,0.24221038710135837,0.372359729739239,H06
0.0,0.21443758494334916,0.14291330310323175,0.009802702782039261,0.12855153532801375,0.0,0.0,0.0,0.0,0.010586071940107043,0.24221038710135837,0.372359729739239,H06
0.0,0.21443758494334916,0.14291330310323175,0.009802702782039261,0.12855153532801375,0.0,0.0,0.0,0.0,0.010586071940107043,0.24221038710135837,0.372359729739239,H06
0.0,0.0,0.5726320414196087,0.006827669678838893,0.0,0.0,0.0,0.0,0.0,0.8538809898735121,0.0,0.42128220500454766,H01
0.0,0.0,0.5726320414196087,0.006827669678838893,0.0,0.0,0.0,0.0,0.0,0.8538809898735121,0.0,0.42128220500454766,H01
0.0,0.0,0.5726320414196087,0.006827669678838893,0.0,0.0,0.0,0.0,0.0,0.8538809898735121,0.0,0.42128220500454766,H01
0.7169095363829086,0.13583355881960882,0.3680176715285192,0.038233111087983336,0.0,0.0,0.0,0.0,0.0,0.37464713704690067,0.1453012466534066,0.37882721676128583,H02
0.7169095363829086,0.13583355881960882,0.3680176715285192,0.038233111087983336,0.0,0.0,0.0,0.0,0.0,0.37464713704690067,0.1453012466534066,0.37882721676128583,H02
0.7169095363829086,0.13583355881960882,0.3680176715285192,0.038233111087983336,0.0,0.0,0.0,0.0,0.0,0.37464713704690067,0.1453012466534066,0.37882721676128583,H02
0.9449887837354196,0.0,0.4544127448934889,0.09836616910045409,0.0,0.0,0.0,0.0,0.002291132282887503,0.0,0.7083743683507238,0.22552830932125573,H03
0.9449887837354196,0.0,0.4544127448934889,0.09836616910045409,0.0,0.0,0.0,0.0,0.002291132282887503,0.0,0.7083743683507238,0.22552830932125573,H03
0.9449887837354196,0.0,0.4544127448934889,0.09836616910045409,0.0,0.0,0.0,0.0,0.002291132282887503,0.0,0.7083743683507238,0.22552830932125573,H03
0.7836867451991033,0.5635207039739311,0.5901449743888963,0.04017262285458512,0.0,0.0,0.018674189480306334,0.0,0.0,0.31619078771707376,0.013486491072541325,0.2962280724485386,H04
0.7836867451991033,0.5635207039739311,0.5901449743888963,0.04017262285458512,0.0,0.0,0.018674189480306334,0.0,0.0,0.31619078771707376,0.013486491072541325,0.2962280724485386,H04
0.7836867451991033,0.5635207039739311,0.5901449743888963,0.04017262285458512,0.0,0.0,0.018674189480306334,0.0,0.0,0.31619078771707376,0.013486491072541325,0.2962280724485386,H04
0.0,0.0,0.5712336417871915,0.0,0.0,0.0,0.8431224130485683,0.0,0.0,0.9334863666794213,0.8296573981353355,0.08021468174884663,H05
0.0,0.0,0.5712336417871915,0.0,0.0,0.0,0.8431224130485683,0.0,0.0,0.9334863666794213,0.8296573981353355,0.08021468174884663,H05
0.0,0.0,0.5712336417871915,0.0,0.0,0.0,0.8431224130485683,0.0,0.0,0.9334863666794213,0.8296573981353355,0.08021468174884663,H05
0.0,0.19004226945370103,0.12664303459643655,0.018537506523198827,0.0,0.0,0.0,0.0,0.0,0.017328062633435993,0.21124695743028885,0.6590779939612481,H06
0.0,0.19004226945370103,0.12664303459643655,0.018537506523198827,0.0,0.0,0.0,0.0,0.0,0.017328062633435993,0.21124695743028885,0.6590779939612481,H06
0.0,0.19004226945370103,0.12664303459643655,0.018537506523198827,0.0,0.0,0.0,0.0,0.0,0.017328062633435993,0.21124695743028885,0.6590779939612481,H06
0.0,0.0,0.5726320414196087,0.006827669678838893,0.0,0.0,0.0,0.0,0.0,0.8538809898735121,0.0,0.42128220500454766,H01
0.0,0.0,0.5726320414196087,0.006827669678838893,0.0,0.0,0.0,0.0,0.0,0.8538809898735121,0.0,0.42128220500454766,H01
0.0,0.0,0.5726320414196087,0.006827669678838893,0.0,0.0,0.0,0.0,0.0,0.8538809898735121,0.0,0.42128220500454766,H01
0.7169095363829086,0.13583355881960882,0.3680176715285192,0.038233111087983336,0.0,0.0,0.0,0.0,0.0,0.37464713704690067,0.1453012466534066,0.37882721676128583,H02
0.7169095363829086,0.13583355881960882,0.3680176715285192,0.038233111087983336,0.0,0.0,0.0,0.0,0.0,0.37464713704690067,0.1453012466534066,0.37882721676128583,H02
0.7169095363829086,0.13583355881960882,0.3680176715285192,0.038233111087983336,0.0,0.0,0.0,0.0,0.0,0.37464713704690067,0.1453012466534066,0.37882721676128583,H02
0.9449887837354196,0.0,0.4544127448934889,0.09836616910045409,0.0,0.0,0.0,0.0,0.002291132282887503,0.0,0.7083743683507238,0.22552830932125573,H03
0.9449887837354196,0.0,0.4544127448934889,0.09836616910045409,0.0,0.0,0.0,0.0,0.002291132282887503,0.0,0.7083743683507238,0.22552830932125573,H03
0.9449887837354196,0.0,0.4544127448934889,0.09836616910045409,0.0,0.0,0.0,0.0,0.002291132282887503,0.0,0.7083743683507238,0.22552830932125573,H03
0.7836867451991033,0.5635207039739311,0.5901449743888963,0.04017262285458512,0.0,0.0,0.018674189480306334,0.0,0.0,0.31619078771707376,0.013486491072541325,0.2962280724485386,H04
0.7836867451991033,0.5635207039739311,0.5901449743888963,0.04017262285458512,0.0,0.0,0.018674189480306334,0.0,0.0,0.31619078771707376,0.013486491072541325,0.2962280724485386,H04
0.7836867451991033,0.5635207039739311,0.5901449743888963,0.04017262285458512,0.0,0.0,0.018674189480306334,0.0,0.0,0.31619078771707376,0.013486491072541325,0.2962280724485386,H04
0.0,0.0,0.5712336417871915,0.0,0.0,0.0,0.8431224130485683,0.0,0.0,0.9334863666794213,0.8296573981353355,0.08021468174884663,H05
0.0,0.0,0.5712336417871915,0.0,0.0,0.0,0.8431224130485683,0.0,0.0,0.9334863666794213,0.8296573981353355,0.08021468174884663,H05
0.0,0.0,0.5712336417871915,0.0,0.0,0.0,0.8431224130485683,0.0,0.0,0.9334863666794213,0.8296573981353355,0.08021468174884663,H05
0.0,0.19004226945370103,0.12664303459643655,0.018537506523198827,0.0,0.0,0.0,0.0,0.0,0.017328062633435993,0.21124695743028885,0.6590779939612481,H06
0.0,0.19004226945370103,0.12664303459643655,0.018537506523198827,0.0,0.0,0.0,0.0,0.0,0.017328062633435993,0.21124695743028885,0.6590779939612481,H06
0.0,0.19004226945370103,0.12664303459643655,0.018537506523198827,0.0,0.0,0.0,0.0,0.0,0.017328062633435993,0.21124695743028885,0.6590779939612481,H06
0.0,0.0,0.45215783563784334,0.00466094892313772,0.11191042214183616,0.0022365552325581397,0.0,0.0,0.0022911322828875046,0.0042669671261930005,0.0,0.6565306803678217,H01
0.0,0.0,0.45215783563784334,0.00466094892313772,0.11191042214183616,0.0022365552325581397,0.0,0.0,0.0022911322828875046,0.0042669671261930005,0.0,0.6565306803678217,H01
0.0,0.0,0.45215783563784334,0.00466094892313772,0.11191042214183616,0.0022365552325581397,0.0,0.0,0.0022911322828875046,0.0042669671261930005,0.0,0.6565306803678217,H01
0.00420016197646225,0.07879569776670585,0.19119406823022383,0.027405203130576247,0.01718279455322034,0.0,0.0,0.0,0.05557714205437324,0.005841982472179723,0.0916135839727767,0.7343240663661443,H02
0.00420016197646225,0.07879569776670585,0.19119406823022383,0.027405203130576247,0.01718279455322034,0.0,0.0,0.0,0.05557714205437324,0.005841982472179723,0.0916135839727767,0.7343240663661443,H02
0.00420016197646225,0.07879569776670585,0.19119406823022383,0.027405203130576247,0.01718279455322034,0.0,0.0,0.0,0.05557714205437324,0.005841982472179723,0.0916135839727767,0.7343240663661443,H02
0.003835530586776657,0.0,0.1520957747874502,0.09941222041157437,0.0,0.0,0.0,0.0,0.7102006773297777,0.0,0.3172376130465097,0.6243730590110356,H03
0.003835530586776657,0.0,0.1520957747874502,0.09941222041157437,0.0,0.0,0.0,0.0,0.7102006773297777,0.0,0.3172376130465097,0.6243730590110356,H03
0.003835530586776657,0.0,0.1520957747874502,0.09941222041157437,0.0,0.0,0.0,0.0,0.7102006773297777,0.0,0.3172376130465097,0.6243730590110356,H03
0.00420016197646225,0.35126131155810514,0.2387140219688738,0.04130879448374661,0.0,0.0,0.017901783511877104,0.0,0.004895012631737433,0.00817544077115523,0.008544642491633522,0.799921023802069,H04
0.00420016197646225,0.35126131155810514,0.2387140219688738,0.04130879448374661,0.0,0.0,0.017901783511877104,0.0,0.004895012631737433,0.00817544077115523,0.008544642491633522,0.799921023802069,H04
0.00420016197646225,0.35126131155810514,0.2387140219688738,0.04130879448374661,0.0,0.0,0.017901783511877104,0.0,0.004895012631737433,0.00817544077115523,0.008544642491633522,0.799921023802069,H04
0.0,0.0,0.5544379633582204,0.0,0.0,0.0,0.8899532125768979,0.0,0.5583343877516207,0.012576389422710084,0.3596304241993611,0.33378783554484165,H05
0.0,0.0,0.5544379633582204,0.0,0.0,0.0,0.8899532125768979,0.0,0.5583343877516207,0.012576389422710084,0.3596304241993611,0.33378783554484165,H05
0.0,0.0,0.5544379633582204,0.0,0.0,0.0,0.8899532125768979,0.0,0.5583343877516207,0.012576389422710084,0.3596304241993611,0.33378783554484165,H05
0.0,0.1792488432268441,0.06282589384595853,0.011794723181483745,0.15590581433932144,0.0,0.0,0.0,0.05206655157654503,0.0,0.11176021741912665,0.7061645306421933,H06
0.0,0.1792488432268441,0.06282589384595853,0.011794723181483745,0.15590581433932144,0.0,0.0,0.0,0.05206655157654503,0.0,0.11176021741912665,0.7061645306421933,H06
0.0,0.1792488432268441,0.06282589384595853,0.011794723181483745,0.15590581433932144,0.0,0.0,0.0,0.05206655157654503,0.0,0.11176021741912665,0.7061645306421933,H06
0.0,0.0,0.45215783563784334,0.00466094892313772,0.11191042214183616,0.0022365552325581397,0.0,0.0,0.0022911322828875046,0.0042669671261930005,0.0,0.6565306803678217,H01
0.0,0.0,0.45215783563784334,0.00466094892313772,0.11191042214183616,0.0022365552325581397,0.0,0.0,0.0022911322828875046,0.0042669671261930005,0.0,0.6565306803678217,H01
0.0,0.0,0.45215783563784334,0.00466094892313772,0.11191042214183616,0.0022365552325581397,0.0,0.0,0.0022911322828875046,0.0042669671261930005,0.0,0.6565306803678217,H01
0.00420016197646225,0.07879569776670585,0.19119406823022383,0.027405203130576247,0.01718279455322034,0.0,0.0,0.0,0.05557714205437324,0.005841982472179723,0.0916135839727767,0.7343240663661443,H02
0.00420016197646225,0.07879569776670585,0.19119406823022383,0.027405203130576247,0.01718279455322034,0.0,0.0,0.0,0.05557714205437324,0.005841982472179723,0.0916135839727767,0.7343240663661443,H02
0.00420016197646225,0.07879569776670585,0.19119406823022383,0.027405203130576247,0.01718279455322034,0.0,0.0,0.0,0.05557714205437324,0.005841982472179723,0.0916135839727767,0.7343240663661443,H02
0.003835530586776657,0.0,0.1520957747874502,0.09941222041157437,0.0,0.0,0.0,0.0,0.7102006773297777,0.0,0.3172376130465097,0.6243730590110356,H03
0.003835530586776657,0.0,0.1520957747874502,0.09941222041157437,0.0,0.0,0.0,0.0,0.7102006773297777,0.0,0.3172376130465097,0.6243730590110356,H03
0.003835530586776657,0.0,0.1520957747874502,0.09941222041157437,0.0,0.0,0.0,0.0,0.7102006773297777,0.0,0.3172376130465097,0.6243730590110356,H03
0.00420016197646225,0.35126131155810514,0.2387140219688738,0.04130879448374661,0.0,0.0,0.017901783511877104,0.0,0.004895012631737433,0.00817544077115523,0.008544642491633522,0.799921023802069,H04
0.00420016197646225,0.35126131155810514,0.2387140219688738,0.04130879448374661,0.0,0.0,0.017901783511877104,0.0,0.004895012631737433,0.00817544077115523,0.008544642491633522,0.799921023802069,H04
0.00420016197646225,0.35126131155810514,0.2387140219688738,0.04130879448374661,0.0,0.0,0.017901783511877104,0.0,0.004895012631737433,0.00817544077115523,0.008544642491633522,0.799921023802069,H04
0.0,0.0,0.5544379633582204,0.0,0.0,0.0,0.8899532125768979,0.0,0.5583343877516207,0.012576389422710084,0.3596304241993611,0.33378783554484165,H05
0.0,0.0,0.5544379633582204,0.0,0.0,0.0,0.8899532125768979,0.0,0.5583343877516207,0.012576389422710084,0.3596304241993611,0.33378783554484165,H05
0.0,0.0,0.5544379633582204,0.0,0.0,0.0,0.8899532125768979,0.0,0.5583343877516207,0.012576389422710084,0.3596304241993611,0.33378783554484165,H05
0.0,0.1792488432268441,0.06282589384595853,0.011794723181483745,0.15590581433932144,0.0,0.0,0.0,0.05206655157654503,0.0,0.11176021741912665,0.7061645306421933,H06
0.0,0.1792488432268441,0.06282589384595853,0.011794723181483745,0.15590581433932144,0.0,0.0,0.0,0.05206655157654503,0.0,0.11176021741912665,0.7061645306421933,H06
0.0,0.1792488432268441,0.06282589384595853,0.011794723181483745,0.15590581433932144,0.0,0.0,0.0,0.05206655157654503,0.0,0.11176021741912665,0.7061645306421933,H06
0.0,0.0,0.5726320414196087,0.006827669678838893,0.0,0.0,0.0,0.0,0.0,0.8538809898735121,0.0,0.42128220500454766,H01
0.0,0.0,0.5726320414196087,0.006827669678838893,0.0,0.0,0.0,0.0,0.0,0.8538809898735121,0.0,0.42128220500454766,H01
0.0,0.0,0.5726320414196087,0.006827669678838893,0.0,0.0,0.0,0.0,0.0,0.8538809898735121,0.0,0.42128220500454766,H01
0.7169095363829086,0.13583355881960882,0.3680176715285192,0.038233111087983336,0.0,0.0,0.0,0.0,0.0,0.37464713704690067,0.1453012466534066,0.37882721676128583,H02
0.7169095363829086,0.13583355881960882,0.3680176715285192,0.038233111087983336,0.0,0.0,0.0,0.0,0.0,0.37464713704690067,0.1453012466534066,0.37882721676128583,H02
0.7169095363829086,0.13583355881960882,0.3680176715285192,0.038233111087983336,0.0,0.0,0.0,0.0,0.0,0.37464713704690067,0.1453012466534066,0.37882721676128583,H02
0.9449887837354196,0.0,0.4544127448934889,0.09836616910045409,0.0,0.0,0.0,0.0,0.002291132282887503,0.0,0.7083743683507238,0.22552830932125573,H03
0.9449887837354196,0.0,0.4544127448934889,0.09836616910045409,0.0,0.0,0.0,0.0,0.002291132282887503,0.0,0.7083743683507238,0.22552830932125573,H03
0.9449887837354196,0.0,0.4544127448934889,0.09836616910045409,0.0,0.0,0.0,0.0,0.002291132282887503,0.0,0.7083743683507238,0.22552830932125573,H03
0.7836867451991033,0.5635207039739311,0.5901449743888963,0.04017262285458512,0.0,0.0,0.018674189480306334,0.0,0.0,0.31619078771707376,0.013486491072541325,0.2962280724485386,H04
0.7836867451991033,0.5635207039739311,0.5901449743888963,0.04017262285458512,0.0,0.0,0.018674189480306334,0.0,0.0,0.31619078771707376,0.013486491072541325,0.2962280724485386,H04
0.7836867451991033,0.5635207039739311,0.5901449743888963,0.04017262285458512,0.0,0.0,0.018674189480306334,0.0,0.0,0.31619078771707376,0.013486491072541325,0.2962280724485386,H04
0.0,0.0,0.5712336417871915,0.0,0.0,0.0,0.8431224130485683,0.0,0.0,0.9334863666794213,0.8296573981353355,0.08021468174884663,H05
0.0,0.0,0.5712336417871915,0.0,0.0,0.0,0.8431224130485683,0.0,0.0,0.9334863666794213,0.8296573981353355,0.08021468174884663,H05
0.0,0.0,0.5712336417871915,0.0,0.0,0.0,0.8431224130485683,0.0,0.0,0.9334863666794213,0.8296573981353355,0.08021468174884663,H05
0.0,0.19004226945370103,0.12664303459643655,0.018537506523198827,0.0,0.0,0.0,0.0,0.0,0.017328062633435993,0.21124695743028885,0.6590779939612481,H06
0.0,0.19004226945370103,0.12664303459643655,0.018537506523198827,0.0,0.0,0.0,0.0,0.0,0.017328062633435993,0.21124695743028885,0.6590779939612481,H06
0.0,0.19004226945370103,0.12664303459643655,0.018537506523198827,0.0,0.0,0.0,0.0,0.0,0.017328062633435993,0.21124695743028885,0.6590779939612481,H06
0.002470170912608836,0.0,0.6280018706273496,0.006377605109893048,0.12053132988091814,0.0,0.0,0.0,0.0,0.8003606696193073,0.0,0.37003607312670667,H01
0.002470170912608836,0.0,0.6280018706273496,0.006377605109893048,0.12053132988091814,0.0,0.0,0.0,0.0,0.8003606696193073,0.0,0.37003607312670667,H01
0.002470170912608836,0.0,0.6280018706273496,0.006377605109893048,0.12053132988091814,0.0,0.0,0.0,0.0,0.8003606696193073,0.0,0.37003607312670667,H01
0.7527946091269762,0.12728759108674892,0.4106091519311552,0.022093723960964522,0.011717807921938796,0.0,0.0,0.0,0.002364385789105485,0.23566801716410005,0.12601955099851872,0.3163781838810088,H02
0.7527946091269762,0.12728759108674892,0.4106091519311552,0.022093723960964522,0.011717807921938796,0.0,0.0,0.0,0.002364385789105485,0.23566801716410005,0.12601955099851872,0.3163781838810088,H02
0.7527946091269762,0.12728759108674892,0.4106091519311552,0.022093723960964522,0.011717807921938796,0.0,0.0,0.0,0.002364385789105485,0.23566801716410005,0.12601955099851872,0.3163781838810088,H02
0.9935038509924603,0.0,0.7454391334521808,0.008625586457457542,0.0,0.0,0.0,0.0,0.002316942118135329,0.0,0.7153688818539758,0.004933487781175647,H03
0.9935038509924603,0.0,0.7454391334521808,0.008625586457457542,0.0,0.0,0.0,0.0,0.002316942118135329,0.0,0.7153688818539758,0.004933487781175647,H03
0.9935038509924603,0.0,0.7454391334521808,0.008625586457457542,0.0,0.0,0.0,0.0,0.002316942118135329,0.0,0.7153688818539758,0.004933487781175647,H03
0.8000547934054564,0.5293630937255582,0.8004224136654396,0.00473487132461065,0.0,0.0,0.0021472890170434068,0.0,0.0,0.2722542725999164,0.006339581086866782,0.027919093290873626,H04
0.8000547934054564,0.5293630937255582,0.8004224136654396,0.00473487132461065,0.0,0.0,0.0021472890170434068,0.0,0.0,0.2722542725999164,0.006339581086866782,0.027919093290873626,H04
0.8000547934054564,0.5293630937255582,0.8004224136654396,0.00473487132461065,0.0,0.0,0.0021472890170434068,0.0,0.0,0.2722542725999164,0.006339581086866782,0.027919093290873626,H04
0.0,0.0,0.7722473440227727,0.0,0.0,0.0,0.21007452281810793,0.0,0.001937678195115904,0.6730093274435576,0.7718976780458507,0.18727023889518424,H05
0.0,0.0,0.7722473440227727,0.0,0.0,0.0,0.21007452281810793,0.0,0.001937678195115904,0.6730093274435576,0.7718976780458507,0.18727023889518424,H05
0.0,0.0,0.7722473440227727,0.0,0.0,0.0,0.21007452281810793,0.0,0.001937678195115904,0.6730093274435576,0.7718976780458507,0.18727023889518424,H05
0.0,0.21443758494334916,0.14291330310323175,0.009802702782039261,0.12855153532801375,0.0,0.0,0.0,0.0,0.010586071940107043,0.24221038710135837,0.372359729739239,H06
0.0,0.21443758494334916,0.14291330310323175,0.009802702782039261,0.12855153532801375,0.0,0.0,0.0,0.0,0.010586071940107043,0.24221038710135837,0.372359729739239,H06
0.0,0.21443758494334916,0.14291330310323175,0.009802702782039261,0.12855153532801375,0.0,0.0,0.0,0.0,0.010586071940107043,0.24221038710135837,0.372359729739239,H06
0.002470170912608836,0.0,0.6280018706273496,0.006377605109893048,0.12053132988091814,0.0,0.0,0.0,0.0,0.8003606696193073,0.0,0.37003607312670667,H01
0.002470170912608836,0.0,0.6280018706273496,0.006377605109893048,0.12053132988091814,0.0,0.0,0.0,0.0,0.8003606696193073,0.0,0.37003607312670667,H01
0.002470170912608836,0.0,0.6280018706273496,0.006377605109893048,0.12053132988091814,0.0,0.0,0.0,0.0,0.8003606696193073,0.0,0.37003607312670667,H01
0.7527946091269762,0.12728759108674892,0.4106091519311552,0.022093723960964522,0.011717807921938796,0.0,0.0,0.0,0.002364385789105485,0.23566801716410005,0.12601955099851872,0.3163781838810088,H02
0.7527946091269762,0.12728759108674892,0.4106091519311552,0.022093723960964522,0.011717807921938796,0.0,0.0,0.0,0.002364385789105485,0.23566801716410005,0.12601955099851872,0.3163781838810088,H02
0.7527946091269762,0.12728759108674892,0.4106091519311552,0.022093723960964522,0.011717807921938796,0.0,0.0,0.0,0.002364385789105485,0.23566801716410005,0.12601955099851872,0.3163781838810088,H02
0.9935038509924603,0.0,0.7454391334521808,0.008625586457457542,0.0,0.0,0.0,0.0,0.002316942118135329,0.0,0.7153688818539758,0.004933487781175647,H03
0.9935038509924603,0.0,0.7454391334521808,0.008625586457457542,0.0,0.0,0.0,0.0,0.002316942118135329,0.0,0.7153688818539758,0.004933487781175647,H03
0.9935038509924603,0.0,0.7454391334521808,0.008625586457457542,0.0,0.0,0.0,0.0,0.002316942118135329,0.0,0.7153688818539758,0.004933487781175647,H03
0.8000547934054564,0.5293630937255582,0.8004224136654396,0.00473487132461065,0.0,0.0,0.0021472890170434068,0.0,0.0,0.2722542725999164,0.006339581086866782,0.027919093290873626,H04
0.8000547934054564,0.5293630937255582,0.8004224136654396,0.00473487132461065,0.0,0.0,0.0021472890170434068,0.0,0.0,0.2722542725999164,0.006339581086866782,0.027919093290873626,H04
0.8000547934054564,0.5293630937255582,0.8004224136654396,0.00473487132461065,0.0,0.0,0.0021472890170434068,0.0,0.0,0.2722542725999164,0.006339581086866782,0.027919093290873626,H04
0.0,0.0,0.7722473440227727,0.0,0.0,0.0,0.21007452281810793,0.0,0.001937678195115904,0.6730093274435576,0.7718976780458507,0.18727023889518424,H05
0.0,0.0,0.7722473440227727,0.0,0.0,0.0,0.21007452281810793,0.0,0.001937678195115904,0.6730093274435576,0.7718976780458507,0.18727023889518424,H05
0.0,0.0,0.7722473440227727,0.0,0.0,0.0,0.21007452281810793,0.0,0.001937678195115904,0.6730093274435576,0.7718976780458507,0.18727023889518424,H05
0.0,0.21443758494334916,0.14291330310323175,0.009802702782039261,0.12855153532801375,0.0,0.0,0.0,0.0,0.010586071940107043,0.24221038710135837,0.372359729739239,H06
0.0,0.21443758494334916,0.14291330310323175,0.009802702782039261,0.12855153532801375,0.0,0.0,0.0,0.0,0.010586071940107043,0.24221038710135837,0.372359729739239,H06
0.0,0.21443758494334916,0.14291330310323175,0.009802702782039261,0.12855153532801375,0.0,0.0,0.0,0.0,0.010586071940107043,0.24221038710135837,0.372359729739239,H06
0.0,0.0,0.5726320414196087,0.006827669678838893,0.0,0.0,0.0,0.0,0.0,0.8538809898735121,0.0,0.42128220500454766,H01
0.0,0.0,0.5726320414196087,0.006827669678838893,0.0,0.0,0.0,0.0,0.0,0.8538809898735121,0.0,0.42128220500454766,H01
0.0,0.0,0.5726320414196087,0.006827669678838893,0.0,0.0,0.0,0.0,0.0,0.8538809898735121,0.0,0.42128220500454766,H01
0.7169095363829086,0.13583355881960882,0.3680176715285192,0.038233111087983336,0.0,0.0,0.0,0.0,0.0,0.37464713704690067,0.1453012466534066,0.37882721676128583,H02
0.7169095363829086,0.13583355881960882,0.3680176715285192,0.038233111087983336,0.0,0.0,0.0,0.0,0.0,0.37464713704690067,0.1453012466534066,0.37882721676128583,H02
0.7169095363829086,0.13583355881960882,0.3680176715285192,0.038233111087983336,0.0,0.0,0.0,0.0,0.0,0.37464713704690067,0.1453012466534066,0.37882721676128583,H02
0.9449887837354196,0.0,0.4544127448934889,0.09836616910045409,0.0,0.0,0.0,0.0,0.002291132282887503,0.0,0.7083743683507238,0.22552830932125573,H03
0.9449887837354196,0.0,0.4544127448934889,0.09836616910045409,0.0,0.0,0.0,0.0,0.002291132282887503,0.0,0.7083743683507238,0.22552830932125573,H03
0.9449887837354196,0.0,0.4544127448934889,0.09836616910045409,0.0,0.0,0.0,0.0,0.002291132282887503,0.0,0.7083743683507238,0.22552830932125573,H03
0.7836867451991033,0.5635207039739311,0.5901449743888963,0.04017262285458512,0.0,0.0,0.018674189480306334,0.0,0.0,0.31619078771707376,0.013486491072541325,0.2962280724485386,H04
0.7836867451991033,0.5635207039739311,0.5901449743888963,0.04017262285458512,0.0,0.0,0.018674189480306334,0.0,0.0,0.31619078771707376,0.013486491072541325,0.2962280724485386,H04
0.7836867451991033,0.5635207039739311,0.5901449743888963,0.04017262285458512,0.0,0.0,0.018674189480306334,0.0,0.0,0.31619078771707376,0.013486491072541325,0.2962280724485386,H04
0.0,0.0,0.5712336417871915,0.0,0.0,0.0,0.8431224130485683,0.0,0.0,0.9334863666794213,0.8296573981353355,0.08021468174884663,H05
0.0,0.0,0.5712336417871915,0.0,0.0,0.0,0.8431224130485683,0.0,0.0,0.9334863666794213,0.8296573981353355,0.08021468174884663,H05
0.0,0.0,0.5712336417871915,0.0,0.0,0.0,0.8431224130485683,0.0,0.0,0.9334863666794213,0.8296573981353355,0.08021468174884663,H05
0.0,0.19004226945370103,0.12664303459643655,0.018537506523198827,0.0,0.0,0.0,0.0,0.0,0.017328062633435993,0.21124695743028885,0.6590779939612481,H06
0.0,0.19004226945370103,0.12664303459643655,0.018537506523198827,0.0,0.0,0.0,0.0,0.0,0.017328062633435993,0.21124695743028885,0.6590779939612481,H06
0.0,0.19004226945370103,0.12664303459643655,0.018537506523198827,0.0,0.0,0.0,0.0,0.0,0.017328062633435993,0.21124695743028885,0.6590779939612481,H06
0.0,0.0,0.45215783563784334,0.00466094892313772,0.11191042214183616,0.0022365552325581397,0.0,0.0,0.0022911322828875046,0.0042669671261930005,0.0,0.6565306803678217,H01
0.0,0.0,0.45215783563784334,0.00466094892313772,0.11191042214183616,0.0022365552325581397,0.0,0.0,0.0022911322828875046,0.0042669671261930005,0.0,0.6565306803678217,H01
0.0,0.0,0.45215783563784334,0.00466094892313772,0.11191042214183616,0.0022365552325581397,0.0,0.0,0.0022911322828875046,0.0042669671261930005,0.0,0.6565306803678217,H01
0.00420016197646225,0.07879569776670585,0.19119406823022383,0.027405203130576247,0.01718279455322034,0.0,0.0,0.0,0.05557714205437324,0.005841982472179723,0.0916135839727767,0.7343240663661443,H02
0.00420016197646225,0.07879569776670585,0.19119406823022383,0.027405203130576247,0.01718279455322034,0.0,0.0,0.0,0.05557714205437324,0.005841982472179723,0.0916135839727767,0.7343240663661443,H02
0.00420016197646225,0.07879569776670585,0.19119406823022383,0.027405203130576247,0.01718279455322034,0.0,0.0,0.0,0.05557714205437324,0.005841982472179723,0.0916135839727767,0.7343240663661443,H02
0.003835530586776657,0.0,0.1520957747874502,0.09941222041157437,0.0,0.0,0.0,0.0,0.7102006773297777,0.0,0.3172376130465097,0.6243730590110356,H03
0.003835530586776657,0.0,0.1520957747874502,0.09941222041157437,0.0,0.0,0.0,0.0,0.7102006773297777,0.0,0.3172376130465097,0.6243730590110356,H03
0.003835530586776657,0.0,0.1520957747874502,0.09941222041157437,0.0,0.0,0.0,0.0,0.7102006773297777,0.0,0.3172376130465097,0.6243730590110356,H03
0.00420016197646225,0.35126131155810514,0.2387140219688738,0.04130879448374661,0.0,0.0,0.017901783511877104,0.0,0.004895012631737433,0.00817544077115523,0.008544642491633522,0.799921023802069,H04
0.00420016197646225,0.35126131155810514,0.2387140219688738,0.04130879448374661,0.0,0.0,0.017901783511877104,0.0,0.004895012631737433,0.00817544077115523,0.008544642491633522,0.799921023802069,H04
0.00420016197646225,0.35126131155810514,0.2387140219688738,0.04130879448374661,0.0,0.0,0.017901783511877104,0.0,0.004895012631737433,0.00817544077115523,0.008544642491633522,0.799921023802069,H04
0.0,0.0,0.5544379633582204,0.0,0.0,0.0,0.8899532125768979,0.0,0.5583343877516207,0.012576389422710084,0.3596304241993611,0.33378783554484165,H05
0.0,0.0,0.5544379633582204,0.0,0.0,0.0,0.8899532125768979,0.0,0.5583343877516207,0.012576389422710084,0.3596304241993611,0.33378783554484165,H05
0.0,0.0,0.5544379633582204,0.0,0.0,0.0,0.8899532125768979,0.0,0.5583343877516207,0.012576389422710084,0.3596304241993611,0.33378783554484165,H05
0.0,0.1792488432268441,0.06282589384595853,0.011794723181483745,0.15590581433932144,0.0,0.0,0.0,0.05206655157654503,0.0,0.11176021741912665,0.7061645306421933,H06
0.0,0.1792488432268441,0.06282589384595853,0.011794723181483745,0.15590581433932144,0.0,0.0,0.0,0.05206655157654503,0.0,0.11176021741912665,0.7061645306421933,H06
0.0,0.1792488432268441,0.06282589384595853,0.011794723181483745,0.15590581433932144,0.0,0.0,0.0,0.05206655157654503,0.0,0.11176021741912665,0.7061645306421933,H06
0.0,0.0,0.5726320414196087,0.006827669678838893,0.0,0.0,0.0,0.0,0.0,0.8538809898735121,0.0,0.42128220500454766,H01
0.0,0.0,0.5726320414196087,0.006827669678838893,0.0,0.0,0.0,0.0,0.0,0.8538809898735121,0.0,0.42128220500454766,H01
0.0,0.0,0.5726320414196087,0.006827669678838893,0.0,0.0,0.0,0.0,0.0,0.8538809898735121,0.0,0.42128220500454766,H01
0.7169095363829086,0.13583355881960882,0.3680176715285192,0.038233111087983336,0.0,0.0,0.0,0.0,0.0,0.37464713704690067,0.1453012466534066,0.37882721676128583,H02
0.7169095363829086,0.13583355881960882,0.3680176715285192,0.038233111087983336,0.0,0.0,0.0,0.0,0.0,0.37464713704690067,0.1453012466534066,0.37882721676128583,H02
0.7169095363829086,0.13583355881960882,0.3680176715285192,0.038233111087983336,0.0,0.0,0.0,0.0,0.0,0.37464713704690067,0.1453012466534066,0.37882721676128583,H02
0.9449887837354196,0.0,0.4544127448934889,0.09836616910045409,0.0,0.0,0.0,0.0,0.002291132282887503,0.0,0.7083743683507238,0.22552830932125573,H03
0.9449887837354196,0.0,0.4544127448934889,0.09836616910045409,0.0,0.0,0.0,0.0,0.002291132282887503,0.0,0.7083743683507238,0.22552830932125573,H03
0.9449887837354196,0.0,0.4544127448934889,0.09836616910045409,0.0,0.0,0.0,0.0,0.002291132282887503,0.0,0.7083743683507238,0.22552830932125573,H03
0.7836867451991033,0.5635207039739311,0.5901449743888963,0.04017262285458512,0.0,0.0,0.018674189480306334,0.0,0.0,0.31619078771707376,0.013486491072541325,0.2962280724485386,H04
0.7836867451991033,0.5635207039739311,0.5901449743888963,0.04017262285458512,0.0,0.0,0.018674189480306334,0.0,0.0,0.31619078771707376,0.013486491072541325,0.2962280724485386,H04
0.7836867451991033,0.5635207039739311,0.5901449743888963,0.04017262285458512,0.0,0.0,0.018674189480306334,0.0,0.0,0.31619078771707376,0.013486491072541325,0.2962280724485386,H04
0.0,0.0,0.5712336417871915,0.0,0.0,0.0,0.8431224130485683,0.0,0.0,0.9334863666794213,0.8296573981353355,0.08021468174884663,H05
0.0,0.0,0.5712336417871915,0.0,0.0,0.0,0.8431224130485683,0.0,0.0,0.9334863666794213,0.8296573981353355,0.08021468174884663,H05
0.0,0.0,0.5712336417871915,0.0,0.0,0.0,0.8431224130485683,0.0,0.0,0.9334863666794213,0.8296573981353355,0.08021468174884663,H05
0.0,0.19004226945370103,0.12664303459643655,0.018537506523198827,0.0,0.0,0.0,0.0,0.0,0.017328062633435993,0.21124695743028885,0.6590779939612481,H06
0.0,0.19004226945370103,0.12664303459643655,0.018537506523198827,0.0,0.0,0.0,0.0,0.0,0.017328062633435993,0.21124695743028885,0.6590779939612481,H06
0.0,0.19004226945370103,0.12664303459643655,0.018537506523198827,0.0,0.0,0.0,0.0,0.0,0.017328062633435993,0.21124695743028885,0.6590779939612481,H06
